method,noise_fraction,total_n,n_attempted,n_successful,completion_rate,macro_target_f1_median,macro_target_f1_min,macro_target_f1_max,macro_target_purity_median,macro_target_purity_min,macro_target_purity_max,macro_target_coverage_median,macro_target_coverage_min,macro_target_coverage_max,target_discovery_rate_median,target_discovery_rate_min,target_discovery_rate_max,noise_evidence_f1_median,noise_evidence_f1_min,noise_evidence_f1_max,predicted_cluster_count_median,predicted_cluster_count_min,predicted_cluster_count_max,unmatched_predicted_cluster_count_median,unmatched_predicted_cluster_count_min,unmatched_predicted_cluster_count_max
StrataSCAN,0.99,30000,5,5,1.0,0.9794670444837458,0.9487748057335686,0.991556854501017,1.0,1.0,1.0,0.96,0.9033333333333332,0.9833333333333334,1.0,1.0,1.0,0.9995624074323414,0.99939367399872,0.999865338001616,4.0,3.0,8.0,1.0,0.0,5.0
OPTICS,0.99,30000,5,5,1.0,0.9434697855750488,0.8989630715063447,1.0,1.0,1.0,1.0,0.9033333333333332,0.8166666666666668,1.0,1.0,1.0,1.0,0.9935956084172004,0.9921185104832284,0.9959441646669144,9.0,8.0,11.0,6.0,5.0,8.0
kNN-DBSCAN,0.99,30000,5,5,1.0,0.986446094903538,0.9558518095055532,0.9966499162479062,1.0,1.0,1.0,0.9733333333333332,0.92,0.9933333333333332,1.0,1.0,1.0,0.6727134623117823,0.6699505183261312,0.6773532816813608,1852.0,1828.0,1854.0,1849.0,1825.0,1851.0
DBSCAN,0.99,30000,5,5,1.0,0.9949748743718592,0.9949579547569496,0.9983249581239532,1.0,1.0,1.0,0.99,0.99,0.9966666666666668,1.0,1.0,1.0,0.4870743448029952,0.4865098978369978,0.4942971561818827,1937.0,1904.0,1987.0,1934.0,1901.0,1984.0
SNN-DBSCAN,0.99,30000,5,5,1.0,0.9915909513899464,0.8913867583531694,0.9966329966329966,1.0,1.0,1.0,0.9833333333333334,0.8333333333333334,0.9933333333333332,1.0,1.0,1.0,0.1146375523676526,0.1137323384664232,0.1277574688012101,570.0,545.0,594.0,567.0,542.0,591.0
VDBSCAN-2007,0.99,30000,5,5,1.0,1.0,0.9983249581239532,1.0,1.0,1.0,1.0,1.0,0.9966666666666668,1.0,1.0,1.0,1.0,0.0289999336385957,0.027430013615382,0.0293278481852564,77.0,56.0,85.0,74.0,53.0,82.0
HDBSCAN,0.99,30000,5,5,1.0,1.0,0.6710963455149502,1.0,1.0,0.6688963210702341,1.0,1.0,1.0,1.0,1.0,0.6666666666666666,1.0,0.0,0.0,0.0002019997980002,5.0,4.0,5.0,2.0,1.0,2.0
kNN+Leiden,0.99,30000,5,5,1.0,1.0,1.0,1.0,1.0,1.0,1.0,1.0,1.0,1.0,1.0,1.0,1.0,0.0,0.0,0.0,38.0,36.0,41.0,35.0,33.0,38.0
AMD-DBSCAN,0.99,30000,5,3,0.6,0.3421926910299003,0.0088301188922879,0.3421926910299003,0.3377926421404682,0.0044444938277091,0.3377926421404682,1.0,0.6666666666666666,1.0,0.3333333333333333,0.0,0.3333333333333333,0.0,0.0,0.0,3.0,2.0,3.0,0.0,0.0,0.0
