dataset_id,stratascan_target_f1,best_other_target_f1,best_other_methods,stratascan_minus_best_other
levine,0.1901834180369206,0.0357477563511592,DBSCAN,0.1544356616857614
mosmann,0.5654761904761905,0.4295302013422818,SNN-DBSCAN,0.13594598913390865
nilsson,0.5168800931315483,0.1327469012395042,kNN+Leiden,0.3841331918920441
samusik_01,0.2033431136404888,0.282529892247133,kNN+Leiden,-0.07918677860664419
samusik_02,0.005467955239064,0.3173733770112808,kNN+Leiden,-0.3119054217722168
samusik_03,0.0054839509232866,0.3179776769646023,kNN+Leiden,-0.3124937260413157
samusik_04,0.2020834725757677,0.3109619016832572,kNN+Leiden,-0.10887842910748952
samusik_05,0.2439836868912818,0.2928609610928294,kNN+Leiden,-0.04887727420154758
samusik_06,0.2554183827611961,0.2777600583038859,kNN+Leiden,-0.022341675542689787
samusik_07,0.2235177217065448,0.2913448140816368,kNN+Leiden,-0.06782709237509202
samusik_08,0.2475672756236981,0.2525831643735644,kNN+Leiden,-0.005015888749866276
samusik_09,0.199363908798741,0.284008484009629,kNN+Leiden,-0.08464457521088803
samusik_10,0.0083184921341644,0.2469422635929816,kNN+Leiden,-0.2386237714588172
