dataset_id,method,seed,n,visual_run_status,visual_pairwise_f1,visual_runtime_seconds,visual_clusters,frozen_benchmark_status,frozen_benchmark_pairwise_f1,frozen_benchmark_runtime_seconds,absolute_pairwise_f1_delta,error
multidensity_2d__quality__n50000,DBSCAN,42,50000,ok,0.9560970443697842,1.0482080999972823,2323,ok,0.9560970443697842,0.7390741999988677,0.0,
multidensity_2d__quality__n50000,HDBSCAN,42,50000,ok,0.9014224750591905,23.67140609999842,234,ok,0.9014224750591904,17.08305110000947,1.1102230246251565e-16,
multidensity_2d__quality__n50000,OPTICS,42,50000,ok,0.5795647596440733,64.17237670000031,6,ok,0.5795647596440733,44.866243600001326,0.0,
multidensity_2d__quality__n50000,SNN-DBSCAN,42,50000,ok,0.05512389567040444,1.8721082000010938,1255,ok,0.0551238956704044,0.6504736000060802,4.163336342344337e-17,
multidensity_2d__quality__n50000,VDBSCAN-2007,42,50000,ok,0.040168161117769975,1.1092855999995663,127,ok,0.0401681611177699,0.8079962999909185,7.632783294297951e-17,
multidensity_2d__quality__n50000,StrataSCAN,42,50000,ok,0.7986000278623603,5.670810899999196,15,ok,0.7986000278623603,5.427988099999766,0.0,
ultrasparse_16d__quality__n50000,DBSCAN,42,50000,ok,0.9226212513883746,14.831610799999908,11,ok,0.9226212513883746,11.5071639999951,0.0,
ultrasparse_16d__quality__n50000,HDBSCAN,42,50000,ok,0.9827988957315779,199.82753439999942,65,ok,0.982798895731578,119.34554769999522,1.1102230246251565e-16,
ultrasparse_16d__quality__n50000,OPTICS,42,50000,ok,0.9713983192570634,44.42463669999779,94,ok,0.9713983192570634,27.02583430000232,0.0,
ultrasparse_16d__quality__n50000,SNN-DBSCAN,42,50000,ok,0.0,5.991602500002045,0,ok,0.0,3.0677523000049405,0.0,
ultrasparse_16d__quality__n50000,VDBSCAN-2007,42,50000,ok,0.0004615050144570851,24.45040130000052,5,ok,0.000461505014457,15.591637899997297,8.51098705401121e-17,
ultrasparse_16d__quality__n50000,StrataSCAN,42,50000,ok,0.9873124909640084,7.153399400001945,12,ok,0.9873124909640084,6.2076397000000725,0.0,
overlapping_density_16d__quality__n50000,DBSCAN,42,50000,ok,0.2674201608430328,14.166507599999022,104,ok,0.2674201608430328,18.35173950000899,0.0,
overlapping_density_16d__quality__n50000,HDBSCAN,42,50000,ok,0.22875974432786939,55.66645689999859,89,ok,0.2287597443278693,77.3125211000006,8.326672684688674e-17,
overlapping_density_16d__quality__n50000,OPTICS,42,50000,ok,0.09626484722479095,39.81765259999884,62,ok,0.0962648472247909,51.07137089999742,5.551115123125783e-17,
overlapping_density_16d__quality__n50000,SNN-DBSCAN,42,50000,ok,0.0,4.700930800001515,0,ok,0.0,5.78599309999845,0.0,
overlapping_density_16d__quality__n50000,VDBSCAN-2007,42,50000,ok,0.01129916737612594,13.841254899998603,1,ok,0.0112991673761259,18.202775699988702,3.9898639947466563e-17,
overlapping_density_16d__quality__n50000,StrataSCAN,42,50000,ok,0.0797340937585896,76.43637040000249,4,ok,0.0797340937585896,84.25075100000004,0.0,
moons_2d__quality__n50000,DBSCAN,42,50000,ok,0.030829488039086663,0.6518662000016775,1010,ok,0.0308294880390866,0.8976636999868788,6.245004513516506e-17,
moons_2d__quality__n50000,HDBSCAN,42,50000,ok,0.9769602556956677,23.331490600001416,68,ok,0.9769602556956676,29.16029820000404,1.1102230246251565e-16,
moons_2d__quality__n50000,OPTICS,42,50000,ok,1.6333364434615512e-05,80.53677450000032,6,ok,1.6333364434615512e-05,85.33453429999645,0.0,
moons_2d__quality__n50000,SNN-DBSCAN,42,50000,ok,0.00546733956494051,0.9509938999981387,1324,ok,0.0054673395649405,1.0782464000076288,1.0408340855860843e-17,
moons_2d__quality__n50000,VDBSCAN-2007,42,50000,ok,0.7382177757916917,0.9882757999985188,317,ok,0.7382177757916917,1.1567500000091968,0.0,
moons_2d__quality__n50000,StrataSCAN,42,50000,ok,0.9647325648590559,2.923824199999217,6,ok,0.964732564859056,3.054524400000446,1.1102230246251565e-16,
rings_2d__quality__n50000,DBSCAN,42,50000,ok,0.8470088098403714,0.7532071999994514,2252,ok,0.8470088098403714,0.9817187000007834,0.0,
rings_2d__quality__n50000,HDBSCAN,42,50000,ok,0.8197971845240748,23.696197699999175,194,ok,0.8197971845240748,28.95227949999389,0.0,
rings_2d__quality__n50000,OPTICS,42,50000,ok,8.293497455163345e-05,64.63870569999926,8,ok,8.293497455163345e-05,79.43462329999602,0.0,
rings_2d__quality__n50000,SNN-DBSCAN,42,50000,ok,0.022787676860200123,0.945435699999507,1256,ok,0.0227876768602001,0.972062899993034,2.42861286636753e-17,
rings_2d__quality__n50000,VDBSCAN-2007,42,50000,ok,0.06803027903547462,0.8812733000013395,147,ok,0.0680302790354746,1.1574431999906665,2.7755575615628914e-17,
rings_2d__quality__n50000,StrataSCAN,42,50000,ok,0.8927135351930854,2.7037301999989722,4,ok,0.8927135351930854,3.2132170000004407,0.0,
overlap_8d__quality__n50000,DBSCAN,42,50000,ok,0.08405151504598578,9.444760499998665,94,ok,0.0840515150459857,11.212250800002948,8.326672684688674e-17,
overlap_8d__quality__n50000,HDBSCAN,42,50000,ok,0.2780780244486175,34.65901589999703,34,ok,0.2780780244486175,44.66596119999304,0.0,
overlap_8d__quality__n50000,OPTICS,42,50000,ok,3.256338839873993e-05,27.231373400001758,36,ok,3.256338839873993e-05,30.55255809999653,0.0,
overlap_8d__quality__n50000,SNN-DBSCAN,42,50000,ok,0.0,4.137769600001775,0,ok,0.0,4.256595900005777,0.0,
overlap_8d__quality__n50000,VDBSCAN-2007,42,50000,ok,0.28071016117834985,22.04365609999877,2,ok,0.2807101611783498,22.144006200003787,5.551115123125783e-17,
overlap_8d__quality__n50000,StrataSCAN,42,50000,ok,0.7226478109411519,12.792283099999622,112,ok,0.7226478109411519,11.81826809999984,0.0,
imbalanced_16d__quality__n50000,DBSCAN,42,50000,ok,0.36595891041614653,15.331093199998577,19,ok,0.3659589104161465,18.29808489998686,5.551115123125783e-17,
imbalanced_16d__quality__n50000,HDBSCAN,42,50000,ok,0.992642964740471,193.31320219999907,43,ok,0.992642964740471,206.7608959999925,0.0,
imbalanced_16d__quality__n50000,OPTICS,42,50000,ok,0.4015981891200161,47.24845060000007,8,ok,0.4015981891200161,44.33674100000644,0.0,
imbalanced_16d__quality__n50000,SNN-DBSCAN,42,50000,ok,0.0,6.324432699999306,0,ok,0.0,7.041476800004602,0.0,
imbalanced_16d__quality__n50000,VDBSCAN-2007,42,50000,ok,0.04083095492762188,25.76869799999986,8,ok,0.0408309549276218,28.65059219999239,7.632783294297951e-17,
imbalanced_16d__quality__n50000,StrataSCAN,42,50000,ok,0.6804930935647201,24.207161799997266,72,ok,0.6804930935647201,20.354355500000565,0.0,
