cell_id,topology,density_ratio,noise_fraction,n,method,seeds_completed,hungarian_mean,hungarian_sd,pairwise_mean,pairwise_sd,noise_mean,noise_sd,ratio_mean,ratio_sd,runtime_median_s,runtime_max_s,peak_rss_median_mb,fragments_mean,merges_mean
anisotropic_ellipses_screen,anisotropic_ellipses,1.0,0.75,7200,DBSCAN,4,0.9658292691331489,0.00186462187386027,0.8869790523856235,0.0027251565243502866,0.47171298887603996,0.01077301391862872,55.916666666666664,0.7391185942027841,0.092104150004161,0.1016128000046592,188.42578125,0.0,0.0
anisotropic_ellipses_screen,anisotropic_ellipses,1.0,0.75,7200,HDBSCAN,4,0.9502535301060455,0.01107832893698443,0.6725539885868559,0.056262028825676845,0.5809500851654872,0.04103087385572541,6.208333333333333,0.15957118462605613,0.6051855999976397,0.7647855000104755,185.814453125,0.0,0.0
anisotropic_ellipses_screen,anisotropic_ellipses,1.0,0.75,7200,OPTICS,4,0.8730128809144053,0.02768479038168506,0.8588566753102131,0.024630811008376913,0.9682577989049901,0.0033024119700834527,1.2083333333333335,0.08333333333333322,9.580427900000359,12.083428900004948,185.046875,0.25,0.0
anisotropic_ellipses_screen,anisotropic_ellipses,1.0,0.75,7200,SNN-DBSCAN,4,0.6883981340764631,0.08682171838358602,0.44621894937816237,0.09205236947672327,0.17342497763592626,0.004004797897428302,25.25,1.308802109932193,0.1084859499969752,0.1446839999989606,230.0390625,12.5,0.0
anisotropic_ellipses_screen,anisotropic_ellipses,1.0,0.75,7200,StrataSCAN,4,0.8961619086928552,0.08755305194735755,0.857062144353196,0.1188406332530523,0.995883337203123,0.0009896325330663997,2.0416666666666665,1.0918468892796411,4.329133999999613,7.767021399995428,234.185546875,5.0,0.0
anisotropic_ellipses_screen,anisotropic_ellipses,1.0,0.75,7200,VDBSCAN-2007,4,0.9928360084968807,0.0024804933255290736,0.0418828407652383,0.0015479317962874964,0.03725571178998845,0.00046049833362904995,4.375,0.7248882417055493,0.1404474499940988,0.177950299999793,187.158203125,0.0,0.0
anisotropic_ellipses_screen,anisotropic_ellipses,1.0,0.75,7200,kNN+Leiden,4,0.7193418731341894,0.02136810405413898,0.15933741116709446,0.010473525397127146,0.0,0.0,3.8333333333333335,0.23570226039551592,0.4190523000070243,1.0457450999965658,240.486328125,6.0,0.0
anisotropic_ellipses_screen,anisotropic_ellipses,1.0,0.75,7200,kNN-DBSCAN,4,0.9808602345061023,0.017984310850932633,0.9678751486537468,0.025571967607271276,0.998099606859022,0.00043234370627393166,1.2916666666666667,0.2846375212766555,0.04085055000177815,0.0581554000091273,184.970703125,1.25,0.0
anisotropic_ellipses_screen,anisotropic_ellipses,1.0,0.95,36000,DBSCAN,4,0.9318685142340863,0.013826958816233617,0.6486577701263407,0.01774519920689138,0.46670578720772316,0.005524167491554454,351.7083333333333,2.2126530078919506,0.5050524999969639,0.5224719999969238,195.23046875,0.0,0.0
anisotropic_ellipses_screen,anisotropic_ellipses,1.0,0.95,36000,HDBSCAN,4,0.874864961332793,0.02907914287218903,0.2352348029262692,0.025468114548991727,0.5533969679644182,0.009329695112641428,34.62499999999999,2.4051449482769627,13.616715099997236,16.973194099991815,189.150390625,0.0,0.0
anisotropic_ellipses_screen,anisotropic_ellipses,1.0,0.95,36000,OPTICS,4,0.8445826428218983,0.06832481944217186,0.8293074153362001,0.048364229894798,0.9909843979652448,0.0020629290001122342,1.9166666666666665,0.28867513459481275,43.14636189999874,52.36599639999622,194.921875,0.25,0.0
anisotropic_ellipses_screen,anisotropic_ellipses,1.0,0.95,36000,SNN-DBSCAN,4,0.6596759201731345,0.07994771302434399,0.1565311494125884,0.03324631902531478,0.17064793643004356,0.0035087007224159816,147.20833333333331,4.987716392780855,0.6555969000037294,0.7926282999978866,275.55859375,13.25,0.0
anisotropic_ellipses_screen,anisotropic_ellipses,1.0,0.95,36000,StrataSCAN,4,0.9635833448063833,0.00459274297406218,0.9283227600600827,0.00902821416408732,0.998133734319252,0.00023098873948888146,1.0416666666666667,0.08333333333333338,2.450849200002267,2.9625519000110216,262.95703125,0.0,0.0
anisotropic_ellipses_screen,anisotropic_ellipses,1.0,0.95,36000,VDBSCAN-2007,4,0.9789459873415766,0.00383663226532359,0.000942757883040675,1.762320977652129e-05,0.024389811599440123,0.0018379196086787235,12.375,1.1970256348008468,0.9168109499951242,1.3338723000051689,197.455078125,0.0,0.0
anisotropic_ellipses_screen,anisotropic_ellipses,1.0,0.95,36000,kNN+Leiden,4,0.7676772956625835,0.009613612466871433,0.025089819406561076,0.0016998525924663552,0.0,0.0,6.041666666666667,0.28463752127665537,4.282263750006678,9.777760800003309,339.111328125,0.5,0.0
anisotropic_ellipses_screen,anisotropic_ellipses,1.0,0.95,36000,kNN-DBSCAN,4,0.9495770842042284,0.013446900757525145,0.8177424687750197,0.018021589836923684,0.7268163575226757,0.003051139074186919,318.625,5.647639624952468,0.18844469999748975,0.2396599999919999,193.748046875,1.0,0.0
anisotropic_ellipses_screen,anisotropic_ellipses,1.0,0.99,180000,DBSCAN,4,0.8703921219398848,0.010652546619032697,0.312862182164062,0.005255489229445634,0.4792023178186315,0.0010160795361320997,1869.125,16.899142537966846,4.094629049999639,4.6652186999999685,236.263671875,0.0,0.0
anisotropic_ellipses_screen,anisotropic_ellipses,1.0,0.99,180000,SNN-DBSCAN,4,0.6114869762266344,0.07158019823856134,0.040845209582475825,0.012227137349269902,0.17620564901502464,0.002421400125718369,790.875,11.42882564201395,5.104804499998863,10.91139330000442,361.744140625,15.0,0.0
anisotropic_ellipses_screen,anisotropic_ellipses,1.0,0.99,180000,StrataSCAN,4,0.8768678240871091,0.016289639652188017,0.7671394348172185,0.03228047311060366,0.9988416605948593,0.000148342458783866,1.25,0.5,11.40848810000898,14.191288899994106,415.365234375,0.5,0.0
anisotropic_ellipses_screen,anisotropic_ellipses,1.0,0.99,180000,VDBSCAN-2007,4,0.6414604878551049,0.42800743678425507,2.59283216163994e-05,6.409090924947053e-06,0.022830774465464877,0.0009696555818738305,65.33333333333333,8.433838368716202,8.100784149995889,16.383984999993118,253.953125,6.75,1.0
anisotropic_ellipses_screen,anisotropic_ellipses,1.0,0.99,180000,kNN+Leiden,4,0.19434058309988728,0.04626530066227935,0.00168871782087625,4.539341339588945e-05,0.0,0.0,9.166666666666666,0.23570226039551584,117.70884450000449,122.59848839999177,839.927734375,0.0,1.5
anisotropic_ellipses_screen,anisotropic_ellipses,1.0,0.99,180000,kNN-DBSCAN,4,0.8978338831726538,0.008527645152162939,0.5016433245200989,0.007288426625936026,0.6860091727893494,0.0017400731839531602,1771.875,15.083947194383942,2.03024860000005,4.340646099997684,220.611328125,0.5,0.0
gaussian_density_r16,compact_gaussian,16.0,0.95,36000,DBSCAN,4,0.9635026374697335,0.005952982668692382,0.6784147515935672,0.006988924117941948,0.46197525194051975,0.00514252815369679,351.95833333333337,2.3228933107943814,0.8690707499990822,1.0559356000012483,197.81640625,0.0,0.0
gaussian_density_r16,compact_gaussian,16.0,0.95,36000,HDBSCAN,4,0.9113447088986891,0.03870451919955205,0.24083309088029523,0.027207822901203552,0.5541178315685079,0.008565736473067182,34.83333333333333,2.5349410103444083,20.86861990000034,22.949693499991557,190.10546875,0.0,0.0
gaussian_density_r16,compact_gaussian,16.0,0.95,36000,OPTICS,4,0.9603251071424713,0.04819408039252571,0.9395958492422876,0.03610251008326954,0.9946433958220862,0.0018442873587222882,1.875,0.25,77.26704174999759,85.4326652000018,193.27734375,0.0,0.0
gaussian_density_r16,compact_gaussian,16.0,0.95,36000,SNN-DBSCAN,4,0.5589406540511452,0.0550517410199161,0.1060228105460378,0.02941400732866107,0.1694456125361402,0.0034673107543213085,149.625,5.072392597844398,0.9359666000018478,1.022210700000869,276.58203125,23.5,0.0
gaussian_density_r16,compact_gaussian,16.0,0.95,36000,StrataSCAN,4,0.9879581536057889,0.003677879049670378,0.9758015758277132,0.007601226286102433,0.999169723990067,0.0004226431710669869,1.4583333333333333,0.5159493228057418,4.812590450004791,7.328399300007732,267.375,0.0,0.0
gaussian_density_r16,compact_gaussian,16.0,0.95,36000,VDBSCAN-2007,4,0.993639366637979,0.0021828720557211744,0.0009745044371817,5.999876443229778e-06,0.023547938218745176,0.0018609622225674275,11.541666666666666,0.7978559231302818,1.360851500008721,1.7597396000055596,198.125,0.0,0.0
gaussian_density_r16,compact_gaussian,16.0,0.95,36000,kNN+Leiden,4,0.9167648512508737,0.055050162887278924,0.026509928611825627,0.0007479678800534245,0.0,0.0,6.333333333333334,0.1924500897298753,8.469991750003828,15.194037000008391,338.986328125,0.0,0.0
gaussian_density_r16,compact_gaussian,16.0,0.95,36000,kNN-DBSCAN,4,0.9824072688704883,0.0036272918801739675,0.8689912082021953,0.008647709654968657,0.7261628036955388,0.0029792471924636093,320.3333333333333,5.4484112533090885,0.27702709999721264,0.3114251999941189,192.751953125,0.0,0.0
gaussian_density_r16,compact_gaussian,16.0,0.99,180000,DBSCAN,4,0.9422254694066134,0.0018463360086194288,0.32712924793759857,0.0029166521223237076,0.47034576959586516,0.0011081960080745817,1865.0,16.015617378046937,5.801438800001051,7.460326900007203,237.982421875,0.0,0.0
gaussian_density_r16,compact_gaussian,16.0,0.99,180000,SNN-DBSCAN,4,0.5300153266051827,0.049063195895600424,0.026336181888616673,0.005220931009910581,0.1756033512827725,0.002433017355004526,794.0833333333333,10.760438515090168,6.193112200002361,6.8412882999982685,360.70703125,25.75,0.0
gaussian_density_r16,compact_gaussian,16.0,0.99,180000,StrataSCAN,4,0.9664683732831271,0.011829053195461877,0.9361280501333069,0.018380262683961066,0.9996295304808056,6.487255354188308e-05,1.8333333333333333,0.40824829046386296,17.420288449997315,25.020450099997102,507.037109375,0.25,0.0
gaussian_density_r16,compact_gaussian,16.0,0.99,180000,VDBSCAN-2007,4,0.9457850051589131,0.009467673454228845,3.104393314721942e-05,6.782623314009215e-07,0.0212636567917084,0.0011886209294666953,55.166666666666664,0.8277591347639651,8.574066150002182,10.572536499996204,254.76171875,2.75,1.0
gaussian_density_r16,compact_gaussian,16.0,0.99,180000,kNN+Leiden,4,0.14883181566435855,0.014544477798597478,0.00172097084983735,4.8465836965963195e-05,0.0,0.0,9.25,0.21516574145596726,138.95085059999838,225.866168099994,840.796875,0.0,1.5
gaussian_density_r16,compact_gaussian,16.0,0.99,180000,kNN-DBSCAN,4,0.9593986829132444,0.0033022904860330357,0.5515738243693704,0.0016463922137076958,0.6857473592821851,0.0017728652627130824,1775.875,15.498133101429714,2.2215591999993194,2.508929999996326,221.318359375,0.0,0.0
gaussian_density_r64,compact_gaussian,64.0,0.95,36000,DBSCAN,4,0.9647591423882157,0.00633498387368603,0.6780493798680137,0.0067015871109768746,0.4605135034919643,0.004987808850883529,351.75,2.481412381569719,0.6862173499976052,0.7940987999900244,198.029296875,0.0,0.0
gaussian_density_r64,compact_gaussian,64.0,0.95,36000,HDBSCAN,4,0.9167163259716922,0.0333974486395154,0.24195839580606182,0.026619844577227263,0.5556375909686824,0.007539066095915395,34.75,2.525792871482068,17.03028794999409,17.89576840000518,189.3359375,0.0,0.0
gaussian_density_r64,compact_gaussian,64.0,0.95,36000,OPTICS,4,0.9576929154314595,0.04596443364839423,0.9350214779351729,0.033598954624014826,0.9945281863838955,0.0017603299109714083,1.875,0.25,60.00840684999275,62.12151240000094,194.43359375,0.0,0.0
gaussian_density_r64,compact_gaussian,64.0,0.95,36000,SNN-DBSCAN,4,0.5557070011312858,0.057917185555781604,0.10453665390362585,0.029403884710594557,0.1692017257458445,0.0037405897693837237,149.83333333333334,4.9234886758010035,0.8090535000010277,1.089036400007899,275.72265625,24.0,0.0
gaussian_density_r64,compact_gaussian,64.0,0.95,36000,StrataSCAN,4,0.9797825365272883,0.012653277314047286,0.9673072346105458,0.013641333914533656,0.9992874770035278,0.00018554182509398647,1.25,0.3967460238079361,3.3501642500050366,5.250755999993999,265.1796875,0.25,0.0
gaussian_density_r64,compact_gaussian,64.0,0.95,36000,VDBSCAN-2007,4,0.9942520378882181,0.001482052492412924,0.000972665535661275,9.646500363326443e-06,0.02340502170496645,0.0020100167136878036,11.333333333333334,0.6666666666666671,1.0915087500034133,1.1427495999960229,197.849609375,0.0,0.0
gaussian_density_r64,compact_gaussian,64.0,0.95,36000,kNN+Leiden,4,0.8866144753094133,0.054821961956068456,0.02471625518441875,0.001094012912355803,0.0,0.0,5.875,0.24999999999999994,6.920708099998592,8.871151200000895,338.236328125,0.0,0.0
gaussian_density_r64,compact_gaussian,64.0,0.95,36000,kNN-DBSCAN,4,0.9838716436966441,0.003683515361656097,0.8713766443946573,0.008634436723383251,0.7261864468014256,0.003001738519452191,320.4166666666667,5.4509598203401595,0.23076134999428172,0.2695494999934453,193.7734375,0.0,0.0
gaussian_density_r64,compact_gaussian,64.0,0.99,180000,DBSCAN,4,0.9494992776244737,0.002298022290787841,0.32657305745272985,0.0018191104704075424,0.4678947190191265,0.0010625062793150736,1862.2083333333333,15.886970552416038,5.595289250006317,5.8668326000042725,238.541015625,0.0,0.0
gaussian_density_r64,compact_gaussian,64.0,0.99,180000,SNN-DBSCAN,4,0.5449028006972788,0.04181955018237557,0.026784257730120227,0.004961555753969469,0.17565401349474874,0.002375977737336535,793.9166666666667,10.887046329366795,6.655472350001219,6.769704599995748,360.962890625,25.0,0.0
gaussian_density_r64,compact_gaussian,64.0,0.99,180000,StrataSCAN,4,0.96201103276168,0.030581939997378363,0.9362444669812314,0.03801950636535609,0.9996121451944787,0.00020862045511329963,1.4583333333333333,0.5989960736902171,16.58717335000256,23.205595699997502,416.587890625,0.0,0.0
gaussian_density_r64,compact_gaussian,64.0,0.99,180000,VDBSCAN-2007,4,0.9573027018721839,0.009767177841014184,3.213692392813939e-05,6.680004021024185e-07,0.020969733824900326,0.0011942064563251282,53.87499999999999,0.4787135538781699,9.43139125000016,9.586487500011572,254.5703125,2.0,1.0
gaussian_density_r64,compact_gaussian,64.0,0.99,180000,kNN+Leiden,4,0.2242381990940848,0.15019093273555773,0.00168172712575745,5.2322109587448496e-05,0.0,0.0,9.25,0.21516574145596806,138.03109080000286,162.6117540999985,839.6640625,0.0,1.75
gaussian_density_r64,compact_gaussian,64.0,0.99,180000,kNN-DBSCAN,4,0.9664526927824174,0.00263984561184819,0.5563790136510511,0.0008787714484410981,0.685738815059109,0.0018036813534482651,1776.375,15.855466985659296,2.7531902999980957,2.801527799994801,219.779296875,0.0,0.0
gaussian_noise_curve_r4,compact_gaussian,4.0,0.5,3600,DBSCAN,4,0.6953590567423548,0.013061012732928935,0.5676645822543605,0.004925903063440087,0.8672512985432079,0.0015688598630509492,5.25,0.7515416254704825,0.039100100002542604,0.0393459999904735,184.07421875,2.5,0.0
gaussian_noise_curve_r4,compact_gaussian,4.0,0.5,3600,HDBSCAN,4,0.9738376977593803,0.011716388521570207,0.8804476420811382,0.017244757298875795,0.6888453893570656,0.03895652399618341,2.4166666666666665,0.3191423692521127,0.13903754999773804,0.1680335999990347,183.619140625,0.0,0.0
gaussian_noise_curve_r4,compact_gaussian,4.0,0.5,3600,OPTICS,4,0.9276107402991184,0.10765802059719787,0.923780419134973,0.08307410627567471,0.9557783924467033,0.05324470927323948,1.0,0.0,4.682827999997244,5.278407000005245,183.890625,0.0,0.0
gaussian_noise_curve_r4,compact_gaussian,4.0,0.5,3600,SNN-DBSCAN,4,0.5504279284063219,0.06597173461860117,0.342240459691453,0.08311461164509086,0.17122035891474102,0.01539969678837729,11.5,1.0886621079036352,0.06273355000303121,0.0673405999987153,228.25390625,23.75,0.0
gaussian_noise_curve_r4,compact_gaussian,4.0,0.5,3600,StrataSCAN,4,0.9543022339505864,0.03360295737002198,0.9313256949338933,0.04539957031073007,0.9910388741287092,0.0027519007289696605,1.4583333333333333,0.3695592971013909,0.8213262499994016,0.9579420999943976,223.029296875,1.5,0.0
gaussian_noise_curve_r4,compact_gaussian,4.0,0.5,3600,VDBSCAN-2007,4,0.8954421589087929,0.006068152229001348,0.3143747425712089,0.10423226767660856,0.07918300950122817,0.011187850787523445,8.666666666666666,0.8498365855987976,0.07133315000100984,0.0994291999959386,184.6953125,5.5,0.0
gaussian_noise_curve_r4,compact_gaussian,4.0,0.5,3600,kNN+Leiden,4,0.9772203945429765,0.004550730723473688,0.5362246384180095,0.038969634475909974,0.0,0.0,1.5833333333333335,0.09622504486493763,0.20422329999564676,0.2630207999900449,226.953125,0.0,0.0
gaussian_noise_curve_r4,compact_gaussian,4.0,0.5,3600,kNN-DBSCAN,4,0.5528047536245266,0.02882340376370743,0.41822686444423485,0.031176961370732868,0.8463033953749015,0.003957170997627401,7.708333333333333,1.4361406616345076,0.0210922999976901,0.0258228000020608,183.455078125,5.75,0.0
gaussian_noise_curve_r4,compact_gaussian,4.0,0.75,7200,DBSCAN,4,0.9775184448631072,0.002565793195073945,0.9073528711943469,0.005035921730963346,0.47197067657456077,0.011895475205734515,56.416666666666664,0.9953596037316103,0.12346855000214416,0.1289555999974254,189.107421875,0.0,0.0
gaussian_noise_curve_r4,compact_gaussian,4.0,0.75,7200,HDBSCAN,4,0.9500594878971979,0.015145192425618443,0.6694603350719274,0.05605309039080234,0.5728948374042518,0.0298373781274211,6.333333333333333,0.36004114991154734,0.5373625499996706,0.6129842000082135,185.533203125,0.0,0.0
gaussian_noise_curve_r4,compact_gaussian,4.0,0.75,7200,OPTICS,4,0.9548115055524764,0.06241345121511823,0.9485945038009871,0.045552392415801474,0.9850090248919552,0.013282060003548552,1.1666666666666667,0.13608276348795428,10.349151350004831,11.118518999996011,185.3515625,0.0,0.0
gaussian_noise_curve_r4,compact_gaussian,4.0,0.75,7200,SNN-DBSCAN,4,0.5493780486507983,0.06638845056630197,0.2880277020101957,0.07044819368216924,0.17650663079570855,0.0013185075314862769,28.041666666666664,1.8225694113693591,0.1352510999931837,0.1414909000013722,230.68359375,23.75,0.0
gaussian_noise_curve_r4,compact_gaussian,4.0,0.75,7200,StrataSCAN,4,0.9748309389757639,0.020069932238655754,0.9621477364230889,0.025755369169491928,0.9966663619799818,0.0013676052839672263,1.5416666666666665,0.25000000000000006,1.3779037999920547,10.368891299993264,224.20703125,0.75,0.0
gaussian_noise_curve_r4,compact_gaussian,4.0,0.75,7200,VDBSCAN-2007,4,0.9952410392694783,0.0016327678871825052,0.0419436124934695,0.0014258938792298752,0.03618492914938457,0.0006838765887151367,5.083333333333333,0.8443713418650369,0.1724089000053936,0.1905851999908918,189.638671875,0.0,0.0
gaussian_noise_curve_r4,compact_gaussian,4.0,0.75,7200,kNN+Leiden,4,0.9542086554055986,0.0028902084068934126,0.2852138331799477,0.008986758252067658,0.0,0.0,2.9166666666666665,0.0962250448649378,0.40052895000553684,0.5215639000089141,240.369140625,0.0,0.0
gaussian_noise_curve_r4,compact_gaussian,4.0,0.75,7200,kNN-DBSCAN,4,0.9946264050191916,0.004713465195748864,0.9901446900759163,0.007688703051679081,0.9992125812474273,0.0003423785958023944,1.0833333333333335,0.0962250448649377,0.0446274999922025,0.0481515999999828,184.982421875,0.25,0.0
gaussian_noise_curve_r4,compact_gaussian,4.0,0.9,18000,DBSCAN,4,0.9733407318939109,0.008165891114775562,0.8423310616813875,0.013502622540892042,0.5399250437673774,0.0037302957252127694,170.58333333333334,3.116562683945727,0.2166238000063458,0.3365955000044778,192.318359375,0.0,0.0
gaussian_noise_curve_r4,compact_gaussian,4.0,0.9,18000,HDBSCAN,4,0.9265985845184587,0.00904332262746437,0.3985051286451555,0.038067302718381595,0.54865566215198,0.01817551394240569,17.666666666666668,0.7071067811865474,3.230397999999695,3.3706882999977097,186.677734375,0.0,0.0
gaussian_noise_curve_r4,compact_gaussian,4.0,0.9,18000,OPTICS,4,0.9560577066019793,0.05152959633689301,0.937745364794375,0.042810580742362055,0.9926555555809707,0.0025279612215019036,1.4166666666666667,0.21516574145596762,21.073852800000168,23.014974099991377,186.849609375,0.0,0.0
gaussian_noise_curve_r4,compact_gaussian,4.0,0.9,18000,SNN-DBSCAN,4,0.5297283886646601,0.05685693449160191,0.16539225924901318,0.03395887114552883,0.17466851806907663,0.004883155436561525,75.91666666666667,1.8079044550303291,0.2969428500000504,0.34803649999958,247.349609375,24.5,0.0
gaussian_noise_curve_r4,compact_gaussian,4.0,0.9,18000,StrataSCAN,4,0.9791622203023453,0.01583156049707951,0.9678830564040952,0.018656072393660458,0.9989115111526004,0.0002720194427485759,1.3333333333333333,0.13608276348795428,1.4722601000030409,1.8793167999974685,236.138671875,0.5,0.0
gaussian_noise_curve_r4,compact_gaussian,4.0,0.9,18000,VDBSCAN-2007,4,0.9792505371652971,0.03138485316554582,0.004636338132878575,0.0007176144294292815,0.030849870645622952,0.019522524903232755,17.083333333333332,5.864993448261317,0.3988042499986477,0.5001364000054309,190.2421875,0.75,0.0
gaussian_noise_curve_r4,compact_gaussian,4.0,0.9,18000,kNN+Leiden,4,0.9513706633147712,0.018651949000165355,0.07934267354438522,0.00680240614050531,0.0,0.0,4.75,0.2886751345948133,1.493257750000339,3.224621000001207,276.0859375,0.0,0.0
gaussian_noise_curve_r4,compact_gaussian,4.0,0.9,18000,kNN-DBSCAN,4,0.9841838569320311,0.004207027270923338,0.9323431937146688,0.007517530320524798,0.7840520261944022,0.0030173010318087813,133.33333333333334,2.2892664197818364,0.0790960500016808,0.0830561999900965,186.52734375,0.0,0.0
gaussian_noise_curve_r4,compact_gaussian,4.0,0.95,36000,DBSCAN,4,0.9602039920806569,0.007964131720848236,0.6765916427881027,0.008511696134885883,0.4639445653527411,0.005018220239111625,352.1666666666667,3.0307070437746675,0.47118760000012117,0.5742617000069004,197.626953125,0.0,0.0
gaussian_noise_curve_r4,compact_gaussian,4.0,0.95,36000,HDBSCAN,4,0.9088150349808605,0.03789718519813666,0.24080136646197833,0.026985657660008426,0.5544183294292077,0.007317588515592414,34.875,2.773468880234573,12.457470050008851,12.57104119998985,189.59765625,0.0,0.0
gaussian_noise_curve_r4,compact_gaussian,4.0,0.95,36000,OPTICS,4,0.9557242018189467,0.044803428625100034,0.9308851742731489,0.0293446488565854,0.9944139078503633,0.0016559969486601607,1.875,0.25,44.34989569999743,44.80487439999706,193.43359375,0.0,0.0
gaussian_noise_curve_r4,compact_gaussian,4.0,0.95,36000,SNN-DBSCAN,4,0.5341295052378582,0.04929834054938617,0.09670754962775271,0.022280338055988825,0.16970186164223616,0.0032325145119495987,150.04166666666666,4.941088124275037,0.5750790500023868,0.6723872000002302,276.091796875,24.0,0.0
gaussian_noise_curve_r4,compact_gaussian,4.0,0.95,36000,StrataSCAN,4,0.972916563844317,0.02377349075591196,0.9594182994853655,0.02074513433514529,0.9989539967572065,4.8562208442659306e-05,1.4583333333333335,0.20971762320196516,2.7838195500007714,3.3720850000099745,267.81640625,0.25,0.0
gaussian_noise_curve_r4,compact_gaussian,4.0,0.95,36000,VDBSCAN-2007,4,0.9911496216232116,0.0019692073942516185,0.000971284683938975,1.2720038631162988e-05,0.0238475333026735,0.0019161769779563879,11.75,0.7391185942027827,0.761121749994345,0.8733528000011574,197.7890625,0.0,0.0
gaussian_noise_curve_r4,compact_gaussian,4.0,0.95,36000,kNN+Leiden,4,0.8035797535770446,0.04663380652743678,0.025337485877717225,0.0008270487109647321,0.0,0.0,5.875,0.15957118462605602,5.291019950003829,5.644628499998362,337.72265625,0.0,0.0
gaussian_noise_curve_r4,compact_gaussian,4.0,0.95,36000,kNN-DBSCAN,4,0.9776515705818999,0.00488093838194086,0.8613430138400852,0.010541458797316734,0.7262517541135695,0.0029802463202970603,319.95833333333337,5.327036213018884,0.1731316500008688,0.2218262000096729,194.90234375,0.0,0.0
gaussian_noise_curve_r4,compact_gaussian,4.0,0.975,72000,DBSCAN,4,0.9497833985272459,0.0054339411526327,0.5185640106584248,0.008662780621235903,0.4556632572943715,0.0025465727816986142,730.375,8.109636471735532,1.1271418499891297,1.5444130999967456,208.55078125,0.0,0.0
gaussian_noise_curve_r4,compact_gaussian,4.0,0.975,72000,HDBSCAN,4,0.9012118462373728,0.01911606373980547,0.12803420942971824,0.022001614470806962,0.5556721624903078,0.012943839951098917,70.70833333333333,2.204267746054521,48.434773300003144,48.51819679999608,196.619140625,0.0,0.0
gaussian_noise_curve_r4,compact_gaussian,4.0,0.975,72000,OPTICS,4,0.9507430501306267,0.0481004081423492,0.9097498556509116,0.03565978799102115,0.9952345840552872,0.0006264384534223836,2.7916666666666665,0.25,101.81465844999911,102.7215062999894,202.056640625,0.0,0.0
gaussian_noise_curve_r4,compact_gaussian,4.0,0.975,72000,SNN-DBSCAN,4,0.5473601372221617,0.050354072352849624,0.06212226936227557,0.01037817885541913,0.17476412947801356,0.0019274400796727245,312.95833333333337,7.099002277315695,1.3504522000002908,1.3877417000039711,304.08984375,23.0,0.0
gaussian_noise_curve_r4,compact_gaussian,4.0,0.975,72000,StrataSCAN,4,0.9688089118351327,0.017989247947240668,0.9452280979962493,0.020260356703351416,0.9992820747092638,6.1034027758671106e-05,1.5416666666666667,0.3435921354681383,3.8702607000013813,5.375086100000772,309.341796875,0.25,0.0
gaussian_noise_curve_r4,compact_gaussian,4.0,0.975,72000,VDBSCAN-2007,4,0.9779817078222829,0.002951912014870742,0.000219189548149475,2.5137569739961536e-06,0.0204230965814979,0.0005173557383579635,19.416666666666664,1.724013405464769,1.9414181000029203,2.0231205000018235,212.533203125,0.75,0.25
gaussian_noise_curve_r4,compact_gaussian,4.0,0.975,72000,kNN+Leiden,4,0.6669432079461314,0.15538213489992786,0.008052401683310225,0.0002119386976917986,0.0,0.0,7.458333333333334,0.20971762320196521,23.641698100007485,41.25347340000735,458.505859375,0.0,0.0
gaussian_noise_curve_r4,compact_gaussian,4.0,0.975,72000,kNN-DBSCAN,4,0.9681612751382986,0.0025719630609718634,0.7507204241004399,0.0027574992930921257,0.7001553426168036,0.0013933152724927664,687.8333333333333,6.372684764768354,0.4564919499971438,0.5382850000023609,201.904296875,0.0,0.0
gaussian_noise_curve_r4,compact_gaussian,4.0,0.99,180000,DBSCAN,4,0.9286571429604825,0.006352426961711104,0.32733118281499574,0.0029683749953755053,0.47403610700593857,0.000809269201090735,1867.9583333333333,16.912287336814124,4.500552899997274,4.8520198000042,237.701171875,0.0,0.0
gaussian_noise_curve_r4,compact_gaussian,4.0,0.99,180000,SNN-DBSCAN,4,0.48896668963301804,0.04299626052511196,0.0229318341545314,0.003307059162689744,0.17559304520177035,0.0024900587989195827,794.7083333333333,10.73103408775652,5.106328449997818,5.489055199999712,360.884765625,26.5,0.0
gaussian_noise_curve_r4,compact_gaussian,4.0,0.99,180000,StrataSCAN,4,0.9605281425023768,0.005368005194867826,0.9212819203440499,0.011336286928275652,0.9994898074485409,0.00011029878599521156,2.0416666666666665,0.5672382737961705,14.534662999998545,16.38461670000106,456.3515625,0.0,0.0
gaussian_noise_curve_r4,compact_gaussian,4.0,0.99,180000,VDBSCAN-2007,4,0.9269409721734669,0.007840798899631225,2.9054464499221482e-05,6.257531523452613e-07,0.021832029159371977,0.0010689492681108402,59.541666666666664,2.3741470203157364,7.488706399999501,8.771134000009624,254.390625,4.75,1.0
gaussian_noise_curve_r4,compact_gaussian,4.0,0.99,180000,kNN+Leiden,4,0.22029523218261415,0.08065172706472196,0.001753483660280325,3.1803004814792716e-05,0.0,0.0,9.583333333333332,0.09622504486493694,100.7003007500025,134.88893210000242,833.140625,0.0,1.5
gaussian_noise_curve_r4,compact_gaussian,4.0,0.99,180000,kNN-DBSCAN,4,0.9510435058060295,0.0025516478633203043,0.5456334536061739,0.0023274486237992473,0.6857630712761867,0.0017633421582680503,1775.5416666666665,15.4016443326077,1.7615229500006535,1.9646350999973947,219.783203125,0.0,0.0
moon_arcs_screen,moon_arcs,1.0,0.75,7200,DBSCAN,4,0.9797660391998795,0.005547103037539915,0.9112947915684431,0.009931266597894806,0.4798833983469639,0.01105030283416588,57.33333333333333,1.7585768657049408,0.11641005000274154,0.1807433999929344,188.18359375,0.0,0.0
moon_arcs_screen,moon_arcs,1.0,0.75,7200,HDBSCAN,4,0.9567466271244234,0.008016161005944215,0.6504615961897674,0.08120722324949076,0.5534565513207486,0.03325574264611992,6.291666666666667,0.762245707445125,0.4793493000033777,0.7359494999982417,185.740234375,0.0,0.0
moon_arcs_screen,moon_arcs,1.0,0.75,7200,OPTICS,4,0.7312870376063592,0.04835487457642528,0.7481625359616879,0.06283891041156157,0.9447892972938996,0.014979082953188666,1.375,0.3154949081000151,8.001476150006056,14.64094009999826,185.220703125,0.75,0.0
moon_arcs_screen,moon_arcs,1.0,0.75,7200,SNN-DBSCAN,4,0.5882528192057539,0.029715323192918766,0.3405027388635381,0.04518616953787827,0.1843452920672664,0.01268163693174778,27.833333333333332,1.9293061504650373,0.11318900000333085,0.1281018000008771,232.109375,18.75,0.0
moon_arcs_screen,moon_arcs,1.0,0.75,7200,StrataSCAN,4,0.8543693492624881,0.05024511430990942,0.8115099121944965,0.0656821751542016,0.9978272237140098,0.00017658386832880148,2.125,0.3435921354681384,1.139309799997136,2.7565785000042524,231.40234375,5.5,0.0
moon_arcs_screen,moon_arcs,1.0,0.75,7200,VDBSCAN-2007,4,0.9971651012131126,0.0010896243735979564,0.04010571380005437,0.0009316933376605629,0.0320672927431822,0.0026504450946123106,5.375,0.34359213546813827,0.1361207500012824,0.1920338000054471,187.80078125,0.0,0.0
moon_arcs_screen,moon_arcs,1.0,0.75,7200,kNN+Leiden,4,0.7591631286591126,0.026424533275630085,0.16149332559146612,0.01571680856641194,0.0,0.0,3.6666666666666665,0.13608276348795448,0.41883475000213366,0.5200008000101661,240.666015625,5.5,0.0
moon_arcs_screen,moon_arcs,1.0,0.75,7200,kNN-DBSCAN,4,0.9990938223051367,0.000805076209639651,0.9982039084599806,0.0015762635592862352,0.9998379222260675,0.00013895321431538983,1.0416666666666667,0.08333333333333343,0.029562750001787153,0.0455145000014454,184.9140625,0.0,0.0
moon_arcs_screen,moon_arcs,1.0,0.95,36000,DBSCAN,4,0.9613492468345297,0.008976915539221976,0.6830863671059282,0.012288905693115958,0.4683709993472619,0.003407119457635405,354.4166666666667,2.6299556396765835,0.4741650500000105,0.5524011999950744,197.421875,0.0,0.0
moon_arcs_screen,moon_arcs,1.0,0.95,36000,HDBSCAN,4,0.9079072750591145,0.01247970251972499,0.23630440888907606,0.014607819511072082,0.5603115557811192,0.013676679232492906,35.041666666666664,0.8858454843945491,13.189225649992295,13.81977449999249,189.310546875,0.0,0.0
moon_arcs_screen,moon_arcs,1.0,0.95,36000,OPTICS,4,0.7868133887743751,0.07797773965099294,0.7938867872843249,0.06892884271783083,0.9918230661096713,0.0016471660641821152,1.4583333333333335,0.25000000000000006,49.505621100004646,53.8609421000001,192.9765625,0.5,0.0
moon_arcs_screen,moon_arcs,1.0,0.95,36000,SNN-DBSCAN,4,0.5706916993849427,0.0442023481430096,0.12125803997324056,0.012457171500075503,0.17001907969133986,0.001302394604673829,153.375,5.593274731516613,0.6281548000042676,0.675655300001381,276.064453125,19.25,0.0
moon_arcs_screen,moon_arcs,1.0,0.95,36000,StrataSCAN,4,0.9763188771524548,0.023088658438654184,0.9650334374134721,0.03058679314745844,0.9994076563146297,0.00019278625900351204,1.7916666666666667,0.15957118462605624,2.590040749993932,2.9411338999925647,268.732421875,0.75,0.0
moon_arcs_screen,moon_arcs,1.0,0.95,36000,VDBSCAN-2007,4,0.996063853586503,0.0009885096007498518,0.00098633256707555,1.2153394216808157e-05,0.0235496555378233,0.0006349774855979553,12.625,0.7622457074451242,0.8677467000015895,1.1159053000010315,197.9375,0.0,0.0
moon_arcs_screen,moon_arcs,1.0,0.95,36000,kNN+Leiden,4,0.9092234846604963,0.03811543641878873,0.025866922849464,0.0009285399132364469,0.0,0.0,6.125,0.15957118462605632,7.017330300004687,11.116866399999708,339.341796875,0.0,0.0
moon_arcs_screen,moon_arcs,1.0,0.95,36000,kNN-DBSCAN,4,0.9816240991363331,0.0026596438372288407,0.8684971508458513,0.0033327955910808587,0.7281925818998295,0.0009497875977753684,319.25,0.9670497325294102,0.20101170000270935,0.2340069999918341,192.9921875,0.0,0.0
moon_arcs_screen,moon_arcs,1.0,0.99,180000,DBSCAN,4,0.9460776780339212,0.011586974583101164,0.3253480037040736,0.007406420639628007,0.4669612944792987,0.0027151798800902228,1865.7916666666665,23.158621704653708,4.450674700005038,6.022161900007632,237.154296875,0.0,0.0
moon_arcs_screen,moon_arcs,1.0,0.99,180000,SNN-DBSCAN,4,0.5976166865115085,0.034769817524352806,0.032778106910871074,0.0025459880310597,0.17572503670988626,0.0006900958796029072,789.4583333333334,2.499536994162185,5.206546249995881,7.042383200008771,358.9921875,18.0,0.0
moon_arcs_screen,moon_arcs,1.0,0.99,180000,StrataSCAN,4,0.9850398618372648,0.0008334207100953483,0.9697462503806632,0.0016556337291875865,0.9997095085725163,6.709066163789582e-05,2.4166666666666665,0.6309898162000303,14.900995200005127,44.20476140000392,459.748046875,0.0,0.0
moon_arcs_screen,moon_arcs,1.0,0.99,180000,VDBSCAN-2007,4,0.9878742160713057,0.0011532650393072407,3.54454522261984e-05,1.5635579528184283e-07,0.021898171295336475,0.0006606537126355464,55.08333333333333,1.5782080790379718,7.442976600003021,9.666756799997527,254.935546875,0.0,0.0
moon_arcs_screen,moon_arcs,1.0,0.99,180000,kNN+Leiden,4,0.18789998234416339,0.06674445630162003,0.001703536664357275,5.935072044157961e-05,0.0,0.0,9.291666666666666,0.36955929710139074,131.46093119999568,187.5561663999979,841.37109375,0.0,1.25
moon_arcs_screen,moon_arcs,1.0,0.99,180000,kNN-DBSCAN,4,0.9628533046200043,0.00380438527983026,0.5556220625389252,0.003234112287138894,0.6862064132781813,0.0002799463683919707,1774.3333333333335,4.700275799630514,2.0836888499979977,2.3962375999981305,219.642578125,0.0,0.0
rings_screen,rings,1.0,0.75,7200,DBSCAN,4,0.9752530977959482,0.004300590462865297,0.9036683026534665,0.0090582692583683,0.48077645644758693,0.012403045160969238,57.041666666666664,1.827642683288442,0.12833659999887453,0.1407626000000164,189.34765625,0.0,0.0
rings_screen,rings,1.0,0.75,7200,HDBSCAN,4,0.9555749951065319,0.00844130565386148,0.6597644899169106,0.07388796574951974,0.5562113306826193,0.02857762391707747,6.375,0.8207381501496751,0.7271691999922041,0.8605057000095258,185.509765625,0.0,0.0
rings_screen,rings,1.0,0.75,7200,OPTICS,4,0.7400639629619705,0.06828394691540488,0.7675548994739293,0.06919739756259596,0.9481348910055016,0.014468092003283878,1.4166666666666667,0.21516574145596762,14.202200999992783,16.96956179999688,185.24609375,1.0,0.0
rings_screen,rings,1.0,0.75,7200,SNN-DBSCAN,4,0.7590320468418854,0.05244642530971725,0.5359863534044819,0.07761251117656007,0.18887873259890806,0.014278801355850013,26.291666666666664,1.7233419299162342,0.17058499999257032,0.1884660000068834,230.6171875,10.5,0.0
rings_screen,rings,1.0,0.75,7200,StrataSCAN,4,0.6558271011440747,0.15507223622371333,0.5812094715001747,0.17953446135917467,0.9977117786944741,0.0009424637824151495,3.2083333333333335,1.0833333333333335,1.6219131000034395,1.886606400003075,230.931640625,12.5,0.0
rings_screen,rings,1.0,0.75,7200,VDBSCAN-2007,4,0.9970962318280335,0.0011157176221276161,0.04042571969634048,0.0009389749988022591,0.03296219912574848,0.003170508169540592,5.875,0.36955929710139057,0.21659774999716314,0.2333691999956499,189.26953125,0.0,0.0
rings_screen,rings,1.0,0.75,7200,kNN+Leiden,4,0.8088915065144328,0.05925979421392478,0.21065147091708752,0.009191941426164592,0.0,0.0,3.5416666666666665,0.3435921354681386,0.5312396000008448,0.9862014999962412,240.29296875,3.75,0.0
rings_screen,rings,1.0,0.75,7200,kNN-DBSCAN,4,0.9908038484067413,0.016729942007290183,0.9887717037344256,0.01912348711340251,0.9997452996186759,8.869918304131198e-05,1.0416666666666667,0.08333333333333343,0.059706400003051344,0.0637772000045515,184.841796875,0.25,0.0
rings_screen,rings,1.0,0.95,36000,DBSCAN,4,0.9580926092332247,0.00512914055434796,0.6806494721615557,0.00788355114569044,0.46973967050255616,0.003947910562349549,354.54166666666663,2.604749934681305,0.585559999999532,0.6628860999917379,196.63671875,0.0,0.0
rings_screen,rings,1.0,0.95,36000,HDBSCAN,4,0.8970880056450514,0.00733216073749908,0.23537238077893058,0.013345486196019933,0.5604620517562076,0.012064132064394668,34.95833333333333,0.5159493228057416,13.55516119999811,14.486937900001069,189.373046875,0.0,0.0
rings_screen,rings,1.0,0.95,36000,OPTICS,4,0.8082049294560952,0.07747237298768239,0.8135676937995889,0.08828063459711169,0.992567467823523,0.0019550896286392714,1.5,0.30429030972509225,53.22765970000182,55.43210469999758,190.95703125,0.75,0.0
rings_screen,rings,1.0,0.95,36000,SNN-DBSCAN,4,0.7481259791793137,0.051966408907846866,0.21538975683731032,0.0246176521002802,0.17105228688162838,0.0017988117845623606,151.70833333333334,5.323558751228147,0.6699029000010341,0.7271036000020104,274.302734375,10.75,0.0
rings_screen,rings,1.0,0.95,36000,StrataSCAN,4,0.9568954819949743,0.057997311674691,0.9418627922082423,0.07442229255918374,0.9993636895950377,0.00025354014550416456,1.9166666666666665,0.6871842709362767,2.6697770499959006,3.1600261999992654,268.224609375,1.75,0.0
rings_screen,rings,1.0,0.95,36000,VDBSCAN-2007,4,0.9943475423789646,0.001620869378024007,0.000988747286708125,1.1958365502729417e-05,0.02373522497424965,0.0006793045972911625,13.25,0.8871510790372955,0.9429157999984454,1.1203542000002926,197.703125,0.0,0.0
rings_screen,rings,1.0,0.95,36000,kNN+Leiden,4,0.8428349305586585,0.04026685917066359,0.02595285477528925,0.0005806908043221981,0.0,0.0,6.166666666666667,0.13608276348795403,8.332434600000852,9.282476599997608,339.083984375,0.0,0.0
rings_screen,rings,1.0,0.95,36000,kNN-DBSCAN,4,0.9735430528503193,0.013509223739918995,0.8598993158753148,0.013712970485392858,0.7283877457445784,0.0008543546350960184,319.16666666666663,0.7071067811865717,0.17203689999587365,0.2163795000087702,189.015625,0.25,0.0
rings_screen,rings,1.0,0.99,180000,DBSCAN,4,0.9228860676995945,0.013846737172944103,0.32282124740412477,0.00445883100370397,0.4708192289829718,0.002662574178543264,1871.0,21.15507118959985,5.071915000007721,6.428586900001392,236.978515625,0.0,0.0
rings_screen,rings,1.0,0.99,180000,SNN-DBSCAN,4,0.7522870450303034,0.06465465120364677,0.057467692521362475,0.011536281095069389,0.176024673018581,0.0006371710604876528,787.875,3.413955563945285,6.630232950003119,6.851109399998677,358.9140625,11.5,0.0
rings_screen,rings,1.0,0.99,180000,StrataSCAN,4,0.9695557264723946,0.0025582373714303063,0.9386923222553258,0.0052014350941309954,0.9995529673827086,6.800086785378866e-05,2.333333333333333,0.4714045207910316,17.703079899998556,41.53572870000789,462.8671875,0.0,0.0
rings_screen,rings,1.0,0.99,180000,VDBSCAN-2007,4,0.9783602126807782,0.0012944564865633357,3.510204297780816e-05,2.437798285570674e-07,0.022482418191492298,0.0006330243057272007,60.333333333333336,0.8164965809277231,11.361292999994475,13.25833729999431,254.1328125,0.0,0.0
rings_screen,rings,1.0,0.99,180000,kNN+Leiden,4,0.23988787973371764,0.06379865345109233,0.001699367286990725,6.926712852150919e-05,0.0,0.0,9.291666666666668,0.458964212273841,144.88476694999554,170.2930548000004,837.720703125,0.0,1.25
rings_screen,rings,1.0,0.99,180000,kNN-DBSCAN,4,0.9404492335709479,0.015974047902681216,0.5383981389267147,0.013707093750402645,0.6862972122618157,0.00028435891163063683,1773.0833333333333,4.794866081627353,2.348963199998252,3.2753427999996347,220.3359375,0.25,0.0
