dataset,method,seed,status,n,declared_noise_fraction,target_f1,noise_f1,pairwise_f1,predicted_clusters,truth_clusters,granularity_ratio,granularity_log2_ratio,runtime_seconds,process_peak_rss_mb,error_type
imbalanced_16d,AMD-DBSCAN,211,ok,20000,0.75,0.05973870968886992,0,0.023058410488448648,1,8,0.125,-3,52.08225080000011,7591.07421875,
imbalanced_16d,AMD-DBSCAN,223,memory_limit,,0.75,,,,,,,,,8204.546875,
imbalanced_16d,AMD-DBSCAN,227,memory_limit,,0.75,,,,,,,,,8202.4140625,
imbalanced_16d,DBSCAN,211,ok,20000,0.75,0.336050705704774,0.9029888932366131,0.32585250669714544,9,8,1.125,0.16992500144231237,3.635818000000654,203.18359375,
imbalanced_16d,DBSCAN,223,ok,20000,0.75,0.27756426687016733,0.903532813300003,0.4531326686126107,15,8,1.875,0.9068905956085185,3.2827214999997523,197.8671875,
imbalanced_16d,DBSCAN,227,ok,20000,0.75,0.30891217412065297,0.9065087327007918,0.3837511476915005,13,8,1.625,0.7004397181410922,3.246562599999379,198.69140625,
imbalanced_16d,HDBSCAN,211,ok,20000,0.75,0.9885949277773785,0.9937950695958411,0.9912658318218983,18,8,2.25,1.1699250014423124,16.826280200000838,190.7265625,
imbalanced_16d,HDBSCAN,223,ok,20000,0.75,0.9760828306871994,0.9933561505939198,0.9946905102317515,18,8,2.25,1.1699250014423124,14.672086900000068,189.48828125,
imbalanced_16d,HDBSCAN,227,ok,20000,0.75,0.9914968261462889,0.9932210215450701,0.9934940838701739,23,8,2.875,1.5235619560570128,13.047560799999701,190.3203125,
imbalanced_16d,OPTICS,211,ok,20000,0.75,0.5439414061379733,0.9370022175719149,0.6388806305235213,7,8,0.875,-0.19264507794239588,7.045891200001279,198.4765625,
imbalanced_16d,OPTICS,223,ok,20000,0.75,0.5164001737821131,0.9371485692865177,0.7271086213255026,7,8,0.875,-0.19264507794239588,7.329664500000945,202.65234375,
imbalanced_16d,OPTICS,227,ok,20000,0.75,0.39298633296442886,0.9189487226612755,0.598445888987162,6,8,0.75,-0.4150374992788438,7.38932339999883,202.86328125,
imbalanced_16d,SNN-DBSCAN,211,ok,20000,0.75,0,0.8571428571428571,0,0,8,0,,1.4634629000011046,258.9609375,
imbalanced_16d,SNN-DBSCAN,223,ok,20000,0.75,0,0.8571428571428571,0,0,8,0,,1.4406990999996196,265.9296875,
imbalanced_16d,SNN-DBSCAN,227,ok,20000,0.75,0,0.8571428571428571,0,0,8,0,,1.4216247000003932,258.6484375,
imbalanced_16d,StrataSCAN,211,ok,20000,0.75,0.9273912969360197,0.9775808133472367,0.8301220798741361,17,8,2.125,1.0874628412503393,5.475840400000379,257.91015625,
imbalanced_16d,StrataSCAN,223,ok,20000,0.75,0.8287851483922786,0.9810975210935967,0.5121986290032308,33,8,4.125,2.0443941193584534,12.357736699999805,296.48828125,
imbalanced_16d,StrataSCAN,227,ok,20000,0.75,0.9599178310370076,0.9879470460383324,0.9174320952178094,15,8,1.875,0.9068905956085185,11.776064300000144,292.63671875,
imbalanced_16d,VDBSCAN-2007,211,ok,20000,0.75,0.8965267794909374,0.011269472986410341,0.04018267516177246,8,8,1,0,4.241154199999073,301.4765625,
imbalanced_16d,VDBSCAN-2007,223,ok,20000,0.75,0.8300112068604117,0.010478148418330127,0.04057526521513159,7,8,0.875,-0.19264507794239588,4.222754700000223,310.78515625,
imbalanced_16d,VDBSCAN-2007,227,ok,20000,0.75,0.9978258774409667,0.009554140127388535,0.04082838331248609,9,8,1.125,0.16992500144231237,3.926918900000601,302.73046875,
imbalanced_16d,kNN+Leiden,211,ok,20000,0.75,0.7809207835224221,0,0.04306728797008232,8,8,1,0,3.495599600000787,323.83203125,
imbalanced_16d,kNN+Leiden,223,ok,20000,0.75,0.7790694746302113,0,0.044949983524847865,8,8,1,0,3.4552129000003333,322.30859375,
imbalanced_16d,kNN+Leiden,227,ok,20000,0.75,0.8776142871045588,0,0.04613400591836609,9,8,1.125,0.16992500144231237,3.5791487999995297,325.7265625,
imbalanced_16d,kNN-DBSCAN,211,ok,20000,0.75,0.33458449151924935,0.9025813827546784,0.3206776844748543,10,8,1.25,0.32192809488736235,1.4942285000015545,197.6875,
imbalanced_16d,kNN-DBSCAN,223,ok,20000,0.75,0.26952386053865346,0.903532813300003,0.4497313319817684,19,8,2.375,1.2479275134435854,1.4164645000000746,201.15625,
imbalanced_16d,kNN-DBSCAN,227,ok,20000,0.75,0.3055061094585917,0.9065087327007918,0.37939631112126415,16,8,2,1,1.402846099999806,198.50390625,
moons_2d,AMD-DBSCAN,211,ok,20000,0.25,0.9889565123983141,0,0.8934881470140751,43,2,21.5,4.426264754702098,6.619174699999348,6289.83984375,
moons_2d,AMD-DBSCAN,223,ok,20000,0.25,0.9880602085537168,0,0.8932964093864503,49,2,24.5,4.614709844115208,6.673574700000245,6289.6640625,
moons_2d,AMD-DBSCAN,227,ok,20000,0.25,0.9884237394870914,0,0.8918433673642018,37,2,18.5,4.20945336562895,6.8014998999988165,6289.65234375,
moons_2d,DBSCAN,211,ok,20000,0.25,0.21350449703593058,0.708922899220329,0.06603701726378797,385,2,192.5,7.588714635582264,0.23684309999953257,192.140625,
moons_2d,DBSCAN,223,ok,20000,0.25,0.13832771705263985,0.720547139285189,0.047459748388123994,396,2,198,7.6293566200796095,0.27589199999965786,191.3828125,
moons_2d,DBSCAN,227,ok,20000,0.25,0.2073189677567414,0.7050338958603779,0.059595792254446604,384,2,192,7.584962500721156,0.2306045000004815,191.96484375,
moons_2d,HDBSCAN,211,ok,20000,0.25,0.9901693603667532,0.6215846994535519,0.9792660184509764,31,2,15.5,3.9541963103868754,3.7381301000004896,193.75,
moons_2d,HDBSCAN,223,ok,20000,0.25,0.989222348811498,0.5667140825035561,0.9766404713701086,26,2,13,3.700439718141092,3.743510600001173,193.75390625,
moons_2d,HDBSCAN,227,ok,20000,0.25,0.988840679229288,0.610852288298164,0.976435603067694,30,2,15,3.9068905956085187,3.852764899998874,191.94140625,
moons_2d,OPTICS,211,ok,20000,0.25,0.005700649608908922,0.3948363226896164,0.00003210925938233093,3,2,1.5,0.5849625007211562,22.32659270000113,191.53125,
moons_2d,OPTICS,223,ok,20000,0.25,0.012585940887062661,0.40213981176092023,0.00010937740379824413,3,2,1.5,0.5849625007211562,22.209296499999255,189.5625,
moons_2d,OPTICS,227,ok,20000,0.25,0.0060959448714550755,0.3981054068157187,0.00003680369345510319,2,2,1,0,22.88014639999892,191.33984375,
moons_2d,SNN-DBSCAN,211,ok,20000,0.25,0.0757700421725823,0.15022784065853298,0.018272732045498334,464,2,232,7.857980995127572,0.28759050000007846,239.65625,
moons_2d,SNN-DBSCAN,223,ok,20000,0.25,0.06803718296593458,0.1723222189436412,0.017599939276867614,513,2,256.5,8.002815015607053,0.2905535999998392,247.48828125,
moons_2d,SNN-DBSCAN,227,ok,20000,0.25,0.052685828566771106,0.17236861260736644,0.016311073376361708,483,2,241.5,7.915879378835773,0.3070460999988427,251.78515625,
moons_2d,StrataSCAN,211,ok,20000,0.25,0.9836669886060028,0.966724685164329,0.9676348168551702,5,2,2.5,1.3219280948873624,1.470024000000194,242.20703125,
moons_2d,StrataSCAN,223,ok,20000,0.25,0.9890210420284304,0.965983606557377,0.9780997463319152,2,2,1,0,1.3287753999993583,239.97265625,
moons_2d,StrataSCAN,227,ok,20000,0.25,0.9893406988649438,0.9671160130718954,0.9787463176361412,2,2,1,0,1.3967150999997102,242.37109375,
moons_2d,VDBSCAN-2007,211,ok,20000,0.25,0.9245443565239079,0.011512504962286622,0.7710870686100197,151,2,75.5,6.2384047393250786,0.3311056999991706,192.87109375,
moons_2d,VDBSCAN-2007,223,ok,20000,0.25,0.9239898364777819,0.016211941478845394,0.7716737457195632,148,2,74,6.20945336562895,0.343936000001122,194.0625,
moons_2d,VDBSCAN-2007,227,ok,20000,0.25,0.9240010247641635,0.020130254588513915,0.7721080862896706,147,2,73.5,6.199672344836364,0.33547320000070613,192.37890625,
moons_2d,kNN+Leiden,211,ok,20000,0.25,0.26105389281643127,0,0.21352036604670913,22,2,11,3.4594316186372973,1.3414054000004398,293.40625,
moons_2d,kNN+Leiden,223,ok,20000,0.25,0.31198412111936213,0,0.22813118107536798,20,2,10,3.321928094887362,1.7387186999985715,293.01953125,
moons_2d,kNN+Leiden,227,ok,20000,0.25,0.2714465085333946,0,0.21918751024978325,20,2,10,3.321928094887362,1.177489699999569,293,
moons_2d,kNN-DBSCAN,211,ok,20000,0.25,0.02201942241812166,0.5888095238095238,0.0032814164176756624,687,2,343.5,8.4241662888181,0.08440750000045227,189.16015625,
moons_2d,kNN-DBSCAN,223,ok,20000,0.25,0.024756078357550088,0.5822321849929212,0.0029496224958292304,691,2,345.5,8.432541900388259,0.08710059999975783,188.55078125,
moons_2d,kNN-DBSCAN,227,ok,20000,0.25,0.026671171679738953,0.5848259446593275,0.003221996484368572,715,2,357.5,8.481799431665753,0.08835220000037225,188.6953125,
multidensity_2d,AMD-DBSCAN,211,ok,20000,0.75,0.9887557281582522,0,0.03571850234699193,9,6,1.5,0.5849625007211562,7.888834100000167,6286.4921875,
multidensity_2d,AMD-DBSCAN,223,ok,20000,0.75,0.9867259300881739,0,0.03531839485676417,10,6,1.6666666666666667,0.7369655941662062,7.537553299999672,6286.1328125,
multidensity_2d,AMD-DBSCAN,227,ok,20000,0.75,0.9872018149469101,0,0.03583890114612555,9,6,1.5,0.5849625007211562,7.2905203999998776,6286.734375,
multidensity_2d,DBSCAN,211,ok,20000,0.75,0.9721610268791192,0.49631597413663475,0.9285841853579235,948,6,158,7.303780748177103,0.4177880000006553,206.44921875,
multidensity_2d,DBSCAN,223,ok,20000,0.75,0.9816402376729304,0.4882842025699169,0.9469143707333068,933,6,155.5,7.280770770130602,0.3983479999997144,209.39453125,
multidensity_2d,DBSCAN,227,ok,20000,0.75,0.9743203386088398,0.4927652733118971,0.934902156147558,926,6,154.33333333333334,7.2699058825390805,0.3460440999997445,207.09375,
multidensity_2d,HDBSCAN,211,ok,20000,0.75,0.9639969760275592,0.5654169854628921,0.801456358338081,87,6,14.5,3.8579809951275723,3.8240255999999135,187.74609375,
multidensity_2d,HDBSCAN,223,ok,20000,0.75,0.9694031421969626,0.6147665881701067,0.8508597483778529,94,6,15.666666666666666,3.969626350956481,3.9080371000000014,190.875,
multidensity_2d,HDBSCAN,227,ok,20000,0.75,0.9458029843083581,0.5479889647161319,0.7460873466429694,86,6,14.333333333333334,3.841302253980942,3.8510718999996243,187.59765625,
multidensity_2d,OPTICS,211,ok,20000,0.75,0.8527772256016074,0.9708417263811379,0.9349173915862111,11,6,1.8333333333333333,0.874469117916141,23.60768250000001,187.4375,
multidensity_2d,OPTICS,223,ok,20000,0.75,0.6946798447327392,0.9394979345408326,0.7633271375359576,9,6,1.5,0.5849625007211562,23.139232999999876,187.77734375,
multidensity_2d,OPTICS,227,ok,20000,0.75,0.9872797397347158,0.9913475082165135,0.9735714063890071,9,6,1.5,0.5849625007211562,23.880932300000495,187.1953125,
multidensity_2d,SNN-DBSCAN,211,ok,20000,0.75,0.307253969790464,0.17473646596390924,0.13509067720026063,488,6,81.33333333333333,6.34577483684173,0.3385314000006474,250.984375,
multidensity_2d,SNN-DBSCAN,223,ok,20000,0.75,0.3243422825932121,0.17258035661041207,0.1387949598950529,492,6,82,6.357552004618084,0.3409356000001935,246.2734375,
multidensity_2d,SNN-DBSCAN,227,ok,20000,0.75,0.25658880051611516,0.16637740140044285,0.10956329694741496,489,6,81.5,6.348728154231077,0.4568381999997655,247.33203125,
multidensity_2d,StrataSCAN,211,ok,20000,0.75,0.8820136486140483,0.9952869605909683,0.8734840404144623,12,6,2,1,3.6894453999993857,247.484375,
multidensity_2d,StrataSCAN,223,ok,20000,0.75,0.931124663926873,0.9965931863727455,0.8868808623455829,8,6,1.3333333333333333,0.41503749927884376,3.4195647999995344,247.41796875,
multidensity_2d,StrataSCAN,227,ok,20000,0.75,0.9894379257158863,0.9963939899833054,0.9778041735577523,7,6,1.1666666666666667,0.22239242133644802,2.212461400000393,237.671875,
multidensity_2d,VDBSCAN-2007,211,ok,20000,0.75,0.9913023392724633,0.031877213695395513,0.04093355597473021,58,6,9.666666666666666,3.273018494406416,0.43846690000009403,192.27734375,
multidensity_2d,VDBSCAN-2007,223,ok,20000,0.75,0.9898445174297751,0.024756386621016594,0.04250120376742051,62,6,10.333333333333334,3.3692338096657193,0.4718855999999505,190.8828125,
multidensity_2d,VDBSCAN-2007,227,ok,20000,0.75,0.9906433341402644,0.03265573770491803,0.041666471899898,69,6,11.5,3.523561956057013,0.44023550000019895,189.91796875,
multidensity_2d,kNN+Leiden,211,ok,20000,0.75,0.9141831201432716,0,0.33075920298552264,24,6,4,2,1.2800845000001573,289.26171875,
multidensity_2d,kNN+Leiden,223,ok,20000,0.75,0.959320467655829,0,0.3924059023981216,24,6,4,2,1.4499943999999232,288.94140625,
multidensity_2d,kNN+Leiden,227,ok,20000,0.75,0.9466376118935892,0,0.3832338938373511,23,6,3.8333333333333335,1.9385994553358568,1.2510380000003352,288.30078125,
multidensity_2d,kNN-DBSCAN,211,ok,20000,0.75,0.9912166730840365,0.9947146584598916,0.9806559569463537,18,6,3,1.584962500721156,0.09587499999997817,184.703125,
multidensity_2d,kNN-DBSCAN,223,ok,20000,0.75,0.990183805770418,0.9942459520942057,0.9779103693775572,21,6,3.5,1.8073549220576042,0.09130629999981466,186.4375,
multidensity_2d,kNN-DBSCAN,227,ok,20000,0.75,0.9888596238314452,0.9941457866390125,0.9758896299686958,21,6,3.5,1.8073549220576042,0.0963238000003912,189.4375,
overlap_8d,AMD-DBSCAN,211,ok,20000,0.25,0.7003145862557272,0,0.48860235661940343,45,6,7.5,2.9068905956085187,28.62696909999977,4785.19921875,
overlap_8d,AMD-DBSCAN,223,ok,20000,0.25,0.6204205043528902,0,0.43660222430064244,39,6,6.5,2.700439718141092,15.645069400001375,6229.37109375,
overlap_8d,AMD-DBSCAN,227,ok,20000,0.25,0.6641038850979263,0,0.41648870903037566,32,6,5.333333333333333,2.415037499278844,15.299816000000646,6288.15625,
overlap_8d,DBSCAN,211,ok,20000,0.25,0.183438768654411,0.4374835943652113,0.06734344975901868,63,6,10.5,3.3923174227787602,2.7117656000009447,197.84765625,
overlap_8d,DBSCAN,223,ok,20000,0.25,0.17521851472228678,0.43800096360211993,0.06711558293117503,79,6,13.166666666666666,3.7188182474559466,2.7126494999993156,200.125,
overlap_8d,DBSCAN,227,ok,20000,0.25,0.20054314086266775,0.44140366365040834,0.049211180201778046,87,6,14.5,3.8579809951275723,2.687156400001186,201.58984375,
overlap_8d,HDBSCAN,211,ok,20000,0.25,0.2761997657021226,0.9294508082646398,0.2669898465168637,7,6,1.1666666666666667,0.22239242133644802,7.0124970999986544,187.8515625,
overlap_8d,HDBSCAN,223,ok,20000,0.25,0.4441096086153489,0.9884755357864942,0.3761219887078696,11,6,1.8333333333333333,0.874469117916141,7.001031699999658,191.515625,
overlap_8d,HDBSCAN,227,ok,20000,0.25,0.27719793095700107,0.9401165871754107,0.26890723265140515,4,6,0.6666666666666666,-0.5849625007211563,6.755708000000595,189.7421875,
overlap_8d,OPTICS,211,ok,20000,0.25,0.012744912710438323,0.40508790407518436,0.0002645008032612096,25,6,4.166666666666667,2.0588936890535687,7.151389500000732,201.4375,
overlap_8d,OPTICS,223,ok,20000,0.25,0.014712338721275734,0.4050058725851525,0.0002153495828228469,26,6,4.333333333333333,2.1154772174199357,8.160564600000725,196.6484375,
overlap_8d,OPTICS,227,ok,20000,0.25,0.009740418321472653,0.4036815759728726,0.0001283242706317266,21,6,3.5,1.8073549220576042,5.648868099999163,196.6171875,
overlap_8d,SNN-DBSCAN,211,ok,20000,0.25,0,0.4,0,0,6,0,,1.0300322999992204,263.1640625,
overlap_8d,SNN-DBSCAN,223,ok,20000,0.25,0,0.39961590781787626,0,1,6,0.16666666666666666,-2.584962500721156,1.0836409999992611,255.3203125,
overlap_8d,SNN-DBSCAN,227,ok,20000,0.25,0.001056105610561056,0.4001280409731114,0.000002986953254874961,1,6,0.16666666666666666,-2.584962500721156,1.1186763999994582,257.359375,
overlap_8d,StrataSCAN,211,ok,20000,0.25,0.8909828197886022,0.8133496133496134,0.7938149632204015,47,6,7.833333333333333,2.969626350956481,5.719922700000097,284.796875,
overlap_8d,StrataSCAN,223,ok,20000,0.25,0.8349384649402508,0.8017649418371441,0.7319052304917458,50,6,8.333333333333334,3.0588936890535687,5.014668699999675,283.84375,
overlap_8d,StrataSCAN,227,ok,20000,0.25,0.9039616559852844,0.8181148145115059,0.8105746506126169,50,6,8.333333333333334,3.0588936890535687,5.2666892999986885,283.99609375,
overlap_8d,VDBSCAN-2007,211,ok,20000,0.25,0.726174723401729,0.9925478348439074,0.6782864074705862,9,6,1.5,0.5849625007211562,4.064663499999369,205.11328125,
overlap_8d,VDBSCAN-2007,223,ok,20000,0.25,0.6229887437229259,0.9932548072082955,0.5761535480584333,6,6,1,0,3.651160699999309,203.421875,
overlap_8d,VDBSCAN-2007,227,ok,20000,0.25,0.5343952661103605,0.9923433407213379,0.4742261923382493,6,6,1,0,4.423416599998745,207.37109375,
overlap_8d,kNN+Leiden,211,ok,20000,0.25,0.8964889472519127,0,0.6294780055277963,6,6,1,0,3.0689486999999644,317.70703125,
overlap_8d,kNN+Leiden,223,ok,20000,0.25,0.9730090352591616,0,0.7515784590500951,7,6,1.1666666666666667,0.22239242133644802,2.8279638000003615,317.328125,
overlap_8d,kNN+Leiden,227,ok,20000,0.25,0.9694087809969045,0,0.7597639589126235,7,6,1.1666666666666667,0.22239242133644802,6.9338626000007935,317.21875,
overlap_8d,kNN-DBSCAN,211,ok,20000,0.25,0.17751826036850937,0.4374835943652113,0.06588183377353413,66,6,11,3.4594316186372973,1.4015988999999536,196.26953125,
overlap_8d,kNN-DBSCAN,223,ok,20000,0.25,0.17304528357046675,0.43800096360211993,0.06479082683283822,81,6,13.5,3.7548875021634687,1.1664435000002413,196.16796875,
overlap_8d,kNN-DBSCAN,227,ok,20000,0.25,0.18418662597599614,0.44140366365040834,0.045163419410134444,93,6,15.5,3.9541963103868754,1.1997357000000193,196.421875,
overlapping_density_16d,AMD-DBSCAN,211,memory_limit,,0.8,,,,,,,,,8193.00390625,
overlapping_density_16d,AMD-DBSCAN,223,memory_limit,,0.8,,,,,,,,,8192.25390625,
overlapping_density_16d,AMD-DBSCAN,227,memory_limit,,0.8,,,,,,,,,8193.74609375,
overlapping_density_16d,DBSCAN,211,ok,20000,0.8,0.5248892859567846,0.9200798028400422,0.27447506721329423,53,8,6.625,2.727920454563199,3.1916104000001724,198.15625,
overlapping_density_16d,DBSCAN,223,ok,20000,0.8,0.5392209087864155,0.9197342114547806,0.26783048054488184,42,8,5.25,2.3923174227787602,2.9060457000005044,199.140625,
overlapping_density_16d,DBSCAN,227,ok,20000,0.8,0.5500122892728315,0.9205321403343536,0.28005162117606697,51,8,6.375,2.6724253419714956,2.890321699999731,197.765625,
overlapping_density_16d,HDBSCAN,211,ok,20000,0.8,0.5110726188606022,0.9051668142899322,0.25853514297144353,49,8,6.125,2.6147098441152083,7.5571719999998095,190.59765625,
overlapping_density_16d,HDBSCAN,223,ok,20000,0.8,0.5181126283731157,0.9030938833570413,0.25385021985824796,44,8,5.5,2.4594316186372973,7.569990599999983,190.41796875,
overlapping_density_16d,HDBSCAN,227,ok,20000,0.8,0.480908466264985,0.8983925674679252,0.24490407029419264,58,8,7.25,2.8579809951275723,7.360270700000001,190.71875,
overlapping_density_16d,OPTICS,211,ok,20000,0.8,0.44229949089502174,0.9112007482754588,0.3221550333615195,26,8,3.25,1.7004397181410922,8.496731900000668,200.2734375,
overlapping_density_16d,OPTICS,223,ok,20000,0.8,0.43966867500288553,0.9097388561079628,0.29488341667594786,24,8,3,1.584962500721156,8.186380799999824,203.09765625,
overlapping_density_16d,OPTICS,227,ok,20000,0.8,0.34692041150788583,0.9052892657322489,0.2428439526869137,20,8,2.5,1.3219280948873624,10.67575940000006,199.1953125,
overlapping_density_16d,SNN-DBSCAN,211,ok,20000,0.8,0,0.8887036728343614,0,1,8,0.125,-3,2.1188374000003023,267.1328125,
overlapping_density_16d,SNN-DBSCAN,223,ok,20000,0.8,0,0.8887036728343614,0,1,8,0.125,-3,1.912695199999689,265.3515625,
overlapping_density_16d,SNN-DBSCAN,227,ok,20000,0.8,0,0.888888888888889,0,0,8,0,,1.4780859000002238,265.15625,
overlapping_density_16d,StrataSCAN,211,ok,20000,0.8,0.3862911528203197,0.36896147076080577,0.051088113656856414,63,8,7.875,2.9772799234999163,4.535353100000066,257.015625,
overlapping_density_16d,StrataSCAN,223,ok,20000,0.8,0.18672316823001756,0.8978526315789475,0.04734505279370721,4,8,0.5,-1,4.494275399998514,280.69921875,
overlapping_density_16d,StrataSCAN,227,ok,20000,0.8,0.16829879703487388,0.8964125560538116,0.034212201857177604,3,8,0.375,-1.415037499278844,5.137949199999639,280.7421875,
overlapping_density_16d,VDBSCAN-2007,211,ok,20000,0.8,0.04928921154283607,0.04310923856628198,0.01108075656883146,1,8,0.125,-3,3.068633000000773,215.51171875,
overlapping_density_16d,VDBSCAN-2007,223,ok,20000,0.8,0.3142330516790318,0.04288594294092492,0.01053150691501352,23,8,2.875,1.5235619560570128,4.645656499999859,212.0078125,
overlapping_density_16d,VDBSCAN-2007,227,ok,20000,0.8,0.049360857708777045,0.04182207276062367,0.011221392477220897,1,8,0.125,-3,3.1330961999992724,217.23828125,
overlapping_density_16d,kNN+Leiden,211,ok,20000,0.8,0.44209288070404684,0,0.07959342925617768,11,8,1.375,0.45943161863729726,8.91228880000017,319.2578125,
overlapping_density_16d,kNN+Leiden,223,ok,20000,0.8,0.39173562592638334,0,0.08480217512573344,10,8,1.25,0.32192809488736235,5.333980600000359,317.84375,
overlapping_density_16d,kNN+Leiden,227,ok,20000,0.8,0.3658814256713333,0,0.08103219813232455,10,8,1.25,0.32192809488736235,6.775740799999767,318.421875,
overlapping_density_16d,kNN-DBSCAN,211,ok,20000,0.8,0.5182857201639246,0.9201431672827555,0.27172665033987015,56,8,7,2.807354922057604,1.2167169000003923,202.80078125,
overlapping_density_16d,kNN-DBSCAN,223,ok,20000,0.8,0.5364586566318702,0.9197342114547806,0.2657980581975606,47,8,5.875,2.554588851677637,1.2505124999988766,200.7734375,
overlapping_density_16d,kNN-DBSCAN,227,ok,20000,0.8,0.5445209200144238,0.9205321403343536,0.27797831765817493,56,8,7,2.807354922057604,1.2005914000001212,198.06640625,
rings_2d,AMD-DBSCAN,211,ok,20000,0.75,0.9173241993384478,0,0.34672876069691455,880,2,440,8.78135971352466,47.39637120000043,2675.90234375,
rings_2d,AMD-DBSCAN,223,ok,20000,0.75,0.9241073599247962,0,0.3481748495800576,869,2,434.5,8.7632123668144,8.780295399999886,6289.453125,
rings_2d,AMD-DBSCAN,227,ok,20000,0.75,0.9251437030027969,0,0.3428628078674675,890,2,445,8.79766152585376,9.077258899998924,6289.30078125,
rings_2d,DBSCAN,211,ok,20000,0.75,0.9152678086324189,0.5352992871789864,0.8254354354473573,895,2,447.5,8.805743872151618,0.2611397999990004,194.7265625,
rings_2d,DBSCAN,223,ok,20000,0.75,0.9145841708738176,0.5189279897339717,0.820764434592077,879,2,439.5,8.779719355143405,0.25824699999975564,191.16015625,
rings_2d,DBSCAN,227,ok,20000,0.75,0.9189051541992719,0.5288089050164272,0.8305397323760695,907,2,453.5,8.824958740528523,0.25582419999955164,190.33984375,
rings_2d,HDBSCAN,211,ok,20000,0.75,0.9201493829492509,0.5309119389103725,0.8068816121265513,88,2,44,5.459431618637297,3.7022407000004023,192.1015625,
rings_2d,HDBSCAN,223,ok,20000,0.75,0.8955703810120976,0.5646642433518271,0.7589682657689883,82,2,41,5.357552004618084,3.77723320000041,191.7421875,
rings_2d,HDBSCAN,227,ok,20000,0.75,0.9075442537239311,0.5313952919297215,0.7712789175032737,81,2,40.5,5.339850002884624,3.796794600000794,191.90625,
rings_2d,OPTICS,211,ok,20000,0.75,0.038803180564881704,0.8536950636484073,0.0007811097417621777,5,2,2.5,1.3219280948873624,21.630782600001112,189.7265625,
rings_2d,OPTICS,223,ok,20000,0.75,0.0337496340354716,0.8557772595087962,0.0008852682158007583,6,2,3,1.584962500721156,22.877581400000054,190.01171875,
rings_2d,OPTICS,227,ok,20000,0.75,0.04516970379987386,0.8541239643176766,0.0014092189254681722,7,2,3.5,1.8073549220576042,21.940598899998804,190.76953125,
rings_2d,SNN-DBSCAN,211,ok,20000,0.75,0.14031095134936622,0.18414474467325317,0.060216925535573174,471,2,235.5,7.879583249612783,0.29996329999994487,254.69140625,
rings_2d,SNN-DBSCAN,223,ok,20000,0.75,0.16574541833553735,0.1879793115748172,0.06341492029718637,479,2,239.5,7.90388184573618,0.31694860000061453,255.375,
rings_2d,SNN-DBSCAN,227,ok,20000,0.75,0.13398549257630912,0.18407605466428997,0.05385031922423198,460,2,230,7.845490050944375,0.29553950000081386,246.0078125,
rings_2d,StrataSCAN,211,ok,20000,0.75,0.8828856064157246,0.9779394269009822,0.8098338934163255,6,2,3,1.584962500721156,2.3623607999998057,249.6328125,
rings_2d,StrataSCAN,223,ok,20000,0.75,0.941368683662996,0.9788230502952556,0.881857697165059,2,2,1,0,1.478002200001356,240.61328125,
rings_2d,StrataSCAN,227,ok,20000,0.75,0.5964490547935319,0.978292624927812,0.4888326830143779,10,2,5,2.321928094887362,2.1290876000002754,249.4140625,
rings_2d,VDBSCAN-2007,211,ok,20000,0.75,0.9398578867186613,0.04594858444516759,0.1367273067222741,163,2,81.5,6.348728154231077,0.3419387000012648,192.0234375,
rings_2d,VDBSCAN-2007,223,ok,20000,0.75,0.9417131104885872,0.04581841848356655,0.15081687006978256,175,2,87.5,6.451211111832329,0.35109229999943636,192.23828125,
rings_2d,VDBSCAN-2007,227,ok,20000,0.75,0.8150335279028902,0.05306175402179553,0.24253583969325662,245,2,122.5,6.936637939002571,0.36935470000025816,192.8203125,
rings_2d,kNN+Leiden,211,ok,20000,0.75,0.40394424805676626,0,0.18917298608187946,28,2,14,3.807354922057604,3.3036276000002545,292.46484375,
rings_2d,kNN+Leiden,223,ok,20000,0.75,0.3655188641588071,0,0.1658512097032234,27,2,13.5,3.7548875021634687,1.1539749999992637,291.80859375,
rings_2d,kNN+Leiden,227,ok,20000,0.75,0.4031408308004053,0,0.1842118023666546,26,2,13,3.700439718141092,2.31536159999996,292.7734375,
rings_2d,kNN-DBSCAN,211,ok,20000,0.75,0.7713840363176646,0.9704366693788989,0.7256843923765179,60,2,30,4.906890595608519,0.14140059999954246,188.5078125,
rings_2d,kNN-DBSCAN,223,ok,20000,0.75,0.7207348514653465,0.9689323022656356,0.7168436718275172,61,2,30.5,4.930737337562887,0.11976480000157608,188.78515625,
rings_2d,kNN-DBSCAN,227,ok,20000,0.75,0.7300032973175684,0.9703635808127101,0.700486913317227,69,2,34.5,5.108524456778169,0.12043360000097891,188.59375,
ultrasparse_16d,AMD-DBSCAN,211,memory_limit,,0.95,,,,,,,,,8192.20703125,
ultrasparse_16d,AMD-DBSCAN,223,memory_limit,,0.95,,,,,,,,,8192.96875,
ultrasparse_16d,AMD-DBSCAN,227,memory_limit,,0.95,,,,,,,,,8213.19921875,
ultrasparse_16d,DBSCAN,211,ok,20000,0.95,0.9444444444444443,1,0.9227906976744186,11,12,0.9166666666666666,-0.12553088208385899,3.1737447000004977,203.0546875,
ultrasparse_16d,DBSCAN,223,ok,20000,0.95,0.8883898868928809,0.9999736835179873,0.8559102674719586,10,12,0.8333333333333334,-0.2630344058337938,3.0994137999996383,201.80859375,
ultrasparse_16d,DBSCAN,227,ok,20000,0.95,0.7499992507477539,1,0.6648793565683646,8,12,0.6666666666666666,-0.5849625007211563,3.1599827999998524,200.43359375,
ultrasparse_16d,HDBSCAN,211,ok,20000,0.95,0.9941339754312186,0.995532764135233,0.9784432560903149,27,12,2.25,1.1699250014423124,18.56598220000069,193.5234375,
ultrasparse_16d,HDBSCAN,223,ok,20000,0.95,0.9914739496526149,0.9963551846178226,0.973883421650265,23,12,1.9166666666666667,0.9385994553358568,18.043344899999283,189.37890625,
ultrasparse_16d,HDBSCAN,227,ok,20000,0.95,0.9892452468575526,0.9960635121925444,0.9670660089264741,23,12,1.9166666666666667,0.9385994553358568,20.01890469999944,193.1875,
ultrasparse_16d,OPTICS,211,ok,20000,0.95,0.9229485567055282,0.9877767466525256,0.9050186951639376,40,12,3.3333333333333335,1.7369655941662063,8.715570399999706,199.2265625,
ultrasparse_16d,OPTICS,223,ok,20000,0.95,0.7833752831257255,0.9859830320914791,0.7986671294689344,37,12,3.0833333333333335,1.6244908649077936,8.777545900000405,199.3359375,
ultrasparse_16d,OPTICS,227,ok,20000,0.95,0.7439889095781588,0.9859569768053437,0.7868475902845719,36,12,3,1.584962500721156,9.303947999999764,198.29296875,
ultrasparse_16d,SNN-DBSCAN,211,ok,20000,0.95,0.09843740174809784,0.9761360425389812,0.013750512628760281,9,12,0.75,-0.4150374992788438,1.6971809999995457,261.46875,
ultrasparse_16d,SNN-DBSCAN,223,ok,20000,0.95,0.12865201496800877,0.9765612952968389,0.01890877598152425,10,12,0.8333333333333334,-0.2630344058337938,1.8079366000001755,256.90234375,
ultrasparse_16d,SNN-DBSCAN,227,ok,20000,0.95,0.06885463683216492,0.9753843784491388,0.004991398318431829,7,12,0.5833333333333334,-0.777607578663552,1.7094131999992896,254.48046875,
ultrasparse_16d,StrataSCAN,211,ok,20000,0.95,0.9974747474747475,0.9998684383633732,0.9949954837292191,12,12,1,0,2.6997097000003123,241.984375,
ultrasparse_16d,StrataSCAN,223,ok,20000,0.95,0.998490896993891,0.9999210588637739,0.9969910706672026,12,12,1,0,2.3683670000000347,239.30078125,
ultrasparse_16d,StrataSCAN,227,ok,20000,0.95,0.9979797979797981,0.9998947479212714,0.9960003902058335,12,12,1,0,2.4452892999997857,240.03125,
ultrasparse_16d,VDBSCAN-2007,211,ok,20000,0.95,0.746158237449693,0.003992015968063872,0.0004581249757544746,9,12,0.75,-0.4150374992788438,4.932039399999667,208.71484375,
ultrasparse_16d,VDBSCAN-2007,223,ok,20000,0.95,0.7178888382202434,0.004620877966813695,0.0004584387949687723,9,12,0.75,-0.4150374992788438,4.9229058999999324,213.5546875,
ultrasparse_16d,VDBSCAN-2007,227,ok,20000,0.95,0.594494660394078,0.00503989920201596,0.00045833963738674683,7,12,0.5833333333333334,-0.777607578663552,5.408618000000388,213.1640625,
ultrasparse_16d,kNN+Leiden,211,ok,20000,0.95,0.5946423887776666,0,0.0009630978850107961,12,12,1,0,8.60202389999995,324.82421875,
ultrasparse_16d,kNN+Leiden,223,ok,20000,0.95,0.5299898889033173,0,0.0009503641789162142,11,12,0.9166666666666666,-0.12553088208385899,12.453106199999638,324.828125,
ultrasparse_16d,kNN+Leiden,227,ok,20000,0.95,0.6023261967644521,0,0.0009599413812709579,12,12,1,0,10.116584999999759,326.55859375,
ultrasparse_16d,kNN-DBSCAN,211,ok,20000,0.95,1,1,1,12,12,1,0,1.492805199999566,197.80078125,
ultrasparse_16d,kNN-DBSCAN,223,ok,20000,0.95,0.9995009980039921,0.9999736835179873,0.9989929506545822,12,12,1,0,1.4754914000004646,199.234375,
ultrasparse_16d,kNN-DBSCAN,227,ok,20000,0.95,1,1,1,12,12,1,0,1.3991649999998117,197.51171875,
