dataset,declared_noise_fraction,method,n,seeds_declared,seeds_ok,completion_fraction,target_f1_mean,target_f1_sd,noise_f1_mean,noise_f1_sd,pairwise_f1_mean,pairwise_f1_sd,predicted_clusters_mean_success,truth_clusters_mean_success,granularity_ratio_mean_success,granularity_log2_ratio_mean_success,granularity_abs_log2_error_mean_success,runtime_seconds_mean_success,runtime_seconds_median_success,process_peak_rss_mb_median_success,failures,status_summary,quality_failure_policy,source_block
multidensity_2d,0.75,StrataSCAN,20000,3,3,1,0.9341920794189358,0.053777789151877836,0.9960913789823397,0.0007037304254286149,0.9127230254392659,0.05675857283070831,9,6,1.5,0.5458099735384306,0.5458099735384306,3.107157199999771,3.4195647999995344,247.41796875,0,ok:3,non-ok F1=0,fresh-seed confirmation
multidensity_2d,0.75,DBSCAN,20000,3,3,1,0.976040534386963,0.00496821541951249,0.4924551500061496,0.004024856640125236,0.9368002374129295,0.009311334938742337,935.6666666666666,6,155.94444444444446,7.284819133615596,7.284819133615596,0.3873933666667047,0.3983479999997144,207.09375,0,ok:3,non-ok F1=0,fresh-seed confirmation
multidensity_2d,0.75,HDBSCAN,20000,3,3,1,0.95973436751096,0.01236402995046936,0.5760575127830436,0.0346370952127683,0.7994678177863012,0.05241449953465656,89,6,14.833333333333334,3.8896365333549987,3.8896365333549987,3.861044866666513,3.8510718999996243,187.74609375,0,ok:3,non-ok F1=0,fresh-seed confirmation
multidensity_2d,0.75,OPTICS,20000,3,3,1,0.8449122700230208,0.14645841656757655,0.9672290563794946,0.026112891662798367,0.8906053118370586,0.11190770060706179,9.666666666666666,6,1.611111111111111,0.6814647064528178,0.6814647064528178,23.54261593333346,23.60768250000001,187.4375,0,ok:3,non-ok F1=0,fresh-seed confirmation
multidensity_2d,0.75,SNN-DBSCAN,20000,3,3,1,0.2960616842999304,0.03523611817821424,0.17123140799158806,0.004339727742176953,0.12781631134757618,0.015915710118939195,489.6666666666667,6,81.6111111111111,6.350684998563629,6.350684998563629,0.3787684000002021,0.3409356000001935,247.33203125,0,ok:3,non-ok F1=0,fresh-seed confirmation
multidensity_2d,0.75,VDBSCAN-2007,20000,3,3,1,0.9905967302808342,0.0007300274454018973,0.029763112673776713,0.004353389970343909,0.041700410547349576,0.0007843747665018455,63,6,10.5,3.388604753376383,3.388604753376383,0.45019600000008114,0.44023550000019895,190.8828125,0,ok:3,non-ok F1=0,fresh-seed confirmation
multidensity_2d,0.75,AMD-DBSCAN,20000,3,3,1,0.9875611577311121,0.0010615392026401694,0,0,0.03562526611662722,0.0002724911839044599,9.333333333333334,6,1.5555555555555556,0.6356301985361729,0.6356301985361729,7.572302599999905,7.537553299999672,6286.4921875,0,ok:3,non-ok F1=0,fresh-seed confirmation
multidensity_2d,0.75,kNN-DBSCAN,20000,3,3,1,0.9900867008952999,0.001181521185744908,0.9943687990643699,0.0003036812814555087,0.9781519854308689,0.0023923319068224597,20,6,3.3333333333333335,1.7332241149454548,1.7332241149454548,0.09450170000006135,0.09587499999997817,186.4375,0,ok:3,non-ok F1=0,fresh-seed confirmation
multidensity_2d,0.75,kNN+Leiden,20000,3,3,1,0.94004706656423,0.023279207480519964,0,0,0.3687996664069985,0.033261675818427906,23.666666666666668,6,3.9444444444444446,1.979533151778619,1.979533151778619,1.3270389666668052,1.2800845000001573,288.94140625,0,ok:3,non-ok F1=0,fresh-seed confirmation
ultrasparse_16d,0.95,StrataSCAN,20000,3,3,1,0.9979818141494788,0.0005080777598154066,0.9998947483828062,0.00002631025020337038,0.9959956482007518,0.0009978019200832173,12,12,1,0,0,2.5044553333333774,2.4452892999997857,240.03125,0,ok:3,non-ok F1=0,fresh-seed confirmation
ultrasparse_16d,0.95,DBSCAN,20000,3,3,1,0.860944527361693,0.10008580897301571,0.9999912278393291,0.000015193827974143716,0.8145267739049139,0.1338432296481262,9.666666666666666,12,0.8055555555555555,-0.324509262879603,0.324509262879603,3.1443804333333296,3.1599827999998524,201.80859375,0,ok:3,non-ok F1=0,fresh-seed confirmation
ultrasparse_16d,0.95,HDBSCAN,20000,3,3,1,0.991617723980462,0.0024475334644812686,0.9959838203151999,0.00041696157980292126,0.9731308955556847,0.005725832681719678,24.333333333333332,12,2.027777777777778,1.0157079707046754,1.0157079707046754,18.87607726666647,18.56598220000069,193.1875,0,ok:3,non-ok F1=0,fresh-seed confirmation
ultrasparse_16d,0.95,OPTICS,20000,3,3,1,0.8167709164698042,0.09403770557508968,0.9865722518497827,0.0010432044463381614,0.8301778049724812,0.06508298172425638,37.666666666666664,12,3.1388888888888893,1.6488063199317187,1.6488063199317187,8.932354766666625,8.777545900000405,199.2265625,0,ok:3,non-ok F1=0,fresh-seed confirmation
ultrasparse_16d,0.95,SNN-DBSCAN,20000,3,3,1,0.09864801784942384,0.029899245430894696,0.976027238761653,0.0005959547072309491,0.012550228976238788,0.007035898015830581,8.666666666666666,12,0.7222222222222223,-0.48522649459206324,0.48522649459206324,1.7381769333330037,1.7094131999992896,256.90234375,0,ok:3,non-ok F1=0,fresh-seed confirmation
ultrasparse_16d,0.95,VDBSCAN-2007,20000,3,3,1,0.6861805786880047,0.0806506072094251,0.004550931045631176,0.0005274317461403483,0.00045830113603666456,1.6041318612953808e-7,8.333333333333334,12,0.6944444444444445,-0.5358941924070799,0.5358941924070799,5.087854433333329,4.932039399999667,213.1640625,0,ok:3,non-ok F1=0,fresh-seed confirmation
ultrasparse_16d,0.95,AMD-DBSCAN,20000,3,0,0,0,0,0,0,0,0,,,,,,,,,3,memory_limit:3,non-ok F1=0,fresh-seed confirmation
ultrasparse_16d,0.95,kNN-DBSCAN,20000,3,3,1,0.9998336660013307,0.0002880989367213457,0.9999912278393291,0.000015193827974143716,0.9996643168848607,0.0005814202106642282,12,12,1,0,0,1.4558205333332808,1.4754914000004646,197.80078125,0,ok:3,non-ok F1=0,fresh-seed confirmation
ultrasparse_16d,0.95,kNN+Leiden,20000,3,3,1,0.5756528248151453,0.03973144866928755,0,0,0.0009578011483993227,0.000006631158668318753,11.666666666666666,12,0.9722222222222222,-0.04184362736128633,0.04184362736128633,10.390571699999782,10.116584999999759,324.828125,0,ok:3,non-ok F1=0,fresh-seed confirmation
overlapping_density_16d,0.8,StrataSCAN,20000,3,3,1,0.24710437269507043,0.12089079445809754,0.721075552797855,0.3049405901663058,0.04421512276924708,0.0088626432984831,23.333333333333332,8,2.9166666666666665,0.18741414140702414,1.7974391409262533,4.722525899999407,4.535353100000066,280.69921875,0,ok:3,non-ok F1=0,fresh-seed confirmation
overlapping_density_16d,0.8,DBSCAN,20000,3,3,1,0.5380408280053439,0.012603006264059248,0.9201153848763921,0.000400152702349055,0.27411905631141437,0.006118343517938002,48.666666666666664,8,6.083333333333333,2.5975544064378187,2.5975544064378187,2.995992600000136,2.9060457000005044,198.15625,0,ok:3,non-ok F1=0,fresh-seed confirmation
overlapping_density_16d,0.8,HDBSCAN,20000,3,3,1,0.5033645711662343,0.019763550262693285,0.9022177550382996,0.0034710669288482397,0.25242981104129475,0.006925655672106636,50.333333333333336,8,6.291666666666667,2.6440408192933593,2.6440408192933593,7.495811099999931,7.5571719999998095,190.59765625,0,ok:3,non-ok F1=0,fresh-seed confirmation
overlapping_density_16d,0.8,OPTICS,20000,3,3,1,0.40962952580193107,0.05432361419974096,0.9087429567052235,0.0030790044137596387,0.2866274675747937,0.04029494262452913,23.333333333333332,8,2.9166666666666665,1.5357767712498702,1.5357767712498702,9.119624033333517,8.496731900000668,200.2734375,0,ok:3,non-ok F1=0,fresh-seed confirmation
overlapping_density_16d,0.8,SNN-DBSCAN,20000,3,3,1,0,0,0.8887654115192039,0.00010693453893974606,0,0,0.6666666666666666,8,0.08333333333333333,-3,2,1.8365395000000717,1.912695199999689,265.3515625,0,ok:3,non-ok F1=0,fresh-seed confirmation
overlapping_density_16d,0.8,VDBSCAN-2007,20000,3,3,1,0.13762770697688165,0.1529447191514543,0.04260575142261019,0.0006878076897037693,0.01094455198702196,0.0003645535465675422,8.333333333333334,8,1.0416666666666667,-1.4921460146476624,2.507853985352338,3.6157952333333014,3.1330961999992724,215.51171875,0,ok:3,non-ok F1=0,fresh-seed confirmation
overlapping_density_16d,0.8,AMD-DBSCAN,20000,3,0,0,0,0,0,0,0,0,,,,,,,,,3,memory_limit:3,non-ok F1=0,fresh-seed confirmation
overlapping_density_16d,0.8,kNN-DBSCAN,20000,3,3,1,0.5330884322700729,0.013438386695788562,0.9201365063572965,0.0003990061405042809,0.2718343420652019,0.006090843805479668,53,8,6.625,2.7230995652642815,2.7230995652642815,1.22260693333313,1.2167169000003923,200.7734375,0,ok:3,non-ok F1=0,fresh-seed confirmation
overlapping_density_16d,0.8,kNN+Leiden,20000,3,3,1,0.3999033107672545,0.03875667395811561,0,0,0.08180926750474522,0.002689913751511235,10.333333333333334,8,1.2916666666666667,0.3677626028040073,0.3677626028040073,7.007336733333432,6.775740799999767,318.421875,0,ok:3,non-ok F1=0,fresh-seed confirmation
moons_2d,0.25,StrataSCAN,20000,3,3,1,0.9873429098331257,0.003187450826960628,0.9666081015978673,0.0005751347011854253,0.9748269602744087,0.00623696310996272,3,2,1.5,0.44064269829578745,0.44064269829578745,1.3985048333330876,1.3967150999997102,242.20703125,0,ok:3,non-ok F1=0,fresh-seed confirmation
moons_2d,0.25,DBSCAN,20000,3,3,1,0.18638372728177063,0.04173248473878193,0.7115013114552987,0.008071637852966511,0.057697519302119527,0.009432990505180781,388.3333333333333,2,194.16666666666666,7.601011252127677,7.601011252127677,0.2477798666665573,0.23684309999953257,191.96484375,0,ok:3,non-ok F1=0,fresh-seed confirmation
moons_2d,0.25,HDBSCAN,20000,3,3,1,0.9894107961358464,0.0006840926010450014,0.599717023418424,0.029080779633200472,0.9774473642962596,0.0015783282156081916,29,2,14.5,3.8538422080454957,3.8538422080454957,3.778135200000179,3.743510600001173,193.75,0,ok:3,non-ok F1=0,fresh-seed confirmation
moons_2d,0.25,OPTICS,20000,3,3,1,0.008127511789142219,0.0038661682713037235,0.3983605137554185,0.003658421492484963,0.00005943011887855941,0.000043319255313913514,2.6666666666666665,2,1.3333333333333333,0.3899750004807708,0.3899750004807708,22.472011866666435,22.32659270000113,191.33984375,0,ok:3,non-ok F1=0,fresh-seed confirmation
moons_2d,0.25,SNN-DBSCAN,20000,3,3,1,0.06549768456842935,0.011749766743764684,0.16497289073651356,0.01276960901690511,0.017394581566242552,0.000996822464401056,486.6666666666667,2,243.33333333333334,7.925558463190132,7.925558463190132,0.2950633999995868,0.2905535999998392,247.48828125,0,ok:3,non-ok F1=0,fresh-seed confirmation
moons_2d,0.25,VDBSCAN-2007,20000,3,3,1,0.924178405921951,0.00031697188635973527,0.015951567009881977,0.00431477094445941,0.7716229668730845,0.0005123993988845078,148.66666666666666,2,74.33333333333333,6.215843483263465,6.215843483263465,0.33683830000033294,0.33547320000070613,192.87109375,0,ok:3,non-ok F1=0,fresh-seed confirmation
moons_2d,0.25,AMD-DBSCAN,20000,3,3,1,0.9884801534797075,0.0004508071088415992,0,0,0.8928759745882423,0.0008993881747151364,43,2,21.5,4.416809321482085,4.416809321482085,6.69808309999947,6.673574700000245,6289.6640625,0,ok:3,non-ok F1=0,fresh-seed confirmation
moons_2d,0.25,kNN-DBSCAN,20000,3,3,1,0.024482224151803567,0.0023379349633261943,0.5852892178205908,0.0033130519153126837,0.003151011799291155,0.00017692066238914585,697.6666666666666,2,348.8333333333333,8.44616920695737,8.44616920695737,0.08662010000019411,0.08710059999975783,188.6953125,0,ok:3,non-ok F1=0,fresh-seed confirmation
moons_2d,0.25,kNN+Leiden,20000,3,3,1,0.28149484082306264,0.02691094154985765,0,0,0.2202796857906201,0.007366384086471637,20.666666666666668,2,10.333333333333334,3.367762602804007,3.367762602804007,1.4192045999995269,1.3414054000004398,293.01953125,0,ok:3,non-ok F1=0,fresh-seed confirmation
rings_2d,0.75,StrataSCAN,20000,3,3,1,0.8069011149574173,0.18458770219463527,0.9783517007080166,0.00044476402347975075,0.7268414245319207,0.20924382393677105,6,2,3,1.3022968652028395,1.3022968652028395,1.9898168666671456,2.1290876000002754,249.4140625,0,ok:3,non-ok F1=0,fresh-seed confirmation
rings_2d,0.75,DBSCAN,20000,3,3,1,0.9162523779018361,0.0023226615572278487,0.527678727309795,0.008243956649856474,0.8255798674718346,0.004889249139561498,893.6666666666666,2,446.8333333333333,8.803473989274515,8.803473989274515,0.25840366666610254,0.25824699999975564,191.16015625,0,ok:3,non-ok F1=0,fresh-seed confirmation
rings_2d,0.75,HDBSCAN,20000,3,3,1,0.9077546725617598,0.012290851928248525,0.5423238247306403,0.01934887944204338,0.7790429317996045,0.024882365809749056,83.66666666666667,2,41.833333333333336,5.385611208713335,5.385611208713335,3.7587561666672022,3.77723320000041,191.90625,0,ok:3,non-ok F1=0,fresh-seed confirmation
rings_2d,0.75,OPTICS,20000,3,3,1,0.03924083946674239,0.005722600575065248,0.8545320958249599,0.0010994605021024237,0.0010251989610103693,0.0003366240436379144,6,2,3,1.5714151725553744,1.5714151725553744,22.14965429999999,21.940598899998804,190.01171875,0,ok:3,non-ok F1=0,fresh-seed confirmation
rings_2d,0.75,SNN-DBSCAN,20000,3,3,1,0.14668062075373756,0.016810792286464683,0.18540003697078677,0.002233981354349237,0.05916072168566384,0.004868990999233059,470,2,235,7.876318382097779,7.876318382097779,0.3041504666671244,0.29996329999994487,254.69140625,0,ok:3,non-ok F1=0,fresh-seed confirmation
rings_2d,0.75,VDBSCAN-2007,20000,3,3,1,0.8988681750367129,0.07260885971318205,0.04827625231684322,0.004144877045277215,0.17669333882843777,0.05745480953698409,194.33333333333334,2,97.16666666666667,6.578859068355325,6.578859068355325,0.35412856666698644,0.35109229999943636,192.23828125,0,ok:3,non-ok F1=0,fresh-seed confirmation
rings_2d,0.75,AMD-DBSCAN,20000,3,3,1,0.9221917540886803,0.004247154185888873,0,0,0.3459221393814798,0.0027463476198324875,879.6666666666666,2,439.8333333333333,8.780744535397607,8.780744535397607,21.751308499999748,9.077258899998924,6289.30078125,0,ok:3,non-ok F1=0,fresh-seed confirmation
rings_2d,0.75,kNN-DBSCAN,20000,3,3,1,0.7407073950335265,0.02696791171903483,0.9699108508190816,0.0008482354851190892,0.7143383258404207,0.012784201446400415,63.333333333333336,2,31.666666666666668,4.982050796649858,4.982050796649858,0.12719966666736582,0.12043360000097891,188.59375,0,ok:3,non-ok F1=0,fresh-seed confirmation
rings_2d,0.75,kNN+Leiden,20000,3,3,1,0.3908679810053262,0.0219566541962981,0,0,0.1797453327172525,0.01228569602060798,27,2,13.5,3.754227380787388,3.754227380787388,2.2576547333331596,2.31536159999996,292.46484375,0,ok:3,non-ok F1=0,fresh-seed confirmation
overlap_8d,0.25,StrataSCAN,20000,3,3,1,0.8766276469047125,0.03668246811359037,0.8110764565660878,0.008408627440838803,0.7787649481082548,0.04143786470965188,49,6,8.166666666666666,3.0291379096878726,3.0291379096878726,5.3337602333328205,5.2666892999986885,283.99609375,0,ok:3,non-ok F1=0,fresh-seed confirmation
overlap_8d,0.25,DBSCAN,20000,3,3,1,0.18640014141312186,0.01291942215230785,0.4389627405392465,0.002129670621898559,0.061223404297323925,0.010403515108559105,76.33333333333333,6,12.722222222222221,3.6563722217874264,3.6563722217874264,2.7038571666671487,2.7117656000009447,200.125,0,ok:3,non-ok F1=0,fresh-seed confirmation
overlap_8d,0.25,HDBSCAN,20000,3,3,1,0.33250243509149086,0.09665593603063101,0.9526809770755148,0.031454372270459774,0.30400635595871284,0.06246132769566842,7.333333333333333,6,1.222222222222222,0.17063301284381094,0.5606080133245818,6.923078933332969,7.001031699999658,189.7421875,0,ok:3,non-ok F1=0,fresh-seed confirmation
overlap_8d,0.25,OPTICS,20000,3,3,1,0.012399223251062236,0.0025039217274582097,0.4045917842110698,0.000789329822698224,0.0002027248855719277,0.0000689604904655933,24,6,4,1.9939086095103693,1.9939086095103693,6.98694073333354,7.151389500000732,196.6484375,0,ok:3,non-ok F1=0,fresh-seed confirmation
overlap_8d,0.25,SNN-DBSCAN,20000,3,3,1,0.000352035203520352,0.0006097428585500998,0.3999146495969959,0.00026652131367396845,9.956510849583202e-7,0.0000017245182657588876,0.6666666666666666,6,0.1111111111111111,-2.584962500721156,1.723308333814104,1.0774498999993132,1.0836409999992611,257.359375,0,ok:3,non-ok F1=0,fresh-seed confirmation
overlap_8d,0.25,VDBSCAN-2007,20000,3,3,1,0.6278529110783384,0.09598221268958666,0.9927153275911803,0.00047826055085431387,0.5762220492890896,0.10203012481261531,7,6,1.1666666666666667,0.1949875002403854,0.1949875002403854,4.046413599999141,4.064663499999369,205.11328125,0,ok:3,non-ok F1=0,fresh-seed confirmation
overlap_8d,0.25,AMD-DBSCAN,20000,3,3,1,0.6616129919021813,0.04000524331208051,0,0,0.4472310966501405,0.03721322665014506,38.666666666666664,6,6.444444444444444,2.674122604342818,2.674122604342818,19.85728483333393,15.645069400001375,6229.37109375,0,ok:3,non-ok F1=0,fresh-seed confirmation
overlap_8d,0.25,kNN-DBSCAN,20000,3,3,1,0.17825005663832408,0.005606605210347691,0.4389627405392465,0.002129670621898559,0.05861202667216892,0.011659603423894688,80,6,13.333333333333334,3.722838477062547,3.722838477062547,1.2559260333334048,1.1997357000000193,196.26953125,0,ok:3,non-ok F1=0,fresh-seed confirmation
overlap_8d,0.25,kNN+Leiden,20000,3,3,1,0.9463022545026596,0.0431771310085699,0,0,0.7136068078301716,0.07297254370394372,6.666666666666667,6,1.1111111111111114,0.14826161422429868,0.14826161422429868,4.276925033333707,3.0689486999999644,317.328125,0,ok:3,non-ok F1=0,fresh-seed confirmation
imbalanced_16d,0.75,StrataSCAN,20000,3,3,1,0.9053647587884353,0.06828485484700138,0.9822084601597219,0.005271653844664663,0.7532509346983921,0.2132731118907005,21.666666666666668,8,2.7083333333333335,1.3462491854057703,1.3462491854057703,9.869880466666777,11.776064300000144,292.63671875,0,ok:3,non-ok F1=0,fresh-seed confirmation
imbalanced_16d,0.75,DBSCAN,20000,3,3,1,0.3075090488985314,0.02926845489909337,0.9043434797458026,0.0018947829765322587,0.3875787743337522,0.06372635207346423,12.333333333333334,8,1.5416666666666667,0.5924184383973077,0.5924184383973077,3.388367366666595,3.2827214999997523,198.69140625,0,ok:3,non-ok F1=0,fresh-seed confirmation
imbalanced_16d,0.75,HDBSCAN,20000,3,3,1,0.9853915282036222,0.008191101307215296,0.9934574139116105,0.00030012245131073173,0.9931501419746079,0.0017380528108698985,19.666666666666668,8,2.4583333333333335,1.287803986313879,1.287803986313879,14.848642633333535,14.672086900000068,190.3203125,0,ok:3,non-ok F1=0,fresh-seed confirmation
imbalanced_16d,0.75,OPTICS,20000,3,3,1,0.4844426376281718,0.08039167629164345,0.9310331698399027,0.01046569407234252,0.6548117136120619,0.06579418081770118,6.666666666666667,8,0.8333333333333334,-0.2667758850545452,0.2667758850545452,7.254959700000351,7.329664500000945,202.65234375,0,ok:3,non-ok F1=0,fresh-seed confirmation
imbalanced_16d,0.75,SNN-DBSCAN,20000,3,3,1,0,0,0.8571428571428571,0,0,0,0,8,0,,0,1.4419289000003725,1.4406990999996196,258.9609375,0,ok:3,non-ok F1=0,fresh-seed confirmation
imbalanced_16d,0.75,VDBSCAN-2007,20000,3,3,1,0.908121287930772,0.08450600798159912,0.010433920510709668,0.0008585212782274789,0.040528774563130046,0.00032535486705618973,8,8,1,-0.00757335883336117,0.12085669312823609,4.130275933333299,4.222754700000223,302.73046875,0,ok:3,non-ok F1=0,fresh-seed confirmation
imbalanced_16d,0.75,AMD-DBSCAN,20000,3,1,0.3333333333333333,0.019912903229623306,0.034490160119909956,0,0,0.007686136829482882,0.013312779502590718,1,8,0.125,-3,3,52.08225080000011,52.08225080000011,7591.07421875,2,ok:1;memory_limit:2,non-ok F1=0,fresh-seed confirmation
imbalanced_16d,0.75,kNN-DBSCAN,20000,3,3,1,0.3032048205054982,0.03259130825899048,0.904207642918491,0.002048796149035047,0.38326844252596226,0.0646138997037104,15,8,1.875,0.8566185361103159,0.8566185361103159,1.437846366667145,1.4164645000000746,198.50390625,0,ok:3,non-ok F1=0,fresh-seed confirmation
imbalanced_16d,0.75,kNN+Leiden,20000,3,3,1,0.8125348484190641,0.05636804804911996,0,0,0.04471709247109876,0.0015465666573959,8.333333333333334,8,1.0416666666666667,0.05664166714743746,0.05664166714743746,3.5099871000002167,3.495599600000787,323.83203125,0,ok:3,non-ok F1=0,fresh-seed confirmation
