benchmark,condition,architecture,topology,density_ratio,noise_fraction,n,method,seed,status,target_f1,noise_f1,pairwise_f1,predicted_clusters,truth_clusters,granularity_ratio,granularity_log2_ratio,runtime_seconds,peak_rss_mb,error_type,skip_reason
noise-aware six-architecture endpoint,gaussian_noise_curve_r4,Gaussian 4x,compact_gaussian,4,0.99,180000,StrataSCAN,23,ok,0.9548542133721397,0.9993879705327464,0.9095500615190097,15,6,2.5,1.3219280948873624,13.426329900001292,410.1875,,
noise-aware six-architecture endpoint,gaussian_noise_curve_r4,Gaussian 4x,compact_gaussian,4,0.99,180000,DBSCAN,23,ok,0.9234754730671487,0.4748112771529811,0.3281967473031399,11287,6,1881.1666666666667,10.877411958361881,3.6907541999971727,237.8828125,,
noise-aware six-architecture endpoint,gaussian_noise_curve_r4,Gaussian 4x,compact_gaussian,4,0.99,180000,HDBSCAN,23,timeout,,,,,,,,,,,
noise-aware six-architecture endpoint,gaussian_noise_curve_r4,Gaussian 4x,compact_gaussian,4,0.99,180000,OPTICS,23,timeout,,,,,,,,,,,
noise-aware six-architecture endpoint,gaussian_noise_curve_r4,Gaussian 4x,compact_gaussian,4,0.99,180000,kNN-DBSCAN,23,ok,0.9513666427550493,0.684987307397131,0.548198680493948,10718,6,1786.3333333333333,10.802785599990138,1.7553501999936998,219.8203125,,
noise-aware six-architecture endpoint,gaussian_noise_curve_r4,Gaussian 4x,compact_gaussian,4,0.99,180000,SNN-DBSCAN,23,ok,0.5157018778143425,0.17537431814227672,0.026015367054586545,4807,6,801.1666666666666,9.64595858741674,4.57486219999555,359.7734375,,
noise-aware six-architecture endpoint,gaussian_noise_curve_r4,Gaussian 4x,compact_gaussian,4,0.99,180000,VDBSCAN-2007,23,ok,0.9291285631498649,0.02194508733079139,0.000029537640733309246,378,6,63,5.977279923499917,7.507686400000239,254.3046875,,
noise-aware six-architecture endpoint,gaussian_noise_curve_r4,Gaussian 4x,compact_gaussian,4,0.99,180000,kNN+Leiden,23,ok,0.30142301755281803,0,0.001779018999605588,58,6,9.666666666666666,3.273018494406416,134.88893210000242,831.74609375,,
noise-aware six-architecture endpoint,gaussian_noise_curve_r4,Gaussian 4x,compact_gaussian,4,0.99,180000,AMD-DBSCAN,23,skipped_resource_limit,,,,,,,,,,,"AMD-DBSCAN's compatibility path is O(n^2) and is explicitly skipped for every cell in this n=3,600 to 180,000 replicated benchmark."
noise-aware six-architecture endpoint,gaussian_noise_curve_r4,Gaussian 4x,compact_gaussian,4,0.99,180000,StrataSCAN,42,ok,0.9677926441339534,0.9996379953360329,0.9367536842028726,8,6,1.3333333333333333,0.41503749927884376,12.076152499997988,408.609375,,
noise-aware six-architecture endpoint,gaussian_noise_curve_r4,Gaussian 4x,compact_gaussian,4,0.99,180000,DBSCAN,42,ok,0.9272686221396893,0.47308621664695905,0.32794137271067125,11303,6,1883.8333333333333,10.879455617017408,4.535636699991301,237.5703125,,
noise-aware six-architecture endpoint,gaussian_noise_curve_r4,Gaussian 4x,compact_gaussian,4,0.99,180000,HDBSCAN,42,timeout,,,,,,,,,,,
noise-aware six-architecture endpoint,gaussian_noise_curve_r4,Gaussian 4x,compact_gaussian,4,0.99,180000,OPTICS,42,timeout,,,,,,,,,,,
noise-aware six-architecture endpoint,gaussian_noise_curve_r4,Gaussian 4x,compact_gaussian,4,0.99,180000,kNN-DBSCAN,42,ok,0.9473705587522936,0.6836565096952908,0.5432878911001529,10746,6,1791,10.806549621985962,1.7541410999983782,220.06640625,,
noise-aware six-architecture endpoint,gaussian_noise_curve_r4,Gaussian 4x,compact_gaussian,4,0.99,180000,SNN-DBSCAN,42,ok,0.49933154424910137,0.17454653430878156,0.021699950735888648,4800,6,800,9.643856189774725,5.365453399994294,360.13671875,,
noise-aware six-architecture endpoint,gaussian_noise_curve_r4,Gaussian 4x,compact_gaussian,4,0.99,180000,VDBSCAN-2007,42,ok,0.9345683278114411,0.020593821853443967,0.00002933436665586439,347,6,57.833333333333336,5.8538293518571045,7.469726399998763,255.390625,,
noise-aware six-architecture endpoint,gaussian_noise_curve_r4,Gaussian 4x,compact_gaussian,4,0.99,180000,kNN+Leiden,42,ok,0.27753563547401483,0,0.0017074080765928415,57,6,9.5,3.2479275134435857,86.87785540000186,834.53515625,,
noise-aware six-architecture endpoint,gaussian_noise_curve_r4,Gaussian 4x,compact_gaussian,4,0.99,180000,AMD-DBSCAN,42,skipped_resource_limit,,,,,,,,,,,"AMD-DBSCAN's compatibility path is O(n^2) and is explicitly skipped for every cell in this n=3,600 to 180,000 replicated benchmark."
noise-aware six-architecture endpoint,gaussian_noise_curve_r4,Gaussian 4x,compact_gaussian,4,0.99,180000,StrataSCAN,73,ok,0.96006074582553,0.9995059565915496,0.9202862591790192,11,6,1.8333333333333333,0.874469117916141,16.38461670000106,506.03515625,,
noise-aware six-architecture endpoint,gaussian_noise_curve_r4,Gaussian 4x,compact_gaussian,4,0.99,180000,DBSCAN,73,ok,0.9378877655838348,0.474595857783028,0.33007348458737135,11108,6,1851.3333333333333,10.85434896109769,4.465469100003247,236.53515625,,
noise-aware six-architecture endpoint,gaussian_noise_curve_r4,Gaussian 4x,compact_gaussian,4,0.99,180000,HDBSCAN,73,timeout,,,,,,,,,,,
noise-aware six-architecture endpoint,gaussian_noise_curve_r4,Gaussian 4x,compact_gaussian,4,0.99,180000,OPTICS,73,timeout,,,,,,,,,,,
noise-aware six-architecture endpoint,gaussian_noise_curve_r4,Gaussian 4x,compact_gaussian,4,0.99,180000,kNN-DBSCAN,73,ok,0.9523139673895549,0.6869446040939033,0.5469632172984462,10589,6,1764.8333333333333,10.785316229899705,1.7676957000076072,219.74609375,,
noise-aware six-architecture endpoint,gaussian_noise_curve_r4,Gaussian 4x,compact_gaussian,4,0.99,180000,SNN-DBSCAN,73,ok,0.4254965826859663,0.1791116422056766,0.018838210011027364,4794,6,799,9.642051692927977,4.847203500001342,362.03515625,,
noise-aware six-architecture endpoint,gaussian_noise_curve_r4,Gaussian 4x,compact_gaussian,4,0.99,180000,VDBSCAN-2007,73,ok,0.9159793397453241,0.021604338630800062,0.000028138251469949225,349,6,58.166666666666664,5.862120725488496,6.256127899992862,254.4765625,,
noise-aware six-architecture endpoint,gaussian_noise_curve_r4,Gaussian 4x,compact_gaussian,4,0.99,180000,kNN+Leiden,73,ok,0.15755489804227915,0,0.0017588380139601152,58,6,9.666666666666666,3.273018494406416,95.47985109999718,831.5078125,,
noise-aware six-architecture endpoint,gaussian_noise_curve_r4,Gaussian 4x,compact_gaussian,4,0.99,180000,AMD-DBSCAN,73,skipped_resource_limit,,,,,,,,,,,"AMD-DBSCAN's compatibility path is O(n^2) and is explicitly skipped for every cell in this n=3,600 to 180,000 replicated benchmark."
noise-aware six-architecture endpoint,gaussian_noise_curve_r4,Gaussian 4x,compact_gaussian,4,0.99,180000,StrataSCAN,151,ok,0.9594049666778846,0.9994273073338349,0.9185376764752982,15,6,2.5,1.3219280948873624,15.642996099995798,502.515625,,
noise-aware six-architecture endpoint,gaussian_noise_curve_r4,Gaussian 4x,compact_gaussian,4,0.99,180000,DBSCAN,151,ok,0.9259967110512574,0.47365107644078613,0.32311312665880054,11133,6,1855.5,10.857592285697526,4.8520198000042,237.83203125,,
noise-aware six-architecture endpoint,gaussian_noise_curve_r4,Gaussian 4x,compact_gaussian,4,0.99,180000,HDBSCAN,151,timeout,,,,,,,,,,,
noise-aware six-architecture endpoint,gaussian_noise_curve_r4,Gaussian 4x,compact_gaussian,4,0.99,180000,OPTICS,151,timeout,,,,,,,,,,,
noise-aware six-architecture endpoint,gaussian_noise_curve_r4,Gaussian 4x,compact_gaussian,4,0.99,180000,kNN-DBSCAN,151,ok,0.9531228543272204,0.6874638639184217,0.5440840255321485,10560,6,1760,10.78135971352466,1.9646350999973947,219.55859375,,
noise-aware six-architecture endpoint,gaussian_noise_curve_r4,Gaussian 4x,compact_gaussian,4,0.99,180000,SNN-DBSCAN,151,ok,0.5153367537826621,0.17333968615034662,0.025173808816623202,4672,6,778.6666666666666,9.604862058158862,5.4890551999997115,361.6328125,,
noise-aware six-architecture endpoint,gaussian_noise_curve_r4,Gaussian 4x,compact_gaussian,4,0.99,180000,VDBSCAN-2007,151,ok,0.928087657987238,0.023184868822452718,0.00002920759913776307,355,6,59.166666666666664,5.886712713670888,8.771134000009624,254.1484375,,
noise-aware six-architecture endpoint,gaussian_noise_curve_r4,Gaussian 4x,compact_gaussian,4,0.99,180000,kNN+Leiden,151,ok,0.14466737766134483,0,0.0017686695509629314,57,6,9.5,3.2479275134435857,105.92075040000782,841.57421875,,
noise-aware six-architecture endpoint,gaussian_noise_curve_r4,Gaussian 4x,compact_gaussian,4,0.99,180000,AMD-DBSCAN,151,skipped_resource_limit,,,,,,,,,,,"AMD-DBSCAN's compatibility path is O(n^2) and is explicitly skipped for every cell in this n=3,600 to 180,000 replicated benchmark."
noise-aware six-architecture endpoint,anisotropic_ellipses_screen,Anisotropic ellipses,anisotropic_ellipses,1,0.99,180000,StrataSCAN,23,ok,0.8775099134599834,0.998839080911013,0.7674925436816852,6,6,1,0,9.292904499990982,416.2734375,,
noise-aware six-architecture endpoint,anisotropic_ellipses_screen,Anisotropic ellipses,anisotropic_ellipses,1,0.99,180000,DBSCAN,23,ok,0.8684847038116494,0.48061559449204927,0.31431296612844,11284,6,1880.6666666666667,10.877028449864415,4.229073599999538,235.91015625,,
noise-aware six-architecture endpoint,anisotropic_ellipses_screen,Anisotropic ellipses,anisotropic_ellipses,1,0.99,180000,HDBSCAN,23,timeout,,,,,,,,,,,
noise-aware six-architecture endpoint,anisotropic_ellipses_screen,Anisotropic ellipses,anisotropic_ellipses,1,0.99,180000,OPTICS,23,timeout,,,,,,,,,,,
noise-aware six-architecture endpoint,anisotropic_ellipses_screen,Anisotropic ellipses,anisotropic_ellipses,1,0.99,180000,kNN-DBSCAN,23,ok,0.8895664746491511,0.6852948228480791,0.4944168855169731,10695,6,1782.5,10.79968636133125,2.216854300000705,218.2734375,,
noise-aware six-architecture endpoint,anisotropic_ellipses_screen,Anisotropic ellipses,anisotropic_ellipses,1,0.99,180000,SNN-DBSCAN,23,ok,0.5885223591335041,0.17629875943215245,0.036823120436001396,4789,6,798.1666666666666,9.640546219514844,4.700589900006889,362.79296875,,
noise-aware six-architecture endpoint,anisotropic_ellipses_screen,Anisotropic ellipses,anisotropic_ellipses,1,0.99,180000,VDBSCAN-2007,23,ok,0.8773565322432672,0.022954584537552215,0.000024643245069155786,411,6,68.5,6.098032082960526,6.16586060001282,253.35546875,,
noise-aware six-architecture endpoint,anisotropic_ellipses_screen,Anisotropic ellipses,anisotropic_ellipses,1,0.99,180000,kNN+Leiden,23,ok,0.15433579218413138,0,0.0017253880425315042,55,6,9.166666666666666,3.1963972128035034,122.59848839999177,822.8203125,,
noise-aware six-architecture endpoint,anisotropic_ellipses_screen,Anisotropic ellipses,anisotropic_ellipses,1,0.99,180000,AMD-DBSCAN,23,skipped_resource_limit,,,,,,,,,,,"AMD-DBSCAN's compatibility path is O(n^2) and is explicitly skipped for every cell in this n=3,600 to 180,000 replicated benchmark."
noise-aware six-architecture endpoint,anisotropic_ellipses_screen,Anisotropic ellipses,anisotropic_ellipses,1,0.99,180000,StrataSCAN,42,ok,0.8726601918315312,0.9987970692231982,0.7578717822178918,6,6,1,0,11.864694500007317,499.25390625,,
noise-aware six-architecture endpoint,anisotropic_ellipses_screen,Anisotropic ellipses,anisotropic_ellipses,1,0.99,180000,DBSCAN,42,ok,0.8814607486738569,0.4788647033717456,0.3180022849681737,11319,6,1886.5,10.88149638481011,3.7088727000082145,236.6171875,,
noise-aware six-architecture endpoint,anisotropic_ellipses_screen,Anisotropic ellipses,anisotropic_ellipses,1,0.99,180000,HDBSCAN,42,timeout,,,,,,,,,,,
noise-aware six-architecture endpoint,anisotropic_ellipses_screen,Anisotropic ellipses,anisotropic_ellipses,1,0.99,180000,OPTICS,42,timeout,,,,,,,,,,,
noise-aware six-architecture endpoint,anisotropic_ellipses_screen,Anisotropic ellipses,anisotropic_ellipses,1,0.99,180000,kNN-DBSCAN,42,ok,0.9016995185717157,0.6839040349769392,0.5020955598767007,10722,6,1787,10.80332391904149,1.843642899999395,221.01171875,,
noise-aware six-architecture endpoint,anisotropic_ellipses_screen,Anisotropic ellipses,anisotropic_ellipses,1,0.99,180000,SNN-DBSCAN,42,ok,0.7118902146184188,0.1751626759229395,0.05673268215129718,4762,6,793.6666666666666,9.632389404549178,5.509019099990837,362.12109375,,
noise-aware six-architecture endpoint,anisotropic_ellipses_screen,Anisotropic ellipses,anisotropic_ellipses,1,0.99,180000,VDBSCAN-2007,42,ok,0.0005698232977953537,0.021703533068746356,0.00003506989236931959,326,6,54.333333333333336,5.763765653509921,9.399908399995184,254.09375,,
noise-aware six-architecture endpoint,anisotropic_ellipses_screen,Anisotropic ellipses,anisotropic_ellipses,1,0.99,180000,kNN+Leiden,42,ok,0.23449519127161064,0,0.0016299525821617626,54,6,9,3.169925001442312,90.51770090000355,840.05859375,,
noise-aware six-architecture endpoint,anisotropic_ellipses_screen,Anisotropic ellipses,anisotropic_ellipses,1,0.99,180000,AMD-DBSCAN,42,skipped_resource_limit,,,,,,,,,,,"AMD-DBSCAN's compatibility path is O(n^2) and is explicitly skipped for every cell in this n=3,600 to 180,000 replicated benchmark."
noise-aware six-architecture endpoint,anisotropic_ellipses_screen,Anisotropic ellipses,anisotropic_ellipses,1,0.99,180000,StrataSCAN,73,ok,0.8982921851282013,0.9990426000847903,0.8103287232675793,12,6,2,1,14.191288899994106,414.45703125,,
noise-aware six-architecture endpoint,anisotropic_ellipses_screen,Anisotropic ellipses,anisotropic_ellipses,1,0.99,180000,DBSCAN,73,ok,0.8750935873189666,0.4791158146283178,0.31360500424761384,11120,6,1853.3333333333333,10.855906666889714,4.6652186999999685,237.2578125,,
noise-aware six-architecture endpoint,anisotropic_ellipses_screen,Anisotropic ellipses,anisotropic_ellipses,1,0.99,180000,HDBSCAN,73,timeout,,,,,,,,,,,
noise-aware six-architecture endpoint,anisotropic_ellipses_screen,Anisotropic ellipses,anisotropic_ellipses,1,0.99,180000,OPTICS,73,timeout,,,,,,,,,,,
noise-aware six-architecture endpoint,anisotropic_ellipses_screen,Anisotropic ellipses,anisotropic_ellipses,1,0.99,180000,kNN-DBSCAN,73,ok,0.9079461922198363,0.6871300331151442,0.5115108828488476,10567,6,1761.1666666666667,10.782315728638569,1.6592956999957096,220.2109375,,
noise-aware six-architecture endpoint,anisotropic_ellipses_screen,Anisotropic ellipses,anisotropic_ellipses,1,0.99,180000,SNN-DBSCAN,73,ok,0.5430639588430844,0.17951271327092877,0.027512314642105143,4786,6,797.6666666666666,9.639642180817342,4.616388200010988,355.0234375,,
noise-aware six-architecture endpoint,anisotropic_ellipses_screen,Anisotropic ellipses,anisotropic_ellipses,1,0.99,180000,VDBSCAN-2007,73,ok,0.868175446155561,0.022614417523399485,0.000023890491304625957,446,6,74.33333333333333,6.215937399199149,6.801659899996594,253.8125,,
noise-aware six-architecture endpoint,anisotropic_ellipses_screen,Anisotropic ellipses,anisotropic_ellipses,1,0.99,180000,kNN+Leiden,73,ok,0.15421166680806156,0,0.0016758955513137734,54,6,9,3.169925001442312,120.32493470000918,839.796875,,
noise-aware six-architecture endpoint,anisotropic_ellipses_screen,Anisotropic ellipses,anisotropic_ellipses,1,0.99,180000,AMD-DBSCAN,73,skipped_resource_limit,,,,,,,,,,,"AMD-DBSCAN's compatibility path is O(n^2) and is explicitly skipped for every cell in this n=3,600 to 180,000 replicated benchmark."
noise-aware six-architecture endpoint,anisotropic_ellipses_screen,Anisotropic ellipses,anisotropic_ellipses,1,0.99,180000,StrataSCAN,151,ok,0.8590090059287202,0.9986878921604361,0.7328646901017174,6,6,1,0,10.952281700010644,412.2265625,,
noise-aware six-architecture endpoint,anisotropic_ellipses_screen,Anisotropic ellipses,anisotropic_ellipses,1,0.99,180000,DBSCAN,151,ok,0.8565294479550661,0.4782131587824134,0.30552847331202054,11136,6,1856,10.857980995127573,3.960184499999741,235.6953125,,
noise-aware six-architecture endpoint,anisotropic_ellipses_screen,Anisotropic ellipses,anisotropic_ellipses,1,0.99,180000,HDBSCAN,151,timeout,,,,,,,,,,,
noise-aware six-architecture endpoint,anisotropic_ellipses_screen,Anisotropic ellipses,anisotropic_ellipses,1,0.99,180000,OPTICS,151,timeout,,,,,,,,,,,
noise-aware six-architecture endpoint,anisotropic_ellipses_screen,Anisotropic ellipses,anisotropic_ellipses,1,0.99,180000,kNN-DBSCAN,151,ok,0.8921233472499118,0.6877078002172352,0.498549969837874,10541,6,1756.8333333333333,10.778761617397935,4.340646099997684,222.234375,,
noise-aware six-architecture endpoint,anisotropic_ellipses_screen,Anisotropic ellipses,anisotropic_ellipses,1,0.99,180000,SNN-DBSCAN,151,ok,0.6024713723115299,0.17384844743407807,0.04231272110049981,4644,6,774,9.59618975614441,10.91139330000442,361.3671875,,
noise-aware six-architecture endpoint,anisotropic_ellipses_screen,Anisotropic ellipses,anisotropic_ellipses,1,0.99,180000,VDBSCAN-2007,151,ok,0.8197401497237963,0.02405056273216167,0.000020109657722496262,385,6,64.16666666666667,6.003752134861108,16.383984999993118,255.35546875,,
noise-aware six-architecture endpoint,anisotropic_ellipses_screen,Anisotropic ellipses,anisotropic_ellipses,1,0.99,180000,kNN+Leiden,151,ok,0.23431968213574575,0,0.0017236351074981927,57,6,9.5,3.2479275134435857,115.0927542999998,840.984375,,
noise-aware six-architecture endpoint,anisotropic_ellipses_screen,Anisotropic ellipses,anisotropic_ellipses,1,0.99,180000,AMD-DBSCAN,151,skipped_resource_limit,,,,,,,,,,,"AMD-DBSCAN's compatibility path is O(n^2) and is explicitly skipped for every cell in this n=3,600 to 180,000 replicated benchmark."
noise-aware six-architecture endpoint,moon_arcs_screen,Moon arcs,moon_arcs,1,0.99,180000,StrataSCAN,23,ok,0.9849853319317631,0.999609836608554,0.9694223093217287,20,6,3.3333333333333335,1.7369655941662063,14.86945630000264,408.86328125,,
noise-aware six-architecture endpoint,moon_arcs_screen,Moon arcs,moon_arcs,1,0.99,180000,DBSCAN,23,ok,0.9507880740640635,0.4673406812679273,0.3248266022244164,11078,6,1846.3333333333333,10.850447322442164,4.3217239000077825,237.73828125,,
noise-aware six-architecture endpoint,moon_arcs_screen,Moon arcs,moon_arcs,1,0.99,180000,HDBSCAN,23,timeout,,,,,,,,,,,
noise-aware six-architecture endpoint,moon_arcs_screen,Moon arcs,moon_arcs,1,0.99,180000,OPTICS,23,timeout,,,,,,,,,,,
noise-aware six-architecture endpoint,moon_arcs_screen,Moon arcs,moon_arcs,1,0.99,180000,kNN-DBSCAN,23,ok,0.9574081824267634,0.6862088795175394,0.551616557410537,10626,6,1771,10.790348496751914,1.8684785999939777,220.734375,,
noise-aware six-architecture endpoint,moon_arcs_screen,Moon arcs,moon_arcs,1,0.99,180000,SNN-DBSCAN,23,ok,0.5951654329178327,0.17590773261287815,0.03356156549587207,4718,6,786.3333333333334,9.618997202518306,4.86435899999924,356.75,,
noise-aware six-architecture endpoint,moon_arcs_screen,Moon arcs,moon_arcs,1,0.99,180000,VDBSCAN-2007,23,ok,0.9862391394930953,0.02141786487536779,0.00003530716639258187,329,6,54.833333333333336,5.776981273014085,6.969887800005381,255.76953125,,
noise-aware six-architecture endpoint,moon_arcs_screen,Moon arcs,moon_arcs,1,0.99,180000,kNN+Leiden,23,ok,0.1707985062336991,0,0.0016994201159866544,55,6,9.166666666666666,3.1963972128035034,94.25616279999667,841.1640625,,
noise-aware six-architecture endpoint,moon_arcs_screen,Moon arcs,moon_arcs,1,0.99,180000,AMD-DBSCAN,23,skipped_resource_limit,,,,,,,,,,,"AMD-DBSCAN's compatibility path is O(n^2) and is explicitly skipped for every cell in this n=3,600 to 180,000 replicated benchmark."
noise-aware six-architecture endpoint,moon_arcs_screen,Moon arcs,moon_arcs,1,0.99,180000,StrataSCAN,42,ok,0.9855135042251907,0.9997530268246546,0.9707213754724033,12,6,2,1,12.372069300006842,413.46484375,,
noise-aware six-architecture endpoint,moon_arcs_screen,Moon arcs,moon_arcs,1,0.99,180000,DBSCAN,42,ok,0.9510982685726521,0.47013676050171277,0.33551064071186604,11396,6,1899.3333333333333,10.891277405602695,4.264952500001527,236.4453125,,
noise-aware six-architecture endpoint,moon_arcs_screen,Moon arcs,moon_arcs,1,0.99,180000,HDBSCAN,42,timeout,,,,,,,,,,,
noise-aware six-architecture endpoint,moon_arcs_screen,Moon arcs,moon_arcs,1,0.99,180000,OPTICS,42,timeout,,,,,,,,,,,
noise-aware six-architecture endpoint,moon_arcs_screen,Moon arcs,moon_arcs,1,0.99,180000,kNN-DBSCAN,42,ok,0.9636831549256312,0.6858116330007301,0.5572841973378341,10675,6,1779.1666666666667,10.79698594867406,1.9651998000044841,217.1640625,,
noise-aware six-architecture endpoint,moon_arcs_screen,Moon arcs,moon_arcs,1,0.99,180000,SNN-DBSCAN,42,ok,0.5710522238100689,0.17544182904171848,0.03077990141758807,4732,6,788.6666666666666,9.623271857618633,4.824067399997148,360.4921875,,
noise-aware six-architecture endpoint,moon_arcs_screen,Moon arcs,moon_arcs,1,0.99,180000,VDBSCAN-2007,42,ok,0.9886739573348162,0.021857256242749864,0.00003534546643559429,318,6,53,5.727920454563199,6.572596500001964,254.3671875,,
noise-aware six-architecture endpoint,moon_arcs_screen,Moon arcs,moon_arcs,1,0.99,180000,kNN+Leiden,42,ok,0.138500040861686,0,0.0016361853871735851,53,6,8.833333333333334,3.142957953842043,147.32678619999206,841.578125,,
noise-aware six-architecture endpoint,moon_arcs_screen,Moon arcs,moon_arcs,1,0.99,180000,AMD-DBSCAN,42,skipped_resource_limit,,,,,,,,,,,"AMD-DBSCAN's compatibility path is O(n^2) and is explicitly skipped for every cell in this n=3,600 to 180,000 replicated benchmark."
noise-aware six-architecture endpoint,moon_arcs_screen,Moon arcs,moon_arcs,1,0.99,180000,StrataSCAN,73,ok,0.9857706863650367,0.9997305671561363,0.9712855366524036,14,6,2.3333333333333335,1.222392421336448,14.932534100007615,506.03125,,
noise-aware six-architecture endpoint,moon_arcs_screen,Moon arcs,moon_arcs,1,0.99,180000,DBSCAN,73,ok,0.9536225378880564,0.46685278947617465,0.32322344216750687,11142,6,1857,10.858758099935422,4.579625500002294,237.78125,,
noise-aware six-architecture endpoint,moon_arcs_screen,Moon arcs,moon_arcs,1,0.99,180000,HDBSCAN,73,timeout,,,,,,,,,,,
noise-aware six-architecture endpoint,moon_arcs_screen,Moon arcs,moon_arcs,1,0.99,180000,OPTICS,73,timeout,,,,,,,,,,,
noise-aware six-architecture endpoint,moon_arcs_screen,Moon arcs,moon_arcs,1,0.99,180000,kNN-DBSCAN,73,ok,0.9640582920375816,0.6864364613394368,0.5545772198802846,10618,6,1769.6666666666667,10.789261925402576,2.2021778999915114,220,,
noise-aware six-architecture endpoint,moon_arcs_screen,Moon arcs,moon_arcs,1,0.99,180000,SNN-DBSCAN,73,ok,0.6474387444459393,0.1749659529587647,0.036040826631463,4745,6,790.8333333333334,9.627229871187316,5.548733499992522,357.4921875,,
noise-aware six-architecture endpoint,moon_arcs_screen,Moon arcs,moon_arcs,1,0.99,180000,VDBSCAN-2007,73,ok,0.9878868487280082,0.02284477976256518,0.0000356535672229491,340,6,56.666666666666664,5.824428435416546,7.916065400000662,254.13671875,,
noise-aware six-architecture endpoint,moon_arcs_screen,Moon arcs,moon_arcs,1,0.99,180000,kNN+Leiden,73,ok,0.15626450861140764,0,0.0017808672025823964,58,6,9.666666666666666,3.273018494406416,187.5561663999979,841.83203125,,
noise-aware six-architecture endpoint,moon_arcs_screen,Moon arcs,moon_arcs,1,0.99,180000,AMD-DBSCAN,73,skipped_resource_limit,,,,,,,,,,,"AMD-DBSCAN's compatibility path is O(n^2) and is explicitly skipped for every cell in this n=3,600 to 180,000 replicated benchmark."
noise-aware six-architecture endpoint,moon_arcs_screen,Moon arcs,moon_arcs,1,0.99,180000,StrataSCAN,151,ok,0.9838899248270682,0.9997446037007204,0.9675557800761172,12,6,2,1,44.20476140000392,617.98046875,,
noise-aware six-architecture endpoint,moon_arcs_screen,Moon arcs,moon_arcs,1,0.99,180000,DBSCAN,151,ok,0.9288018316109126,0.46351494667138016,0.317831329712505,11163,6,1860.5,10.861474675125773,6.022161900007632,236.5703125,,
noise-aware six-architecture endpoint,moon_arcs_screen,Moon arcs,moon_arcs,1,0.99,180000,HDBSCAN,151,timeout,,,,,,,,,,,
noise-aware six-architecture endpoint,moon_arcs_screen,Moon arcs,moon_arcs,1,0.99,180000,OPTICS,151,timeout,,,,,,,,,,,
noise-aware six-architecture endpoint,moon_arcs_screen,Moon arcs,moon_arcs,1,0.99,180000,kNN-DBSCAN,151,ok,0.9662635890900413,0.6863686792550192,0.5590102755270453,10665,6,1777.5,10.795633844506778,2.3962375999981305,219.28515625,,
noise-aware six-architecture endpoint,moon_arcs_screen,Moon arcs,moon_arcs,1,0.99,180000,SNN-DBSCAN,151,ok,0.576810344872193,0.1765846322261838,0.03073013409856135,4752,6,792,9.62935662007961,7.042383200008771,360.62890625,,
noise-aware six-architecture endpoint,moon_arcs_screen,Moon arcs,moon_arcs,1,0.99,180000,VDBSCAN-2007,151,ok,0.9886969187293028,0.021472784300663388,0.00003547560885366835,335,6,55.833333333333336,5.803054784623979,9.666756799997529,255.50390625,,
noise-aware six-architecture endpoint,moon_arcs_screen,Moon arcs,moon_arcs,1,0.99,180000,kNN+Leiden,151,ok,0.2860368736698608,0,0.001697673951686729,57,6,9.5,3.2479275134435857,115.59507619999931,840.1796875,,
noise-aware six-architecture endpoint,moon_arcs_screen,Moon arcs,moon_arcs,1,0.99,180000,AMD-DBSCAN,151,skipped_resource_limit,,,,,,,,,,,"AMD-DBSCAN's compatibility path is O(n^2) and is explicitly skipped for every cell in this n=3,600 to 180,000 replicated benchmark."
noise-aware six-architecture endpoint,rings_screen,Rings,rings,1,0.99,180000,StrataSCAN,23,ok,0.967518291320284,0.999455371330073,0.9345502281677814,18,6,3,1.584962500721156,15.528081700002076,412.125,,
noise-aware six-architecture endpoint,rings_screen,Rings,rings,1,0.99,180000,DBSCAN,23,ok,0.9367824218733815,0.47102279308614003,0.3243297967605588,11098,6,1849.6666666666667,10.853049586929975,4.832252599997446,236.9140625,,
noise-aware six-architecture endpoint,rings_screen,Rings,rings,1,0.99,180000,HDBSCAN,23,timeout,,,,,,,,,,,
noise-aware six-architecture endpoint,rings_screen,Rings,rings,1,0.99,180000,OPTICS,23,timeout,,,,,,,,,,,
noise-aware six-architecture endpoint,rings_screen,Rings,rings,1,0.99,180000,kNN-DBSCAN,23,ok,0.9165570488523033,0.6863057324840764,0.5179277150535398,10619,6,1769.8333333333333,10.78939779158348,2.312885699997423,220.546875,,
noise-aware six-architecture endpoint,rings_screen,Rings,rings,1,0.99,180000,SNN-DBSCAN,23,ok,0.8186427946954771,0.17597207864651038,0.0694100271152776,4702,6,783.6666666666666,9.614096322931864,6.188295799991465,358.69140625,,
noise-aware six-architecture endpoint,rings_screen,Rings,rings,1,0.99,180000,VDBSCAN-2007,23,ok,0.9785732454898118,0.0219996115103921,0.00003505880948605612,356,6,59.333333333333336,5.890770930245242,7.861522999999579,254.19140625,,
noise-aware six-architecture endpoint,rings_screen,Rings,rings,1,0.99,180000,kNN+Leiden,23,ok,0.23856847342653495,0,0.0016379109118890966,53,6,8.833333333333334,3.142957953842043,143.96327530000417,835.16015625,,
noise-aware six-architecture endpoint,rings_screen,Rings,rings,1,0.99,180000,AMD-DBSCAN,23,skipped_resource_limit,,,,,,,,,,,"AMD-DBSCAN's compatibility path is O(n^2) and is explicitly skipped for every cell in this n=3,600 to 180,000 replicated benchmark."
noise-aware six-architecture endpoint,rings_screen,Rings,rings,1,0.99,180000,StrataSCAN,42,ok,0.9673135696171794,0.999559289586041,0.9340879625531737,12,6,2,1,14.240180700013298,417.5625,,
noise-aware six-architecture endpoint,rings_screen,Rings,rings,1,0.99,180000,DBSCAN,42,ok,0.911953113153947,0.47394270005951794,0.32745631786261437,11401,6,1900.1666666666667,10.891910249864669,5.042906900009257,237.04296875,,
noise-aware six-architecture endpoint,rings_screen,Rings,rings,1,0.99,180000,HDBSCAN,42,timeout,,,,,,,,,,,
noise-aware six-architecture endpoint,rings_screen,Rings,rings,1,0.99,180000,OPTICS,42,timeout,,,,,,,,,,,
noise-aware six-architecture endpoint,rings_screen,Rings,rings,1,0.99,180000,kNN-DBSCAN,42,ok,0.9467652830936051,0.6859036993064492,0.5448427224723834,10667,6,1777.8333333333333,10.795904366735376,2.385040699999081,220.125,,
noise-aware six-architecture endpoint,rings_screen,Rings,rings,1,0.99,180000,SNN-DBSCAN,42,ok,0.787023041218213,0.17585252135461718,0.06252824948459199,4720,6,786.6666666666666,9.619608643528048,6.851109399998677,360.39453125,,
noise-aware six-architecture endpoint,rings_screen,Rings,rings,1,0.99,180000,VDBSCAN-2007,42,ok,0.9797212444699106,0.022559436291508306,0.00003540382441186017,366,6,61,5.930737337562887,12.699032499993336,254.1171875,,
noise-aware six-architecture endpoint,rings_screen,Rings,rings,1,0.99,180000,kNN+Leiden,42,ok,0.2701658992398154,0,0.0016539484830142472,54,6,9,3.169925001442312,86.57584100001259,840.28125,,
noise-aware six-architecture endpoint,rings_screen,Rings,rings,1,0.99,180000,AMD-DBSCAN,42,skipped_resource_limit,,,,,,,,,,,"AMD-DBSCAN's compatibility path is O(n^2) and is explicitly skipped for every cell in this n=3,600 to 180,000 replicated benchmark."
noise-aware six-architecture endpoint,rings_screen,Rings,rings,1,0.99,180000,StrataSCAN,73,ok,0.9725010881495811,0.9995901800400838,0.9445750991610797,14,6,2.3333333333333335,1.222392421336448,19.878078099995037,508.171875,,
noise-aware six-architecture endpoint,rings_screen,Rings,rings,1,0.99,180000,DBSCAN,73,ok,0.9327658679605856,0.47087847259465837,0.32266593284447825,11192,6,1865.3333333333333,10.865217746443598,6.428586900001392,237.19140625,,
noise-aware six-architecture endpoint,rings_screen,Rings,rings,1,0.99,180000,HDBSCAN,73,timeout,,,,,,,,,,,
noise-aware six-architecture endpoint,rings_screen,Rings,rings,1,0.99,180000,OPTICS,73,timeout,,,,,,,,,,,
noise-aware six-architecture endpoint,rings_screen,Rings,rings,1,0.99,180000,kNN-DBSCAN,73,ok,0.9488364378660913,0.6865720045255038,0.5438747895542086,10609,6,1768.1666666666667,10.788038553645281,3.2753427999996347,219.79296875,,
noise-aware six-architecture endpoint,rings_screen,Rings,rings,1,0.99,180000,SNN-DBSCAN,73,ok,0.7319175393651624,0.17537536922612254,0.05554194410239578,4739,6,789.8333333333334,9.625404444911444,6.5896225000033155,359.13671875,,
noise-aware six-architecture endpoint,rings_screen,Rings,rings,1,0.99,180000,VDBSCAN-2007,73,ok,0.9785453487309188,0.023348936264613884,0.000035133891826973304,366,6,61,5.930737337562887,10.023553499995614,254.1328125,,
noise-aware six-architecture endpoint,rings_screen,Rings,rings,1,0.99,180000,kNN+Leiden,73,ok,0.2991412138339546,0,0.0017151027576634372,57,6,9.5,3.2479275134435857,145.8062585999869,840.8515625,,
noise-aware six-architecture endpoint,rings_screen,Rings,rings,1,0.99,180000,AMD-DBSCAN,73,skipped_resource_limit,,,,,,,,,,,"AMD-DBSCAN's compatibility path is O(n^2) and is explicitly skipped for every cell in this n=3,600 to 180,000 replicated benchmark."
noise-aware six-architecture endpoint,rings_screen,Rings,rings,1,0.99,180000,StrataSCAN,151,ok,0.9708899568025341,0.9996070285746366,0.9415559991392687,12,6,2,1,41.535728700007894,625.48828125,,
noise-aware six-architecture endpoint,rings_screen,Rings,rings,1,0.99,180000,DBSCAN,151,ok,0.9100428678104636,0.4674329501915709,0.31683294214884794,11213,6,1868.8333333333333,10.86792219676546,5.1009231000061845,236.46875,,
noise-aware six-architecture endpoint,rings_screen,Rings,rings,1,0.99,180000,HDBSCAN,151,timeout,,,,,,,,,,,
noise-aware six-architecture endpoint,rings_screen,Rings,rings,1,0.99,180000,OPTICS,151,timeout,,,,,,,,,,,
noise-aware six-architecture endpoint,rings_screen,Rings,rings,1,0.99,180000,kNN-DBSCAN,151,ok,0.9496381644717921,0.6864074127312333,0.5469473286267272,10659,6,1776.5,10.794821973331223,2.1649038000032306,220.57421875,,
noise-aware six-architecture endpoint,rings_screen,Rings,rings,1,0.99,180000,SNN-DBSCAN,151,ok,0.6715648048423614,0.1768987228470741,0.04239054938318472,4748,6,791.3333333333334,9.62814171892075,6.670843400002923,358.61328125,,
noise-aware six-architecture endpoint,rings_screen,Rings,rings,1,0.99,180000,VDBSCAN-2007,151,ok,0.9766010120324715,0.02202168869945501,0.00003481164618634304,360,6,60,5.906890595608519,13.25833729999431,254.1328125,,
noise-aware six-architecture endpoint,rings_screen,Rings,rings,1,0.99,180000,kNN+Leiden,151,ok,0.15167593243456576,0,0.0017905069953963874,59,6,9.833333333333334,3.297680548640685,170.2930548000004,832.390625,,
noise-aware six-architecture endpoint,rings_screen,Rings,rings,1,0.99,180000,AMD-DBSCAN,151,skipped_resource_limit,,,,,,,,,,,"AMD-DBSCAN's compatibility path is O(n^2) and is explicitly skipped for every cell in this n=3,600 to 180,000 replicated benchmark."
noise-aware six-architecture endpoint,gaussian_density_r16,Gaussian 16x,compact_gaussian,16,0.99,180000,StrataSCAN,23,ok,0.9714181760520774,0.9995846033804304,0.9431146332012549,14,6,2.3333333333333335,1.222392421336448,25.020450099997106,501.0078125,,
noise-aware six-architecture endpoint,gaussian_density_r16,Gaussian 16x,compact_gaussian,16,0.99,180000,DBSCAN,23,ok,0.9429741689159998,0.4714359238291302,0.3301550845539318,11265,6,1877.5,10.874597192401634,7.460326900007203,238.2265625,,
noise-aware six-architecture endpoint,gaussian_density_r16,Gaussian 16x,compact_gaussian,16,0.99,180000,HDBSCAN,23,timeout,,,,,,,,,,,
noise-aware six-architecture endpoint,gaussian_density_r16,Gaussian 16x,compact_gaussian,16,0.99,180000,OPTICS,23,timeout,,,,,,,,,,,
noise-aware six-architecture endpoint,gaussian_density_r16,Gaussian 16x,compact_gaussian,16,0.99,180000,kNN-DBSCAN,23,ok,0.9572500400357021,0.6849970113568439,0.5526081523563882,10719,6,1786.5,10.80292019858527,2.2413357999903383,219.09375,,
noise-aware six-architecture endpoint,gaussian_density_r16,Gaussian 16x,compact_gaussian,16,0.99,180000,SNN-DBSCAN,23,ok,0.5883648197947614,0.17530806075244604,0.03234749756138176,4800,6,800,9.643856189774725,6.8412882999982685,359.13671875,,
noise-aware six-architecture endpoint,gaussian_density_r16,Gaussian 16x,compact_gaussian,16,0.99,180000,VDBSCAN-2007,23,ok,0.9431328086385301,0.021472903505168374,0.00003071401613895813,336,6,56,5.807354922057604,8.582754000002751,254.42578125,,
noise-aware six-architecture endpoint,gaussian_density_r16,Gaussian 16x,compact_gaussian,16,0.99,180000,kNN+Leiden,23,ok,0.16300900334720528,0,0.0017661304033639042,57,6,9.5,3.2479275134435857,145.38328320000437,840.5546875,,
noise-aware six-architecture endpoint,gaussian_density_r16,Gaussian 16x,compact_gaussian,16,0.99,180000,AMD-DBSCAN,23,skipped_resource_limit,,,,,,,,,,,"AMD-DBSCAN's compatibility path is O(n^2) and is explicitly skipped for every cell in this n=3,600 to 180,000 replicated benchmark."
noise-aware six-architecture endpoint,gaussian_density_r16,Gaussian 16x,compact_gaussian,16,0.99,180000,StrataSCAN,42,ok,0.9764895181184544,0.9997221668738722,0.9532301784096529,9,6,1.5,0.5849625007211562,16.062662800002727,508.171875,,
noise-aware six-architecture endpoint,gaussian_density_r16,Gaussian 16x,compact_gaussian,16,0.99,180000,DBSCAN,42,ok,0.9439635059529622,0.4689143210640272,0.3282984478107947,11280,6,1880,10.876516946565,5.294360500003677,237.73828125,,
noise-aware six-architecture endpoint,gaussian_density_r16,Gaussian 16x,compact_gaussian,16,0.99,180000,HDBSCAN,42,timeout,,,,,,,,,,,
noise-aware six-architecture endpoint,gaussian_density_r16,Gaussian 16x,compact_gaussian,16,0.99,180000,OPTICS,42,timeout,,,,,,,,,,,
noise-aware six-architecture endpoint,gaussian_density_r16,Gaussian 16x,compact_gaussian,16,0.99,180000,kNN-DBSCAN,42,ok,0.9560840562556677,0.6836078894880697,0.5492879260757654,10750,6,1791.6666666666667,10.807086538643029,2.144846700000926,221.65234375,,
noise-aware six-architecture endpoint,gaussian_density_r16,Gaussian 16x,compact_gaussian,16,0.99,180000,SNN-DBSCAN,42,ok,0.4709178296609931,0.17464087888685254,0.02039848042746173,4801,6,800.1666666666666,9.644156719937438,5.607137099999818,362.08203125,,
noise-aware six-architecture endpoint,gaussian_density_r16,Gaussian 16x,compact_gaussian,16,0.99,180000,VDBSCAN-2007,42,ok,0.9597988919497183,0.019867991199413293,0.000032061192212005376,325,6,54.166666666666664,5.759333407194661,8.565378300001612,255.05078125,,
noise-aware six-architecture endpoint,gaussian_density_r16,Gaussian 16x,compact_gaussian,16,0.99,180000,kNN+Leiden,42,ok,0.15455513287157355,0,0.0016801634280169007,55,6,9.166666666666666,3.1963972128035034,225.86616809999396,841.4296875,,
noise-aware six-architecture endpoint,gaussian_density_r16,Gaussian 16x,compact_gaussian,16,0.99,180000,AMD-DBSCAN,42,skipped_resource_limit,,,,,,,,,,,"AMD-DBSCAN's compatibility path is O(n^2) and is explicitly skipped for every cell in this n=3,600 to 180,000 replicated benchmark."
noise-aware six-architecture endpoint,gaussian_density_r16,Gaussian 16x,compact_gaussian,16,0.99,180000,StrataSCAN,73,ok,0.9494228008633988,0.9995846127074831,0.9102620804574708,12,6,2,1,18.777914099991904,506.4296875,,
noise-aware six-architecture endpoint,gaussian_density_r16,Gaussian 16x,compact_gaussian,16,0.99,180000,DBSCAN,73,ok,0.9423150717221759,0.4709571962400305,0.32679222644964717,11094,6,1849,10.852529509404196,6.308517099998426,237.734375,,
noise-aware six-architecture endpoint,gaussian_density_r16,Gaussian 16x,compact_gaussian,16,0.99,180000,HDBSCAN,73,timeout,,,,,,,,,,,
noise-aware six-architecture endpoint,gaussian_density_r16,Gaussian 16x,compact_gaussian,16,0.99,180000,OPTICS,73,timeout,,,,,,,,,,,
noise-aware six-architecture endpoint,gaussian_density_r16,Gaussian 16x,compact_gaussian,16,0.99,180000,kNN-DBSCAN,73,ok,0.9610843028000734,0.6869542791880042,0.5529253651476757,10589,6,1764.8333333333333,10.785316229899705,2.508929999996326,221.0546875,,
noise-aware six-architecture endpoint,gaussian_density_r16,Gaussian 16x,compact_gaussian,16,0.99,180000,SNN-DBSCAN,73,ok,0.5176587684179714,0.17905660762803619,0.024021279356229407,4789,6,798.1666666666666,9.640546219514844,6.678798499997356,362.35546875,,
noise-aware six-architecture endpoint,gaussian_density_r16,Gaussian 16x,compact_gaussian,16,0.99,180000,VDBSCAN-2007,73,ok,0.9407909458851567,0.02097851617811193,0.00003068934007635551,334,6,55.666666666666664,5.798741791752896,10.572536499996204,254.47265625,,
noise-aware six-architecture endpoint,gaussian_density_r16,Gaussian 16x,compact_gaussian,16,0.99,180000,kNN+Leiden,73,ok,0.14895284529791494,0,0.0016779737686681948,54,6,9,3.169925001442312,132.51841799999238,831.9140625,,
noise-aware six-architecture endpoint,gaussian_density_r16,Gaussian 16x,compact_gaussian,16,0.99,180000,AMD-DBSCAN,73,skipped_resource_limit,,,,,,,,,,,"AMD-DBSCAN's compatibility path is O(n^2) and is explicitly skipped for every cell in this n=3,600 to 180,000 replicated benchmark."
noise-aware six-architecture endpoint,gaussian_density_r16,Gaussian 16x,compact_gaussian,16,0.99,180000,StrataSCAN,151,ok,0.9685429980985775,0.9996267389614363,0.9379053084648493,9,6,1.5,0.5849625007211562,14.600225599991973,507.64453125,,
noise-aware six-architecture endpoint,gaussian_density_r16,Gaussian 16x,compact_gaussian,16,0.99,180000,DBSCAN,151,ok,0.9396491310353158,0.4700756372502726,0.32327123293602067,11121,6,1853.5,10.856036399819155,4.870566300000064,239.43359375,,
noise-aware six-architecture endpoint,gaussian_density_r16,Gaussian 16x,compact_gaussian,16,0.99,180000,HDBSCAN,151,timeout,,,,,,,,,,,
noise-aware six-architecture endpoint,gaussian_density_r16,Gaussian 16x,compact_gaussian,16,0.99,180000,OPTICS,151,timeout,,,,,,,,,,,
noise-aware six-architecture endpoint,gaussian_density_r16,Gaussian 16x,compact_gaussian,16,0.99,180000,kNN-DBSCAN,151,ok,0.9631763325615346,0.6874302570958226,0.5514738538976527,10563,6,1760.5,10.781769511863132,2.2017826000083005,221.58203125,,
noise-aware six-architecture endpoint,gaussian_density_r16,Gaussian 16x,compact_gaussian,16,0.99,180000,SNN-DBSCAN,151,ok,0.5431198885470049,0.17340785786375537,0.028577470209393975,4668,6,778,9.603626344986193,5.707425900007365,359.33203125,,
noise-aware six-architecture endpoint,gaussian_density_r16,Gaussian 16x,compact_gaussian,16,0.99,180000,VDBSCAN-2007,151,ok,0.9394173741622471,0.022735216284140276,0.00003071118416155867,329,6,54.833333333333336,5.776981273014085,6.9657571999996435,255.80859375,,
noise-aware six-architecture endpoint,gaussian_density_r16,Gaussian 16x,compact_gaussian,16,0.99,180000,kNN+Leiden,151,ok,0.12881028114074067,0,0.001759615799300589,56,6,9.333333333333334,3.222392421336448,97.11894640000537,841.0390625,,
noise-aware six-architecture endpoint,gaussian_density_r16,Gaussian 16x,compact_gaussian,16,0.99,180000,AMD-DBSCAN,151,skipped_resource_limit,,,,,,,,,,,"AMD-DBSCAN's compatibility path is O(n^2) and is explicitly skipped for every cell in this n=3,600 to 180,000 replicated benchmark."
noise-aware six-architecture endpoint,gaussian_density_r64,Gaussian 64x,compact_gaussian,64,0.99,180000,StrataSCAN,23,ok,0.9753032700173998,0.9996267305808689,0.9511339791833757,14,6,2.3333333333333335,1.222392421336448,16.741623099995195,412.44140625,,
noise-aware six-architecture endpoint,gaussian_density_r64,Gaussian 64x,compact_gaussian,64,0.99,180000,DBSCAN,23,ok,0.9472795022554016,0.468940630638371,0.3291161378814387,11246,6,1874.3333333333333,10.872161830819648,5.393042800002149,238.5234375,,
noise-aware six-architecture endpoint,gaussian_density_r64,Gaussian 64x,compact_gaussian,64,0.99,180000,HDBSCAN,23,timeout,,,,,,,,,,,
noise-aware six-architecture endpoint,gaussian_density_r64,Gaussian 64x,compact_gaussian,64,0.99,180000,OPTICS,23,timeout,,,,,,,,,,,
noise-aware six-architecture endpoint,gaussian_density_r64,Gaussian 64x,compact_gaussian,64,0.99,180000,kNN-DBSCAN,23,ok,0.9627148849022569,0.6849824553635669,0.5562957442652028,10721,6,1786.8333333333333,10.803189358108606,2.7279295999906026,220.40234375,,
noise-aware six-architecture endpoint,gaussian_density_r64,Gaussian 64x,compact_gaussian,64,0.99,180000,SNN-DBSCAN,23,ok,0.5915201587272291,0.17535743892578984,0.032716467215920204,4802,6,800.3333333333334,9.64445718750926,6.767158200003905,361.3984375,,
noise-aware six-architecture endpoint,gaussian_density_r64,Gaussian 64x,compact_gaussian,64,0.99,180000,VDBSCAN-2007,23,ok,0.9576363759082808,0.021220247514033015,0.00003194185699493066,325,6,54.166666666666664,5.759333407194661,9.29459499999939,254.609375,,
noise-aware six-architecture endpoint,gaussian_density_r64,Gaussian 64x,compact_gaussian,64,0.99,180000,kNN+Leiden,23,ok,0.28124699887532173,0,0.0016881361810361006,55,6,9.166666666666666,3.1963972128035034,162.6117540999985,840.7890625,,
noise-aware six-architecture endpoint,gaussian_density_r64,Gaussian 64x,compact_gaussian,64,0.99,180000,AMD-DBSCAN,23,skipped_resource_limit,,,,,,,,,,,"AMD-DBSCAN's compatibility path is O(n^2) and is explicitly skipped for every cell in this n=3,600 to 180,000 replicated benchmark."
noise-aware six-architecture endpoint,gaussian_density_r64,Gaussian 64x,compact_gaussian,64,0.99,180000,StrataSCAN,42,ok,0.9805544582504853,0.9997670796559515,0.961380443714051,8,6,1.3333333333333333,0.41503749927884376,16.432723600009922,416.3046875,,
noise-aware six-architecture endpoint,gaussian_density_r64,Gaussian 64x,compact_gaussian,64,0.99,180000,DBSCAN,42,ok,0.9485366010053934,0.4664239795523198,0.32638001986660986,11264,6,1877.3333333333333,10.87446911791614,5.797535700010485,238.55859375,,
noise-aware six-architecture endpoint,gaussian_density_r64,Gaussian 64x,compact_gaussian,64,0.99,180000,HDBSCAN,42,timeout,,,,,,,,,,,
noise-aware six-architecture endpoint,gaussian_density_r64,Gaussian 64x,compact_gaussian,64,0.99,180000,OPTICS,42,timeout,,,,,,,,,,,
noise-aware six-architecture endpoint,gaussian_density_r64,Gaussian 64x,compact_gaussian,64,0.99,180000,kNN-DBSCAN,42,ok,0.9679058267508126,0.683559265689063,0.5572686175555146,10757,6,1792.8333333333333,10.80802566224398,2.3897780000115745,220.6875,,
noise-aware six-architecture endpoint,gaussian_density_r64,Gaussian 64x,compact_gaussian,64,0.99,180000,SNN-DBSCAN,42,ok,0.49039245365337064,0.17472408215082824,0.020683578582664622,4799,6,799.8333333333334,9.643555596995038,5.476508000007016,358.90625,,
noise-aware six-architecture endpoint,gaussian_density_r64,Gaussian 64x,compact_gaussian,64,0.99,180000,VDBSCAN-2007,42,ok,0.9706977860120699,0.019537892174840796,0.00003309133972101411,319,6,53.166666666666664,5.732450113043713,7.864745099999709,254.73828125,,
noise-aware six-architecture endpoint,gaussian_density_r64,Gaussian 64x,compact_gaussian,64,0.99,180000,kNN+Leiden,42,ok,0.12168564572644158,0,0.001646612525198342,54,6,9,3.169925001442312,150.5321466000023,840.4453125,,
noise-aware six-architecture endpoint,gaussian_density_r64,Gaussian 64x,compact_gaussian,64,0.99,180000,AMD-DBSCAN,42,skipped_resource_limit,,,,,,,,,,,"AMD-DBSCAN's compatibility path is O(n^2) and is explicitly skipped for every cell in this n=3,600 to 180,000 replicated benchmark."
noise-aware six-architecture endpoint,gaussian_density_r64,Gaussian 64x,compact_gaussian,64,0.99,180000,StrataSCAN,73,ok,0.975913230318788,0.999741839895838,0.9528508009471561,7,6,1.1666666666666667,0.22239242133644802,13.602487599986489,416.87109375,,
noise-aware six-architecture endpoint,gaussian_density_r64,Gaussian 64x,compact_gaussian,64,0.99,180000,DBSCAN,73,ok,0.9495213366331144,0.46796657381615603,0.3259731953368026,11078,6,1846.3333333333333,10.850447322442164,5.078741099991021,238.47265625,,
noise-aware six-architecture endpoint,gaussian_density_r64,Gaussian 64x,compact_gaussian,64,0.99,180000,HDBSCAN,73,timeout,,,,,,,,,,,
noise-aware six-architecture endpoint,gaussian_density_r64,Gaussian 64x,compact_gaussian,64,0.99,180000,OPTICS,73,timeout,,,,,,,,,,,
noise-aware six-architecture endpoint,gaussian_density_r64,Gaussian 64x,compact_gaussian,64,0.99,180000,kNN-DBSCAN,73,ok,0.9665429648537666,0.6869542791880042,0.5567482780069607,10592,6,1765.3333333333333,10.785724906086061,2.778451000005589,219.15625,,
noise-aware six-architecture endpoint,gaussian_density_r64,Gaussian 64x,compact_gaussian,64,0.99,180000,SNN-DBSCAN,73,ok,0.5428945202277546,0.1790268790570114,0.026023649367752345,4787,6,797.8333333333334,9.63994358999861,6.543786499998532,360.52734375,,
noise-aware six-architecture endpoint,gaussian_density_r64,Gaussian 64x,compact_gaussian,64,0.99,180000,VDBSCAN-2007,73,ok,0.9529297351275922,0.020703749777856766,0.00003198242459924877,324,6,54,5.754887502163468,9.568187500000931,254.53125,,
noise-aware six-architecture endpoint,gaussian_density_r64,Gaussian 64x,compact_gaussian,64,0.99,180000,kNN+Leiden,73,ok,0.08442501718286655,0,0.001753205611207853,57,6,9.5,3.2479275134435857,125.53003500000341,830.85546875,,
noise-aware six-architecture endpoint,gaussian_density_r64,Gaussian 64x,compact_gaussian,64,0.99,180000,AMD-DBSCAN,73,skipped_resource_limit,,,,,,,,,,,"AMD-DBSCAN's compatibility path is O(n^2) and is explicitly skipped for every cell in this n=3,600 to 180,000 replicated benchmark."
noise-aware six-architecture endpoint,gaussian_density_r64,Gaussian 64x,compact_gaussian,64,0.99,180000,StrataSCAN,151,ok,0.9162731724600471,0.9993129306452563,0.8796126440803431,6,6,1,0,23.205595699997502,618.921875,,
noise-aware six-architecture endpoint,gaussian_density_r64,Gaussian 64x,compact_gaussian,64,0.99,180000,DBSCAN,151,ok,0.9526596706039855,0.46824769206965916,0.3248228767260683,11105,6,1850.8333333333333,10.853959271713187,5.8668326000042725,238.8359375,,
noise-aware six-architecture endpoint,gaussian_density_r64,Gaussian 64x,compact_gaussian,64,0.99,180000,HDBSCAN,151,timeout,,,,,,,,,,,
noise-aware six-architecture endpoint,gaussian_density_r64,Gaussian 64x,compact_gaussian,64,0.99,180000,OPTICS,151,timeout,,,,,,,,,,,
noise-aware six-architecture endpoint,gaussian_density_r64,Gaussian 64x,compact_gaussian,64,0.99,180000,kNN-DBSCAN,151,ok,0.9686470946228335,0.6874592599958018,0.5552034147765262,10563,6,1760.5,10.781769511863132,2.801527799994801,217.98046875,,
noise-aware six-architecture endpoint,gaussian_density_r64,Gaussian 64x,compact_gaussian,64,0.99,180000,SNN-DBSCAN,151,ok,0.554804070180761,0.17350765384536568,0.0277133357541438,4666,6,777.6666666666666,9.603008091263042,6.769704599995748,361.75390625,,
noise-aware six-architecture endpoint,gaussian_density_r64,Gaussian 64x,compact_gaussian,64,0.99,180000,VDBSCAN-2007,151,ok,0.9479469104407926,0.022417045832870935,0.00003153207439736402,325,6,54.166666666666664,5.759333407194661,9.586487500011572,254.50390625,,
noise-aware six-architecture endpoint,gaussian_density_r64,Gaussian 64x,compact_gaussian,64,0.99,180000,kNN+Leiden,151,ok,0.4095951345917095,0,0.0016389541855876624,56,6,9.333333333333334,3.222392421336448,84.862329399999,838.8828125,,
noise-aware six-architecture endpoint,gaussian_density_r64,Gaussian 64x,compact_gaussian,64,0.99,180000,AMD-DBSCAN,151,skipped_resource_limit,,,,,,,,,,,"AMD-DBSCAN's compatibility path is O(n^2) and is explicitly skipped for every cell in this n=3,600 to 180,000 replicated benchmark."
