n,method,cells_declared,cells_ok,completion_fraction,pending,timeouts,memory_limits,errors,skipped_prior_failure,target_f1_mean_success,noise_f1_mean_success,pairwise_f1_mean_success,granularity_ratio_mean_success,runtime_seconds_median_success,runtime_seconds_max_success,process_peak_rss_mb_median_success,process_peak_rss_mb_max_success,snapshot_utc,interpretation
500000,StrataSCAN,7,7,1,0,0,0,0,0,0.7620586810895122,0.9117148698387397,0.6626103660023455,49.595238095238095,170.84725630001049,196.06015199999092,1079.87109375,1434.49609375,2026-08-06T12:45:41.617Z,accepted envelope
500000,DBSCAN,7,7,1,0,0,0,0,0,,,,,190.9574513999978,969.1527935000049,372.0625,1468.05078125,2026-08-06T12:45:41.617Z,in-progress baseline snapshot
500000,HDBSCAN,7,4,0.5714285714285714,0,3,0,0,0,,,,,2645.4899364000003,3490.4539455999984,363.3671875,393.26171875,2026-08-06T12:45:41.617Z,in-progress baseline snapshot
500000,OPTICS,7,4,0.5714285714285714,0,3,0,0,0,,,,,2065.4465453000003,2384.129840999998,289.65234375,350.828125,2026-08-06T12:45:41.617Z,in-progress baseline snapshot
500000,SNN-DBSCAN,7,7,1,0,0,0,0,0,,,,,93.79411909999908,136.82940000000053,545.9375,565.1953125,2026-08-06T12:45:41.617Z,in-progress baseline snapshot
500000,VDBSCAN-2007,7,6,0.8571428571428571,0,0,1,0,0,,,,,433.3729435500027,1876.6840736999948,1483.650390625,7246.953125,2026-08-06T12:45:41.617Z,in-progress baseline snapshot
500000,AMD-DBSCAN,7,0,0,0,0,0,7,0,,,,,,,,,2026-08-06T12:45:41.617Z,in-progress baseline snapshot
500000,kNN-DBSCAN,7,7,1,0,0,0,0,0,,,,,70.93877340000108,130.87308389999998,314.703125,345.453125,2026-08-06T12:45:41.617Z,in-progress baseline snapshot
500000,kNN+Leiden,7,5,0.7142857142857143,0,2,0,0,0,,,,,260.2493162999999,528.5239478999993,2104.328125,2767.7890625,2026-08-06T12:45:41.617Z,in-progress baseline snapshot
1000000,StrataSCAN,7,7,1,0,0,0,0,0,0.7329629859042491,0.7827459242720819,0.6249597962153656,89.60119047619048,333.0886401000025,476.8157404999947,2648.3359375,3391.42578125,2026-08-06T12:45:41.617Z,accepted envelope
1000000,DBSCAN,7,6,0.8571428571428571,0,1,0,0,0,,,,,258.0345030000026,3064.951137099997,620.6328125,4888.28125,2026-08-06T12:45:41.617Z,in-progress baseline snapshot
1000000,HDBSCAN,7,0,0,0,4,0,0,3,,,,,,,,,2026-08-06T12:45:41.617Z,in-progress baseline snapshot
1000000,OPTICS,7,0,0,0,4,0,0,3,,,,,,,,,2026-08-06T12:45:41.617Z,in-progress baseline snapshot
1000000,SNN-DBSCAN,7,7,1,0,0,0,0,0,,,,,145.11295809999865,276.0305693000046,881.21484375,899.40234375,2026-08-06T12:45:41.617Z,in-progress baseline snapshot
1000000,VDBSCAN-2007,7,4,0.5714285714285714,0,1,1,0,1,,,,,35.38717049999832,2886.326231500003,2044.84765625,5268.56640625,2026-08-06T12:45:41.617Z,in-progress baseline snapshot
1000000,AMD-DBSCAN,7,0,0,0,0,0,0,7,,,,,,,,,2026-08-06T12:45:41.617Z,in-progress baseline snapshot
1000000,kNN-DBSCAN,7,7,1,0,0,0,0,0,,,,,133.76278850001108,247.95556190000207,439.140625,500.375,2026-08-06T12:45:41.617Z,in-progress baseline snapshot
1000000,kNN+Leiden,7,5,0.7142857142857143,0,0,0,0,2,,,,,1090.242969999992,1789.302312499989,3983.1171875,4884.3203125,2026-08-06T12:45:41.617Z,in-progress baseline snapshot
2000000,StrataSCAN,7,7,1,0,0,0,0,0,0.718716421444305,0.784059570243779,0.6105485780219231,183.2619047619048,738.2488662000105,861.0120540999924,3354.546875,5068.3046875,2026-08-06T12:45:41.617Z,accepted envelope
2000000,DBSCAN,7,2,0.2857142857142857,3,1,0,0,1,,,,,749.2411789999969,1453.9884022999904,862.01953125,946.15625,2026-08-06T12:45:41.617Z,in-progress baseline snapshot
2000000,HDBSCAN,7,0,0,3,0,0,0,4,,,,,,,,,2026-08-06T12:45:41.617Z,in-progress baseline snapshot
2000000,OPTICS,7,0,0,3,0,0,0,4,,,,,,,,,2026-08-06T12:45:41.617Z,in-progress baseline snapshot
2000000,SNN-DBSCAN,7,3,0.42857142857142855,3,1,0,0,0,,,,,293.1611264999956,453.1080374999874,1524.4609375,1544.1953125,2026-08-06T12:45:41.617Z,in-progress baseline snapshot
2000000,VDBSCAN-2007,7,2,0.2857142857142857,3,0,0,0,2,,,,,152.68040774999827,230.77003949999926,3993.45703125,7068.24609375,2026-08-06T12:45:41.617Z,in-progress baseline snapshot
2000000,AMD-DBSCAN,7,0,0,3,0,0,0,4,,,,,,,,,2026-08-06T12:45:41.617Z,in-progress baseline snapshot
2000000,kNN-DBSCAN,7,3,0.42857142857142855,4,0,0,0,0,,,,,35.395592399989255,427.341439900003,558.54296875,809.890625,2026-08-06T12:45:41.617Z,in-progress baseline snapshot
2000000,kNN+Leiden,7,1,0.14285714285714285,4,2,0,0,0,,,,,1042.4271143000078,1042.4271143000078,7968.9609375,7968.9609375,2026-08-06T12:45:41.617Z,in-progress baseline snapshot
5000000,StrataSCAN,7,7,1,0,0,0,0,0,0.6947971500335726,0.7786607164840927,0.5747454982173034,473.6726190476191,1500.7623810999794,2233.2999040999857,5822.1171875,7201.0703125,2026-08-06T12:45:41.617Z,accepted envelope
5000000,DBSCAN,7,0,0,7,0,0,0,0,,,,,,,,,2026-08-06T12:45:41.617Z,in-progress baseline snapshot
5000000,HDBSCAN,7,0,0,7,0,0,0,0,,,,,,,,,2026-08-06T12:45:41.617Z,in-progress baseline snapshot
5000000,OPTICS,7,0,0,7,0,0,0,0,,,,,,,,,2026-08-06T12:45:41.617Z,in-progress baseline snapshot
5000000,SNN-DBSCAN,7,0,0,7,0,0,0,0,,,,,,,,,2026-08-06T12:45:41.617Z,in-progress baseline snapshot
5000000,VDBSCAN-2007,7,0,0,7,0,0,0,0,,,,,,,,,2026-08-06T12:45:41.617Z,in-progress baseline snapshot
5000000,AMD-DBSCAN,7,0,0,7,0,0,0,0,,,,,,,,,2026-08-06T12:45:41.617Z,in-progress baseline snapshot
5000000,kNN-DBSCAN,7,0,0,7,0,0,0,0,,,,,,,,,2026-08-06T12:45:41.617Z,in-progress baseline snapshot
5000000,kNN+Leiden,7,0,0,7,0,0,0,0,,,,,,,,,2026-08-06T12:45:41.617Z,in-progress baseline snapshot
