dataset_id,method,status,macro_target_f1,macro_target_purity,macro_target_coverage,target_discovery_rate,runtime_seconds,background_abstention_f1_diagnostic
levine,StrataSCAN,ok,0.1901834180369206,0.3756439121923103,0.138726280459387,0.0,89.58450509999966,0.5377370903072566
levine,HDBSCAN,timeout,,,,,,
levine,kNN+Leiden,timeout,,,,,,
levine,SNN-DBSCAN,ok,0.0087550583598456,0.4704895001478852,0.0044767677253747,0.0,24.57441789999939,0.752721419197689
levine,DBSCAN,ok,0.0357477563511592,0.2503068138077978,0.0238304118787138,0.0,266.9984131000001,0.7433815122108536
levine,kNN-DBSCAN,ok,0.0325434922686947,0.2491787972207058,0.0217711608799643,0.0,22.35833439999988,0.743399628175593
levine,OPTICS,ok,0.0041412982859919,0.3495699004239377,0.0021132748864178,0.0,1076.2658027999987,0.7544907360546492
levine,VDBSCAN-2007,ok,0.016620347149773,0.296553171687879,0.0719274043746594,0.0,660.1501789000013,0.1908009034051424
levine,AMD-DBSCAN,error,,,,,,
mosmann,StrataSCAN,ok,0.5654761904761905,0.4185022026431718,0.8715596330275229,0.0,297.7893114000035,0.3063407213697564
mosmann,HDBSCAN,timeout,,,,,,
mosmann,kNN+Leiden,timeout,,,,,,
mosmann,SNN-DBSCAN,ok,0.4295302013422818,0.8,0.2935779816513761,0.0,76.0792283999981,0.9992110110041872
mosmann,DBSCAN,ok,0.0,0.0,0.0,0.0,671.3149072000015,0.9441192293556478
mosmann,kNN-DBSCAN,ok,0.0,0.0,0.0,0.0,61.54430100000173,0.9441361016714428
mosmann,OPTICS,timeout,,,,,,
mosmann,VDBSCAN-2007,timeout,,,,,,
mosmann,AMD-DBSCAN,error,,,,,,
nilsson,StrataSCAN,ok,0.5168800931315483,0.4431137724550898,0.6201117318435754,0.0,50.64514830000189,0.2948396257610239
nilsson,HDBSCAN,ok,0.1036379018612521,0.0560640732265446,0.6843575418994413,0.0,117.81967129999975,0.3937924345295829
nilsson,kNN+Leiden,ok,0.1327469012395042,0.0714900947459087,0.9273743016759776,0.0,35.18981050000002,0.0
nilsson,SNN-DBSCAN,ok,0.0590717299578059,0.1206896551724138,0.0391061452513966,0.0,9.716096799998924,0.9798306888097332
nilsson,DBSCAN,ok,0.0,0.0,0.0,0.0,37.942054799998,0.9363599122870432
nilsson,kNN-DBSCAN,ok,0.0,0.0,0.0,0.0,9.595612500001153,0.9363599122870432
nilsson,OPTICS,ok,0.0,0.0,0.0,0.0,107.7752103999992,0.9917194906059048
nilsson,VDBSCAN-2007,ok,0.0191579805508647,0.0096798870189478,0.9189944134078212,0.0,94.09776670000063,0.1283913693655202
nilsson,AMD-DBSCAN,error,,,,,,
samusik_01,StrataSCAN,ok,0.2033431136404888,0.4397930364173301,0.2444750376125262,0.0416666666666666,14.075527000000877,0.380390723636122
samusik_01,HDBSCAN,ok,0.0171549324573901,0.0403082433742462,0.0444210959878992,0.0,1368.4781913000006,0.1405690788638728
samusik_01,kNN+Leiden,ok,0.282529892247133,0.2337450196511219,0.4359351266498231,0.0,53.469889500000136,0.0
samusik_01,SNN-DBSCAN,ok,0.0320179083309518,0.324610088985089,0.0183834960294704,0.0,28.97646650000024,0.5548522503914449
samusik_01,DBSCAN,ok,0.0137327281993061,0.1463160347804825,0.0103195202013229,0.0,148.87891220000165,0.5409827376009329
samusik_01,kNN-DBSCAN,ok,0.0136440056944817,0.1463052971037973,0.0102184692716544,0.0,7.91526900000099,0.5409539284862721
samusik_01,OPTICS,ok,0.0005518763796909,0.0083333333333333,0.0002853881278538,0.0,293.32297339999786,0.5586658923089687
samusik_01,VDBSCAN-2007,memory_limit,,,,,,
samusik_01,AMD-DBSCAN,error,,,,,,
samusik_02,StrataSCAN,ok,0.005467955239064,0.0051633045148895,0.0058108108108108,0.0,53.90272050000203,0.5152591704832428
samusik_02,HDBSCAN,ok,0.0114209696491919,0.0066182432818263,0.0416337380558948,0.0,992.4797913000002,0.0082288897328775
samusik_02,kNN+Leiden,ok,0.3173733770112808,0.2517910208228794,0.5135720204391698,0.0,179.27708429999984,0.0
samusik_02,SNN-DBSCAN,ok,0.0431287867299786,0.3359299691536534,0.0278936418654514,0.0,8.142315699999017,0.5232543435927266
samusik_02,DBSCAN,ok,0.0096261121006943,0.1274501831237048,0.0074947209194143,0.0,39.229198000000906,0.5039976468700698
samusik_02,kNN-DBSCAN,ok,0.0096399112965374,0.137816317626527,0.0074653403142016,0.0,29.475053599999228,0.5039255001559506
samusik_02,OPTICS,ok,0.0147053494512068,0.0550139416649074,0.014856332396631,0.0,124.5725678000017,0.4927231215882292
samusik_02,VDBSCAN-2007,ok,0.0412857325102212,0.0939552578562151,0.0682772122307088,0.0,164.9334106000024,0.1771051529116045
samusik_02,AMD-DBSCAN,error,,,,,,
samusik_03,StrataSCAN,ok,0.0054839509232866,0.0058640339252584,0.0051501396648044,0.0,12.443781999998464,0.5032989112235385
samusik_03,HDBSCAN,ok,0.0391492800469719,0.0337597877115314,0.0672453443292675,0.0,1565.8536681000005,0.1616014762210976
samusik_03,kNN+Leiden,ok,0.3179776769646023,0.2531236442349804,0.5109605569262641,0.0,22.555049000002327,0.0
samusik_03,SNN-DBSCAN,ok,0.0521008243030276,0.3255554052429052,0.0484323759122614,0.0,7.26800760000333,0.5152853021881376
samusik_03,DBSCAN,ok,0.0093969864224772,0.1479524293530091,0.0072529380102491,0.0,151.13010740000027,0.4955492098335952
samusik_03,kNN-DBSCAN,ok,0.0096057848988969,0.1565489309147217,0.0073237309042526,0.0,6.9268416999984765,0.495563698591916
samusik_03,OPTICS,ok,0.0159098652817138,0.0716470240387578,0.0153779774605069,0.0,262.3928076000011,0.4835212276415584
samusik_03,VDBSCAN-2007,ok,0.0407198755640402,0.1318000073562006,0.0678428635240935,0.0,65.043937800001,0.1681528662420381
samusik_03,AMD-DBSCAN,error,,,,,,
samusik_04,StrataSCAN,ok,0.2020834725757677,0.5449068010189855,0.2270985981486822,0.0833333333333333,12.476537300000928,0.3608446037067006
samusik_04,HDBSCAN,ok,0.00888596073568,0.0049732898699817,0.0416666666666666,0.0,829.808069900002,0.0006754474839581
samusik_04,kNN+Leiden,ok,0.3109619016832572,0.2511060249204215,0.4727656873572383,0.0,22.43737130000227,0.0
samusik_04,SNN-DBSCAN,ok,0.0520428525603005,0.3428703241203241,0.0368612796762314,0.0416666666666666,7.139785600000323,0.5319554182500843
samusik_04,DBSCAN,ok,0.0076739914543686,0.0900554187192118,0.0086743633887133,0.0,33.25915140000143,0.508314134510647
samusik_04,kNN-DBSCAN,ok,0.0076818337955337,0.0900678593460826,0.0086743633887133,0.0,6.5788638000012725,0.5083566265060241
samusik_04,OPTICS,ok,0.0021270245074803,0.0657407407407407,0.0011156292867604,0.0,104.08433349999903,0.536028231110466
samusik_04,VDBSCAN-2007,ok,0.046427206598007,0.0807629257132815,0.0823864891014883,0.0,61.82769769999868,0.0048447330350233
samusik_04,AMD-DBSCAN,error,,,,,,
samusik_05,StrataSCAN,ok,0.2439836868912818,0.5123491204952421,0.2937994242408153,0.0416666666666666,13.0960178000023,0.3750186613585469
samusik_05,HDBSCAN,ok,0.0099617599486879,0.0056580145719489,0.0416193347314458,0.0,939.9807748999992,0.0136112292641429
samusik_05,kNN+Leiden,ok,0.2928609610928294,0.2248377969733719,0.5161020808368496,0.0,14.922208000003591,0.0
samusik_05,SNN-DBSCAN,ok,0.0249501651452347,0.3434892653642654,0.015039958051902,0.0416666666666666,7.992297600001621,0.5801397096527434
samusik_05,DBSCAN,ok,0.0080142329444888,0.1036132932589715,0.0145247127571988,0.0,36.36293880000085,0.548662210322878
samusik_05,kNN-DBSCAN,ok,0.0080244548073074,0.1007747802672356,0.0144956149202473,0.0,7.251514199997473,0.5487070837802619
samusik_05,OPTICS,ok,0.0016219384474143,0.1134920634920634,0.0008264559286808,0.0,115.191092699999,0.5836022699648775
samusik_05,VDBSCAN-2007,ok,0.0363073892679747,0.116154096427822,0.0639696191535489,0.0,71.59861649999948,0.1497610196494955
samusik_05,AMD-DBSCAN,error,,,,,,
samusik_06,StrataSCAN,ok,0.2554183827611961,0.4371097516394888,0.2665844723551023,0.0833333333333333,11.682480799994664,0.3962207926519308
samusik_06,HDBSCAN,ok,0.034709855598115,0.0336350979663217,0.0631927695461798,0.0,769.843843900002,0.1655970208382854
samusik_06,kNN+Leiden,ok,0.2777600583038859,0.219479507485292,0.4555432002386959,0.0,25.07214219999878,0.0
samusik_06,SNN-DBSCAN,ok,0.0752176989484034,0.4136935891971058,0.0575602165130665,0.0,6.9616015999999945,0.5744958492591599
samusik_06,DBSCAN,ok,0.0099308042895904,0.1071255568831217,0.0080082387469774,0.0,30.645129700002144,0.5494844857073052
samusik_06,kNN-DBSCAN,ok,0.0099526149187823,0.0987949056142273,0.0080059749831036,0.0,6.141986100003123,0.5495231394621638
samusik_06,OPTICS,ok,0.0001464557703573,0.0185185185185185,7.351860020585208e-05,0.0,96.70105190000322,0.578102431529849
samusik_06,VDBSCAN-2007,ok,0.0352035240432002,0.1061593383207375,0.0637363638142883,0.0,59.50437729999976,0.1571199999999999
samusik_06,AMD-DBSCAN,error,,,,,,
samusik_07,StrataSCAN,ok,0.2235177217065448,0.451321019657582,0.2798178937682898,0.0416666666666666,14.103902200004086,0.3789333530586582
samusik_07,HDBSCAN,ok,0.041634005346921,0.0341223137843815,0.0744614047363996,0.0,1170.9632809999966,0.1068586759613841
samusik_07,kNN+Leiden,ok,0.2913448140816368,0.2302133486189522,0.4815972514282921,0.0,39.58936760000506,0.0
samusik_07,SNN-DBSCAN,ok,0.0400782360126699,0.3824057357381156,0.025768679269487,0.0416666666666666,9.31122950000281,0.5834502941439962
samusik_07,DBSCAN,ok,0.0077812298302456,0.1183237469186524,0.0081968280871427,0.0,45.03493790000357,0.5510035484150151
samusik_07,kNN-DBSCAN,ok,0.007756038503061,0.1183143843885144,0.0081518177990769,0.0,7.403386099998897,0.5510486649778938
samusik_07,OPTICS,ok,0.0003752831264589,0.0607164541590771,0.0001883327632932,0.0,129.49501659999805,0.5861917620716076
samusik_07,VDBSCAN-2007,ok,0.0419795202773115,0.1033624631818156,0.0688552430368449,0.0,105.79482319999806,0.1658371234875139
samusik_07,AMD-DBSCAN,error,,,,,,
samusik_08,StrataSCAN,ok,0.2475672756236981,0.417669516747863,0.2759471253000726,0.0833333333333333,13.433699200002591,0.3816646166461664
samusik_08,HDBSCAN,ok,0.0101368965540897,0.0057716570187567,0.0415998029279279,0.0,1200.6420789999977,0.0134341378307647
samusik_08,kNN+Leiden,ok,0.2525831643735644,0.1996096508286985,0.4011449865842702,0.0,32.52679809999972,0.0
samusik_08,SNN-DBSCAN,ok,0.0564033980634411,0.3948756683131684,0.0373940491918331,0.0833333333333333,8.11857769999915,0.5654884609583187
samusik_08,DBSCAN,ok,0.0079513863296025,0.0866705159271038,0.0132963850352934,0.0,34.91135910000594,0.5352112676056338
samusik_08,kNN-DBSCAN,ok,0.0079668291460998,0.0887582195245321,0.0132879115970435,0.0,7.413435599999502,0.5352394087276328
samusik_08,OPTICS,ok,0.0001968499339734,0.0520833333333333,9.864930424255214e-05,0.0,237.5438769000029,0.5674898907195134
samusik_08,VDBSCAN-2007,ok,0.0399974247962778,0.0897885009291988,0.0674100687313213,0.0,69.69549989999359,0.161332510795805
samusik_08,AMD-DBSCAN,error,,,,,,
samusik_09,StrataSCAN,ok,0.199363908798741,0.4910615584330544,0.2276810643565376,0.0833333333333333,12.942088000003425,0.367476800707026
samusik_09,HDBSCAN,ok,0.0424461649320618,0.0747548082263027,0.0686740007153523,0.0,859.4457254000008,0.1482556547456049
samusik_09,kNN+Leiden,ok,0.284008484009629,0.2245293102219676,0.4755104408289339,0.0,29.659449300001143,0.0
samusik_09,SNN-DBSCAN,ok,0.0458391987861016,0.4735048516298517,0.0310251903090385,0.0,7.493358700005047,0.5394641119807873
samusik_09,DBSCAN,ok,0.0079560633247056,0.1113248802892602,0.0086253801967978,0.0,34.87363809999806,0.513553923161932
samusik_09,kNN-DBSCAN,ok,0.0079997590306728,0.132168458781362,0.0086211409281693,0.0,6.699726200000441,0.5135667192868418
samusik_09,OPTICS,ok,0.000305644337783,0.0649744572158365,0.0001532692680319,0.0,110.79367479999928,0.5417285417285417
samusik_09,VDBSCAN-2007,ok,0.0369549926821545,0.0922676562785756,0.0640893533493129,0.0,66.2617134999964,0.161752859674561
samusik_09,AMD-DBSCAN,error,,,,,,
samusik_10,StrataSCAN,ok,0.0083184921341644,0.0072136422136422,0.0098229933403434,0.0,10.550939499997185,0.5615596021907191
samusik_10,HDBSCAN,ok,0.0472800081620425,0.0677582348407428,0.0740031121446325,0.0,817.7152243000019,0.153284865915688
samusik_10,kNN+Leiden,ok,0.2469422635929816,0.1947238657387264,0.4388981899209277,0.0,17.92861869999615,0.0
samusik_10,SNN-DBSCAN,ok,0.0635865770910209,0.3807790134514272,0.0466899721883265,0.0416666666666666,6.580501999997068,0.5944509705207809
samusik_10,DBSCAN,ok,0.0083632619673953,0.1180710792874607,0.0090218847225135,0.0,29.58269609999843,0.5618955037754932
samusik_10,kNN-DBSCAN,ok,0.0083008369473971,0.1150570249178188,0.008925494957354,0.0,5.952990099998715,0.5619605879407347
samusik_10,OPTICS,ok,0.0001881976660492,0.0745726495726495,9.422914902893578e-05,0.0,91.1171519999989,0.5968792691653578
samusik_10,VDBSCAN-2007,ok,0.039922527428538,0.0766140651296725,0.0701041271468383,0.0,51.51739970000199,0.1554635234151003
samusik_10,AMD-DBSCAN,error,,,,,,
