dataset_id,method,one_to_one_f1,merge_aware_f1
levine,DBSCAN,0.0357477563511592,0.04341278321105696
levine,OPTICS,0.0041412982859919,0.015074203056673811
levine,SNN-DBSCAN,0.0087550583598456,0.04810994369198003
levine,StrataSCAN,0.1901834180369206,0.36425919348755376
levine,VDBSCAN-2007,0.016620347149773,0.017082497596925535
levine,kNN-DBSCAN,0.0325434922686947,0.0443171370300357
mosmann,DBSCAN,0.0,0.0
mosmann,OPTICS,0.0,0.0
mosmann,SNN-DBSCAN,0.2790697674418604,0.423841059602649
mosmann,StrataSCAN,0.5654761904761905,0.4839506172839506
mosmann,VDBSCAN-2007,8.206834104319804e-05,8.206834104319804e-05
mosmann,kNN-DBSCAN,0.0,0.0
nilsson,DBSCAN,0.0,0.0
nilsson,HDBSCAN,0.1036379018612521,0.1070457871628685
nilsson,OPTICS,0.0,0.0
nilsson,SNN-DBSCAN,0.0590717299578059,0.1305182341650672
nilsson,StrataSCAN,0.5168800931315483,0.14405986903648269
nilsson,VDBSCAN-2007,0.0191579805508647,0.019492043173420997
nilsson,kNN+Leiden,0.1327469012395042,0.08796068796068796
nilsson,kNN-DBSCAN,0.0,0.0
samusik_01,DBSCAN,0.0137327281993061,0.013906458048100263
samusik_01,HDBSCAN,0.0171549324573901,0.01715493245739011
samusik_01,OPTICS,0.0005518763796909,0.0005518763796909492
samusik_01,SNN-DBSCAN,0.0320179083309518,0.036030007782318
samusik_01,StrataSCAN,0.2033431136404888,0.22441050466134396
samusik_01,kNN+Leiden,0.282529892247133,0.2871348913971028
samusik_01,kNN-DBSCAN,0.0136440056944817,0.014209919240245504
samusik_02,DBSCAN,0.0096261121006943,0.009750461061890462
samusik_02,HDBSCAN,0.0114209696491919,0.011420969649191958
samusik_02,OPTICS,0.0147053494512068,0.014805925434308219
samusik_02,SNN-DBSCAN,0.0431287867299786,0.05276849001073505
samusik_02,StrataSCAN,0.005467955239064,0.005467955239064091
samusik_02,VDBSCAN-2007,0.0412857325102212,0.04170264180111156
samusik_02,kNN+Leiden,0.3173733770112808,0.3158827055778149
samusik_02,kNN-DBSCAN,0.0096399112965374,0.009846775309859963
samusik_03,DBSCAN,0.0093969864224772,0.009751538376338631
samusik_03,HDBSCAN,0.0391492800469719,0.03914928004697193
samusik_03,OPTICS,0.0159098652817138,0.01627651086858088
samusik_03,SNN-DBSCAN,0.0521008243030276,0.056426659101134445
samusik_03,StrataSCAN,0.0054839509232866,0.0054839509232866524
samusik_03,VDBSCAN-2007,0.0407198755640402,0.04146415474629201
samusik_03,kNN+Leiden,0.3179776769646023,0.3161396656578799
samusik_03,kNN-DBSCAN,0.0096057848988969,0.010150697116878417
samusik_04,DBSCAN,0.0076739914543686,0.007867990013308738
samusik_04,HDBSCAN,0.00888596073568,0.008885960735680038
samusik_04,OPTICS,0.0021270245074803,0.00212702450748031
samusik_04,SNN-DBSCAN,0.0520428525603005,0.06393407274281714
samusik_04,StrataSCAN,0.2020834725757677,0.22118560053952382
samusik_04,VDBSCAN-2007,0.046427206598007,0.04666966169341489
samusik_04,kNN+Leiden,0.3109619016832572,0.31096190168325727
samusik_04,kNN-DBSCAN,0.0076818337955337,0.007867220916947075
samusik_05,DBSCAN,0.0080142329444888,0.008287807880009022
samusik_05,HDBSCAN,0.0099617599486879,0.009961759948687915
samusik_05,OPTICS,0.0016219384474143,0.0017691686976545433
samusik_05,SNN-DBSCAN,0.0249501651452347,0.040314196472360765
samusik_05,StrataSCAN,0.2439836868912818,0.2687921395680925
samusik_05,VDBSCAN-2007,0.0363073892679747,0.03705278505729228
samusik_05,kNN+Leiden,0.2928609610928294,0.2928609610928294
samusik_05,kNN-DBSCAN,0.0080244548073074,0.008349008807515039
samusik_06,DBSCAN,0.0099308042895904,0.010003032427882487
samusik_06,HDBSCAN,0.034709855598115,0.034709855598115
samusik_06,OPTICS,0.0001464557703573,0.00014645577035735208
samusik_06,SNN-DBSCAN,0.0752176989484034,0.08369334483310285
samusik_06,StrataSCAN,0.2554183827611961,0.28009681794672403
samusik_06,VDBSCAN-2007,0.0352035240432002,0.03537888723887292
samusik_06,kNN+Leiden,0.2777600583038859,0.2777600583038859
samusik_06,kNN-DBSCAN,0.0099526149187823,0.010097798059841333
samusik_07,DBSCAN,0.0077812298302456,0.008105423354208526
samusik_07,HDBSCAN,0.041634005346921,0.041634005346921
samusik_07,OPTICS,0.0003752831264589,0.00037528312645899466
samusik_07,SNN-DBSCAN,0.0400782360126699,0.04266776903924058
samusik_07,StrataSCAN,0.2235177217065448,0.24641851239576792
samusik_07,VDBSCAN-2007,0.0419795202773115,0.04213002883454531
samusik_07,kNN+Leiden,0.2913448140816368,0.28834827405632363
samusik_07,kNN-DBSCAN,0.007756038503061,0.008215999667250127
samusik_08,DBSCAN,0.0079513863296025,0.008061136535465868
samusik_08,HDBSCAN,0.0101368965540897,0.010136896554089747
samusik_08,OPTICS,0.0001968499339734,0.00022689510262103557
samusik_08,SNN-DBSCAN,0.0564033980634411,0.05807236028760277
samusik_08,StrataSCAN,0.2475672756236981,0.2695696405727102
samusik_08,VDBSCAN-2007,0.0399974247962778,0.04011548007100021
samusik_08,kNN+Leiden,0.2525831643735644,0.2502708373144655
samusik_08,kNN-DBSCAN,0.0079668291460998,0.008095469909611703
samusik_09,DBSCAN,0.0079560633247056,0.008182232254793349
samusik_09,HDBSCAN,0.0424461649320618,0.04244616493206182
samusik_09,OPTICS,0.000305644337783,0.0003890310262447314
samusik_09,SNN-DBSCAN,0.0458391987861016,0.05663183912865055
samusik_09,StrataSCAN,0.199363908798741,0.21790734281078913
samusik_09,VDBSCAN-2007,0.0369549926821545,0.03693551555000139
samusik_09,kNN+Leiden,0.284008484009629,0.284008484009629
samusik_09,kNN-DBSCAN,0.0079997590306728,0.008356384160826597
samusik_10,DBSCAN,0.0083632619673953,0.008658290363902718
samusik_10,HDBSCAN,0.0472800081620425,0.04728000816204251
samusik_10,OPTICS,0.0001881976660492,0.00020413672613709354
samusik_10,SNN-DBSCAN,0.0635865770910209,0.06957372402543378
samusik_10,StrataSCAN,0.0083184921341644,0.008318492134164438
samusik_10,VDBSCAN-2007,0.039922527428538,0.03992252742853803
samusik_10,kNN+Leiden,0.2469422635929816,0.2415324876227214
samusik_10,kNN-DBSCAN,0.0083008369473971,0.008669902093628827
