dataset_id,completed,total,macro_target_f1_mean,macro_target_f1_median,macro_target_f1_std,target_discovery_rate_mean,target_discovery_rate_median,target_discovery_rate_std,noise_evidence_f1_mean,noise_evidence_f1_median,noise_evidence_f1_std
density_r16_anisotropic_2d__quality__n10000,3,3,0.7891783527396765,0.8439861348343686,0.1203600819343878,1.0,1.0,0.0,0.9304931696825443,0.9311203319502075,0.0021398126047745695
density_r16_anisotropic_8d__quality__n10000,3,3,0.8714603282765511,0.8774338525793963,0.046092728807059065,1.0,1.0,0.0,0.7921152956178868,0.7818839440163549,0.024036660743611684
density_r16_gaussian_2d__quality__n10000,3,3,0.9242695347459873,0.9216617506287502,0.015238833283053704,1.0,1.0,0.0,0.9426815779852228,0.9411062475129327,0.0032586612298066103
density_r16_gaussian_8d__quality__n10000,3,3,0.8783975396144041,0.8722982891076204,0.017960250597706527,1.0,1.0,0.0,0.7959051794852949,0.797689716027595,0.02141642308533278
density_r256_anisotropic_2d__quality__n10000,3,3,0.8287951361942565,0.8289153855676484,0.03335277590562612,1.0,1.0,0.0,0.9495366378930604,0.95014303228443,0.0029607444510008148
density_r256_anisotropic_8d__quality__n10000,3,3,0.8713039687369724,0.8791297522027167,0.04343542191586695,1.0,1.0,0.0,0.8224674953135664,0.8232565843962233,0.0029976945746891565
density_r256_gaussian_2d__quality__n10000,3,3,0.9160208700150948,0.9141573855728365,0.020487517955190156,1.0,1.0,0.0,0.9532473288599435,0.9521350546176762,0.0031804447757232575
density_r256_gaussian_8d__quality__n10000,3,3,0.8866658402961951,0.8754517636616098,0.020149852128457914,1.0,1.0,0.0,0.7971730977705894,0.801672832555895,0.025117743465687566
density_r64_anisotropic_2d__quality__n10000,3,3,0.8063973495895311,0.8486819966449682,0.08095394755061379,1.0,1.0,0.0,0.9454354524324683,0.9433293978748524,0.004405852996507505
density_r64_anisotropic_8d__quality__n10000,3,3,0.8404943373468954,0.8540023283362989,0.02975082096514385,1.0,1.0,0.0,0.8034643661497635,0.7959053103007038,0.02220066020649665
density_r64_gaussian_2d__quality__n10000,3,3,0.9303880667617249,0.9288659500766167,0.011742387382613594,1.0,1.0,0.0,0.950388077363265,0.9502982107355865,0.0032754109989487704
density_r64_gaussian_8d__quality__n10000,3,3,0.883435135512295,0.8821068910736182,0.008394903237704657,1.0,1.0,0.0,0.778600641561646,0.7775,0.009610956085352479
