method,n,dataset_id,runtime_seconds
DBSCAN,500000,imbalanced_16d__scaling__n500000,771.1116864
DBSCAN,500000,moons_2d__scaling__n500000,12.096676000001025
DBSCAN,500000,multidensity_2d__scaling__n500000,20.975419200000033
DBSCAN,500000,overlap_8d__scaling__n500000,190.9574513999978
DBSCAN,500000,overlapping_density_16d__scaling__n500000,910.5515410000007
DBSCAN,500000,rings_2d__scaling__n500000,10.4920551000032
DBSCAN,500000,ultrasparse_16d__scaling__n500000,969.1527935000049
DBSCAN,1000000,imbalanced_16d__scaling__n1000000,3378.4826980233192
DBSCAN,1000000,moons_2d__scaling__n1000000,12.79935146868229
DBSCAN,1000000,multidensity_2d__scaling__n1000000,24.262988537549973
DBSCAN,1000000,overlap_8d__scaling__n1000000,301.19965425878763
DBSCAN,1000000,overlapping_density_16d__scaling__n1000000,3347.5795718207955
DBSCAN,1000000,rings_2d__scaling__n1000000,18.426437057554722
DBSCAN,1000000,ultrasparse_16d__scaling__n1000000,3727.106428489089
DBSCAN,2000000,moons_2d__scaling__n2000000,28.598080687224865
DBSCAN,2000000,multidensity_2d__scaling__n2000000,48.60573169589043
DBSCAN,2000000,overlap_8d__scaling__n2000000,674.7796232178807
DBSCAN,2000000,rings_2d__scaling__n2000000,33.150665298104286
DBSCAN,5000000,moons_2d__scaling__n5000000,83.16983830928802
DBSCAN,5000000,multidensity_2d__scaling__n5000000,144.17287634313107
DBSCAN,5000000,overlap_8d__scaling__n5000000,2015.4148844256997
DBSCAN,5000000,rings_2d__scaling__n5000000,93.24756455421448
HDBSCAN,500000,moons_2d__scaling__n500000,2728.7255626000006
HDBSCAN,500000,multidensity_2d__scaling__n500000,2562.2543102
HDBSCAN,500000,overlap_8d__scaling__n500000,3490.4539455999984
HDBSCAN,500000,rings_2d__scaling__n500000,2260.7131257
HDBSCAN,1000000,moons_2d__scaling__n1000000,6442.162319712341
HDBSCAN,1000000,multidensity_2d__scaling__n1000000,6468.463250011206
HDBSCAN,1000000,rings_2d__scaling__n1000000,6391.14880322665
OPTICS,500000,moons_2d__scaling__n500000,2344.0495259
OPTICS,500000,multidensity_2d__scaling__n500000,2384.129840999998
OPTICS,500000,overlap_8d__scaling__n500000,1592.2641393999984
OPTICS,500000,rings_2d__scaling__n500000,1786.8435647000006
OPTICS,1000000,moons_2d__scaling__n1000000,6559.904492676258
OPTICS,1000000,multidensity_2d__scaling__n1000000,6519.43718713522
OPTICS,1000000,overlap_8d__scaling__n1000000,3463.1424464434385
OPTICS,1000000,rings_2d__scaling__n1000000,6453.371523983777
SNN-DBSCAN,500000,imbalanced_16d__scaling__n500000,136.82940000000053
SNN-DBSCAN,500000,moons_2d__scaling__n500000,18.445430800000395
SNN-DBSCAN,500000,multidensity_2d__scaling__n500000,10.69937199999913
SNN-DBSCAN,500000,overlap_8d__scaling__n500000,93.79411909999908
SNN-DBSCAN,500000,overlapping_density_16d__scaling__n500000,103.83810950000043
SNN-DBSCAN,500000,rings_2d__scaling__n500000,13.602531900003669
SNN-DBSCAN,500000,ultrasparse_16d__scaling__n500000,135.1856093000024
SNN-DBSCAN,1000000,imbalanced_16d__scaling__n1000000,213.0762994363904
SNN-DBSCAN,1000000,moons_2d__scaling__n1000000,14.643956750631332
SNN-DBSCAN,1000000,multidensity_2d__scaling__n1000000,16.535539373755455
SNN-DBSCAN,1000000,overlap_8d__scaling__n1000000,146.20748479664326
SNN-DBSCAN,1000000,overlapping_density_16d__scaling__n1000000,197.91166232526302
SNN-DBSCAN,1000000,rings_2d__scaling__n1000000,16.805905021727085
SNN-DBSCAN,1000000,ultrasparse_16d__scaling__n1000000,227.33119057118893
SNN-DBSCAN,2000000,imbalanced_16d__scaling__n2000000,464.01053208112717
SNN-DBSCAN,2000000,moons_2d__scaling__n2000000,36.02427201718092
SNN-DBSCAN,2000000,multidensity_2d__scaling__n2000000,39.00047416985035
SNN-DBSCAN,2000000,overlap_8d__scaling__n2000000,302.0069509893656
SNN-DBSCAN,2000000,overlapping_density_16d__scaling__n2000000,423.99054712057114
SNN-DBSCAN,2000000,rings_2d__scaling__n2000000,37.140171982347965
SNN-DBSCAN,2000000,ultrasparse_16d__scaling__n2000000,476.4050326794386
SNN-DBSCAN,5000000,imbalanced_16d__scaling__n5000000,1256.7282891720533
SNN-DBSCAN,5000000,moons_2d__scaling__n5000000,96.65097660571337
SNN-DBSCAN,5000000,multidensity_2d__scaling__n5000000,102.29617057740688
SNN-DBSCAN,5000000,overlap_8d__scaling__n5000000,839.1127075478435
SNN-DBSCAN,5000000,overlapping_density_16d__scaling__n5000000,1120.2400300353765
SNN-DBSCAN,5000000,rings_2d__scaling__n5000000,97.461272418499
SNN-DBSCAN,5000000,ultrasparse_16d__scaling__n5000000,1278.4189880117774
StrataSCAN,500000,imbalanced_16d__scaling__n500000,146.53469240000413
StrataSCAN,500000,moons_2d__scaling__n500000,22.061012199999823
StrataSCAN,500000,multidensity_2d__scaling__n500000,81.76228310000442
StrataSCAN,500000,overlap_8d__scaling__n500000,123.28635290000238
StrataSCAN,500000,overlapping_density_16d__scaling__n500000,163.3312850000002
StrataSCAN,500000,rings_2d__scaling__n500000,34.74738629999774
StrataSCAN,500000,ultrasparse_16d__scaling__n500000,117.84264799999801
StrataSCAN,1000000,imbalanced_16d__scaling__n1000000,390.9146957695484
StrataSCAN,1000000,moons_2d__scaling__n1000000,36.77436403185129
StrataSCAN,1000000,multidensity_2d__scaling__n1000000,173.73004923015833
StrataSCAN,1000000,overlap_8d__scaling__n1000000,263.6156163290143
StrataSCAN,1000000,overlapping_density_16d__scaling__n1000000,306.94018636643887
StrataSCAN,1000000,rings_2d__scaling__n1000000,72.32592421770096
StrataSCAN,1000000,ultrasparse_16d__scaling__n1000000,218.49387741833925
StrataSCAN,2000000,imbalanced_16d__scaling__n2000000,626.0524314492941
StrataSCAN,2000000,moons_2d__scaling__n2000000,93.32258502393961
StrataSCAN,2000000,multidensity_2d__scaling__n2000000,336.4593794569373
StrataSCAN,2000000,overlap_8d__scaling__n2000000,504.9710499867797
StrataSCAN,2000000,overlapping_density_16d__scaling__n2000000,691.8112337812781
StrataSCAN,2000000,rings_2d__scaling__n2000000,184.42896651476622
StrataSCAN,2000000,ultrasparse_16d__scaling__n2000000,452.5580206513405
StrataSCAN,5000000,imbalanced_16d__scaling__n5000000,1637.4706033691764
StrataSCAN,5000000,moons_2d__scaling__n5000000,235.6653461009264
StrataSCAN,5000000,multidensity_2d__scaling__n5000000,657.3615573272109
StrataSCAN,5000000,overlap_8d__scaling__n5000000,1391.9270846098661
StrataSCAN,5000000,overlapping_density_16d__scaling__n5000000,1665.5554146692157
StrataSCAN,5000000,rings_2d__scaling__n5000000,1077.9958493635058
StrataSCAN,5000000,ultrasparse_16d__scaling__n5000000,1369.9656173437834
VDBSCAN-2007,500000,moons_2d__scaling__n500000,17.233652099999745
VDBSCAN-2007,500000,multidensity_2d__scaling__n500000,18.916563400001905
VDBSCAN-2007,500000,overlap_8d__scaling__n500000,847.8293237000034
VDBSCAN-2007,500000,overlapping_density_16d__scaling__n500000,908.9565308000019
VDBSCAN-2007,500000,rings_2d__scaling__n500000,13.618485700004385
VDBSCAN-2007,500000,ultrasparse_16d__scaling__n500000,1876.6840736999948
VDBSCAN-2007,1000000,moons_2d__scaling__n1000000,18.70997703820467
VDBSCAN-2007,1000000,multidensity_2d__scaling__n1000000,30.185014374554157
VDBSCAN-2007,1000000,overlap_8d__scaling__n1000000,2489.708369448781
VDBSCAN-2007,1000000,overlapping_density_16d__scaling__n1000000,3403.0147393643856
VDBSCAN-2007,1000000,rings_2d__scaling__n1000000,19.079415790736675
VDBSCAN-2007,1000000,ultrasparse_16d__scaling__n1000000,6342.915381990373
VDBSCAN-2007,2000000,moons_2d__scaling__n2000000,61.123390913009644
VDBSCAN-2007,2000000,multidensity_2d__scaling__n2000000,69.83986892551184
VDBSCAN-2007,2000000,rings_2d__scaling__n2000000,48.823982171714306
VDBSCAN-2007,5000000,moons_2d__scaling__n5000000,271.513018399477
VDBSCAN-2007,5000000,multidensity_2d__scaling__n5000000,219.62862868607044
VDBSCAN-2007,5000000,rings_2d__scaling__n5000000,162.83961056917906
kNN+Leiden,500000,imbalanced_16d__scaling__n500000,237.53239949999988
kNN+Leiden,500000,moons_2d__scaling__n500000,528.5239478999993
kNN+Leiden,500000,multidensity_2d__scaling__n500000,292.52048619999914
kNN+Leiden,500000,overlap_8d__scaling__n500000,260.2493162999999
kNN+Leiden,500000,rings_2d__scaling__n500000,244.95194800000172
kNN+Leiden,1000000,imbalanced_16d__scaling__n1000000,903.665965013206
kNN+Leiden,1000000,moons_2d__scaling__n1000000,4089.3268792778254
kNN+Leiden,1000000,multidensity_2d__scaling__n1000000,3676.074758656323
kNN+Leiden,1000000,overlap_8d__scaling__n1000000,1397.6518362686038
kNN+Leiden,1000000,rings_2d__scaling__n1000000,2363.1852117851377
kNN+Leiden,2000000,imbalanced_16d__scaling__n2000000,1619.85589286685
kNN+Leiden,5000000,imbalanced_16d__scaling__n5000000,5243.169292762876
kNN-DBSCAN,500000,imbalanced_16d__scaling__n500000,130.87308389999998
kNN-DBSCAN,500000,moons_2d__scaling__n500000,5.589672699999937
kNN-DBSCAN,500000,multidensity_2d__scaling__n500000,3.8287873000008403
kNN-DBSCAN,500000,overlap_8d__scaling__n500000,70.93877340000108
kNN-DBSCAN,500000,overlapping_density_16d__scaling__n500000,94.32924099999946
kNN-DBSCAN,500000,rings_2d__scaling__n500000,4.908101299995906
kNN-DBSCAN,500000,ultrasparse_16d__scaling__n500000,118.69001240000216
kNN-DBSCAN,1000000,imbalanced_16d__scaling__n1000000,212.446403644979
kNN-DBSCAN,1000000,moons_2d__scaling__n1000000,4.80790938436985
kNN-DBSCAN,1000000,multidensity_2d__scaling__n1000000,5.44980888068676
kNN-DBSCAN,1000000,overlap_8d__scaling__n1000000,137.03017343580723
kNN-DBSCAN,1000000,overlapping_density_16d__scaling__n1000000,177.53223410993814
kNN-DBSCAN,1000000,rings_2d__scaling__n1000000,5.693923227488995
kNN-DBSCAN,1000000,ultrasparse_16d__scaling__n1000000,212.24171148240566
kNN-DBSCAN,2000000,imbalanced_16d__scaling__n2000000,446.7856620401144
kNN-DBSCAN,2000000,moons_2d__scaling__n2000000,12.320865370333195
kNN-DBSCAN,2000000,multidensity_2d__scaling__n2000000,12.491120129823685
kNN-DBSCAN,2000000,overlap_8d__scaling__n2000000,283.00130335986614
kNN-DBSCAN,2000000,overlapping_density_16d__scaling__n2000000,396.3631947040558
kNN-DBSCAN,2000000,rings_2d__scaling__n2000000,13.08028831332922
kNN-DBSCAN,2000000,ultrasparse_16d__scaling__n2000000,410.5356302782893
kNN-DBSCAN,5000000,imbalanced_16d__scaling__n5000000,1193.8143650889397
kNN-DBSCAN,5000000,moons_2d__scaling__n5000000,35.61116126179695
kNN-DBSCAN,5000000,multidensity_2d__scaling__n5000000,38.74416918307543
kNN-DBSCAN,5000000,overlap_8d__scaling__n5000000,774.3214746266603
kNN-DBSCAN,5000000,overlapping_density_16d__scaling__n5000000,1007.5533741340041
kNN-DBSCAN,5000000,rings_2d__scaling__n5000000,35.950939513742924
kNN-DBSCAN,5000000,ultrasparse_16d__scaling__n5000000,1208.5581020638347
