dataset_id,method,completed,total,macro_target_f1_mean,macro_target_f1_median,macro_target_f1_std,target_discovery_rate_mean,target_discovery_rate_median,target_discovery_rate_std,noise_evidence_f1_mean,noise_evidence_f1_median,noise_evidence_f1_std
imbalanced_16d__quality__n20000,StrataSCAN,3,3,0.9503805452336364,0.9590954911642204,0.020102382047010536,1.0,1.0,0.0,0.985002040226794,0.9880446596186149,0.006461592090692996
imbalanced_16d__quality__n20000,StrataSCAN-NoDensityStratification,3,3,0.9990394574771849,0.9988872403560831,0.0008942041000653093,1.0,1.0,0.0,0.9996336696666663,0.9999000099990001,0.0005501850856502977
moons_2d__quality__n20000,StrataSCAN,3,3,0.9873429098331257,0.9890210420284304,0.003187450826960628,1.0,1.0,0.0,0.9666081015978671,0.966724685164329,0.0005751347011854253
moons_2d__quality__n20000,StrataSCAN-NoDensityStratification,3,3,0.9896663451169233,0.9896102534511354,0.0006180439875877187,1.0,1.0,0.0,0.9680511455871704,0.9678870934751483,0.0018671212085119605
multidensity_2d__quality__n20000,StrataSCAN,3,3,0.9341920794189359,0.931124663926873,0.053777789151877836,1.0,1.0,0.0,0.9960913789823398,0.9963939899833054,0.0007037304254286149
multidensity_2d__quality__n20000,StrataSCAN-NoDensityStratification,3,3,0.9891538767495544,0.9894416940627218,0.0013907566816731547,1.0,1.0,0.0,0.9961312547253076,0.9963541492457437,0.0006370655831243191
overlap_8d__quality__n20000,StrataSCAN,3,3,0.8766276469047125,0.8909828197886022,0.03668246811359037,1.0,1.0,0.0,0.8110764565660878,0.8133496133496134,0.008408627440838803
overlap_8d__quality__n20000,StrataSCAN-NoDensityStratification,3,3,0.10674726073550696,0.04878003003003003,0.10070507755748129,0.05555555555555555,0.0,0.09622504486493762,0.991667279328797,0.9941720257234726,0.0071169831395737505
overlapping_density_16d__quality__n20000,StrataSCAN,3,3,0.24248656043980013,0.18672316823001756,0.11291741007339305,0.2916666666666667,0.375,0.14433756729740643,0.721075552797855,0.8964125560538116,0.3049405901663058
overlapping_density_16d__quality__n20000,StrataSCAN-NoDensityStratification,3,3,0.12146866278800841,0.16829879703487388,0.09750430351591025,0.25,0.375,0.21650635094610965,0.5980883958775863,0.8964125560538116,0.5179602450159161
rings_2d__quality__n20000,StrataSCAN,3,3,0.8069011149574175,0.8828856064157246,0.18458770219463527,0.5,0.5,0.0,0.9783517007080166,0.978292624927812,0.00044476402347975075
rings_2d__quality__n20000,StrataSCAN-NoDensityStratification,3,3,0.9394833686870492,0.9391667654379519,0.0015066524117731202,0.5,0.5,0.0,0.9777133394550239,0.9773509076666327,0.0007474291549237328
ultrasparse_16d__quality__n20000,StrataSCAN,3,3,0.9979818141494788,0.9979797979797981,0.0005080777598154066,1.0,1.0,0.0,0.9998947483828062,0.9998947479212714,2.631025020337038e-05
ultrasparse_16d__quality__n20000,StrataSCAN-NoDensityStratification,3,3,1.0,1.0,0.0,1.0,1.0,0.0,1.0,1.0,0.0
