method,dimension_regime,observed_dimensions_json,evidence_rows,successful_rows,status_counts_json,parameter_records_available,distinct_parameter_records,distinct_parameter_records_sha256,fixed_parameter_rules_json,adaptive_or_realized_parameters_json,implementation,implementation_sources_json,implementation_source_bundle_sha256,label_use_policy,resource_profile_json,limitations,evidence_source,evidence_source_sha256
DBSCAN,low_dim,[2],75,75,"{""ok"":75}",75,75,5c25e258dc7e2cc88de09dcc87076f866608863550c8e3ede21fbc516d4bca3d,"{""eps_multiplier"":0.7,""geometry_profile"":""low_dim"",""knn_backend"":""kd_tree"",""min_samples"":5}","{""base_eps"":{""distinct_values_sha256"":""33052bd163175bcbba77bc8a7e7bbe37dc7beebd5925e0eb7be48737f89c0596"",""kind"":""numeric"",""maximum"":2.4309022426605225,""minimum"":0.005639142356812954,""missing_records"":0,""n_distinct"":75,""observed_records"":75},""eps"":{""distinct_values_sha256"":""9bd1478a7a0df73556dfb5c20ed5b1f9641dc868193b73497fbb72cf56a1775c"",""kind"":""numeric"",""maximum"":1.7016315698623656,""minimum"":0.003947399649769067,""missing_records"":0,""n_distinct"":75,""observed_records"":75}}",scikit-learn DBSCAN; data-derived epsilon rule in the controlled wrapper,"[{""path"":""benchmarks/methods.py"",""sha256"":""36491d1deea38e7c03208b2fedb30f7bd8765f25b8cfd012562a8c3da024c8b8""},{""path"":""baselines/algorithms.py"",""sha256"":""d355098910b9f14a28dda65bf154c315a29a7d5331e1f89a964deacd5dc8e325""}]",34ef6b6eab0cdf49cf92f30e8ef5f72ab96039b8f1b3de81ec4c241dbb9a2835,"Unsupervised fit: run_method receives X and a random seed, not reference labels; reference labels are used only by the evaluation stage.","{""profiles"":[{""memory_limit_mb"":8192,""threads"":1,""timeout_seconds"":1200}],""protocols"":[{""methods"":[""DBSCAN"",""HDBSCAN"",""OPTICS"",""SNN-DBSCAN"",""VDBSCAN-2007"",""AMD-DBSCAN"",""kNN-DBSCAN"",""kNN+Leiden"",""StrataSCAN""],""path"":""benchmarks/protocol.v0.2.2-seven-family-robustness.json"",""protocol_version"":""0.2.2-seven-family-robustness-v1"",""resources"":{""memory_limit_mb"":8192,""threads"":1,""timeout_seconds"":1200},""sha256"":""0ceb8b09680e18a2df823b830d0f90ff1ef7d8611782441bb8b9920ccd1d4b2d""}]}",Wrapper profile is benchmark-specific and is not an exhaustive parameter search.,results/published/v0.2.3/final_synthetic_robustness.csv,9e32a4159d2ab06e8fb0b9679011e68b1d7267fbbb07da69d46c06c0d4a4f326
DBSCAN,high_dim,"[8,16]",100,100,"{""ok"":100}",100,100,68891bcaa2353b65c6d13513d10d6c20b01c2f8fc21cfe67b909f746059af0c2,"{""eps_quantile"":0.05,""geometry_profile"":""high_dim"",""knn_backend"":""faiss_hnsw"",""min_samples"":5}","{""eps"":{""distinct_values_sha256"":""180b181cf89acecd72d2936595571ff4d44e7bf7981120b5fc56ef3be107ff1d"",""kind"":""numeric"",""maximum"":14.459896087646484,""minimum"":0.7711969614028931,""missing_records"":0,""n_distinct"":100,""observed_records"":100}}",scikit-learn DBSCAN; data-derived epsilon rule in the controlled wrapper,"[{""path"":""benchmarks/methods.py"",""sha256"":""36491d1deea38e7c03208b2fedb30f7bd8765f25b8cfd012562a8c3da024c8b8""},{""path"":""baselines/algorithms.py"",""sha256"":""d355098910b9f14a28dda65bf154c315a29a7d5331e1f89a964deacd5dc8e325""}]",34ef6b6eab0cdf49cf92f30e8ef5f72ab96039b8f1b3de81ec4c241dbb9a2835,"Unsupervised fit: run_method receives X and a random seed, not reference labels; reference labels are used only by the evaluation stage.","{""profiles"":[{""memory_limit_mb"":8192,""threads"":1,""timeout_seconds"":1200}],""protocols"":[{""methods"":[""DBSCAN"",""HDBSCAN"",""OPTICS"",""SNN-DBSCAN"",""VDBSCAN-2007"",""AMD-DBSCAN"",""kNN-DBSCAN"",""kNN+Leiden"",""StrataSCAN""],""path"":""benchmarks/protocol.v0.2.2-seven-family-robustness.json"",""protocol_version"":""0.2.2-seven-family-robustness-v1"",""resources"":{""memory_limit_mb"":8192,""threads"":1,""timeout_seconds"":1200},""sha256"":""0ceb8b09680e18a2df823b830d0f90ff1ef7d8611782441bb8b9920ccd1d4b2d""}]}",Wrapper profile is benchmark-specific and is not an exhaustive parameter search.,results/published/v0.2.3/final_synthetic_robustness.csv,9e32a4159d2ab06e8fb0b9679011e68b1d7267fbbb07da69d46c06c0d4a4f326
HDBSCAN,low_dim,[2],75,75,"{""ok"":75}",75,1,972633b0338985c23ec009150042ee60a6bc288b194b06f6dab3e2bc22973f0a,"{""geometry_profile"":""low_dim"",""knn_backend"":""kd_tree"",""min_cluster_size"":40,""min_samples"":5}",{},scikit-learn HDBSCAN with the controlled low-/high-dimensional profile,"[{""path"":""benchmarks/methods.py"",""sha256"":""36491d1deea38e7c03208b2fedb30f7bd8765f25b8cfd012562a8c3da024c8b8""},{""path"":""baselines/algorithms.py"",""sha256"":""d355098910b9f14a28dda65bf154c315a29a7d5331e1f89a964deacd5dc8e325""}]",34ef6b6eab0cdf49cf92f30e8ef5f72ab96039b8f1b3de81ec4c241dbb9a2835,"Unsupervised fit: run_method receives X and a random seed, not reference labels; reference labels are used only by the evaluation stage.","{""profiles"":[{""memory_limit_mb"":8192,""threads"":1,""timeout_seconds"":1200}],""protocols"":[{""methods"":[""DBSCAN"",""HDBSCAN"",""OPTICS"",""SNN-DBSCAN"",""VDBSCAN-2007"",""AMD-DBSCAN"",""kNN-DBSCAN"",""kNN+Leiden"",""StrataSCAN""],""path"":""benchmarks/protocol.v0.2.2-seven-family-robustness.json"",""protocol_version"":""0.2.2-seven-family-robustness-v1"",""resources"":{""memory_limit_mb"":8192,""threads"":1,""timeout_seconds"":1200},""sha256"":""0ceb8b09680e18a2df823b830d0f90ff1ef7d8611782441bb8b9920ccd1d4b2d""}]}",Library implementation and fixed profile; no supervised tuning per data set.,results/published/v0.2.3/final_synthetic_robustness.csv,9e32a4159d2ab06e8fb0b9679011e68b1d7267fbbb07da69d46c06c0d4a4f326
HDBSCAN,high_dim,"[8,16]",100,85,"{""ok"":85,""timeout"":15}",85,1,3cbc144bbad17a6ef3f42bbed008021884db2e53481df2ff5bf9c996879ced66,"{""geometry_profile"":""high_dim"",""knn_backend"":""faiss_hnsw"",""min_cluster_size"":8,""min_samples"":5}",{},scikit-learn HDBSCAN with the controlled low-/high-dimensional profile,"[{""path"":""benchmarks/methods.py"",""sha256"":""36491d1deea38e7c03208b2fedb30f7bd8765f25b8cfd012562a8c3da024c8b8""},{""path"":""baselines/algorithms.py"",""sha256"":""d355098910b9f14a28dda65bf154c315a29a7d5331e1f89a964deacd5dc8e325""}]",34ef6b6eab0cdf49cf92f30e8ef5f72ab96039b8f1b3de81ec4c241dbb9a2835,"Unsupervised fit: run_method receives X and a random seed, not reference labels; reference labels are used only by the evaluation stage.","{""profiles"":[{""memory_limit_mb"":8192,""threads"":1,""timeout_seconds"":1200}],""protocols"":[{""methods"":[""DBSCAN"",""HDBSCAN"",""OPTICS"",""SNN-DBSCAN"",""VDBSCAN-2007"",""AMD-DBSCAN"",""kNN-DBSCAN"",""kNN+Leiden"",""StrataSCAN""],""path"":""benchmarks/protocol.v0.2.2-seven-family-robustness.json"",""protocol_version"":""0.2.2-seven-family-robustness-v1"",""resources"":{""memory_limit_mb"":8192,""threads"":1,""timeout_seconds"":1200},""sha256"":""0ceb8b09680e18a2df823b830d0f90ff1ef7d8611782441bb8b9920ccd1d4b2d""}]}",Library implementation and fixed profile; no supervised tuning per data set.,results/published/v0.2.3/final_synthetic_robustness.csv,9e32a4159d2ab06e8fb0b9679011e68b1d7267fbbb07da69d46c06c0d4a4f326
OPTICS,low_dim,[2],75,75,"{""ok"":75}",75,75,e30d7b9fe7d16be5d11a77cf7ec2af7abce0feed7fbeef00966edc1f7117e5fc,"{""geometry_profile"":""low_dim"",""knn_backend"":""kd_tree"",""max_eps_quantile"":0.98,""min_cluster_size"":40,""min_samples"":5,""xi"":0.1}","{""max_eps"":{""distinct_values_sha256"":""15be727ace28cec6c2b7da20f96fd15202f0fcf70ddb8a2d4b94ae5f7f59be00"",""kind"":""numeric"",""maximum"":2.9333672523498535,""minimum"":0.031040629372000694,""missing_records"":0,""n_distinct"":75,""observed_records"":75}}",scikit-learn OPTICS; data-derived max-epsilon rule in the controlled wrapper,"[{""path"":""benchmarks/methods.py"",""sha256"":""36491d1deea38e7c03208b2fedb30f7bd8765f25b8cfd012562a8c3da024c8b8""},{""path"":""baselines/algorithms.py"",""sha256"":""d355098910b9f14a28dda65bf154c315a29a7d5331e1f89a964deacd5dc8e325""}]",34ef6b6eab0cdf49cf92f30e8ef5f72ab96039b8f1b3de81ec4c241dbb9a2835,"Unsupervised fit: run_method receives X and a random seed, not reference labels; reference labels are used only by the evaluation stage.","{""profiles"":[{""memory_limit_mb"":8192,""threads"":1,""timeout_seconds"":1200}],""protocols"":[{""methods"":[""DBSCAN"",""HDBSCAN"",""OPTICS"",""SNN-DBSCAN"",""VDBSCAN-2007"",""AMD-DBSCAN"",""kNN-DBSCAN"",""kNN+Leiden"",""StrataSCAN""],""path"":""benchmarks/protocol.v0.2.2-seven-family-robustness.json"",""protocol_version"":""0.2.2-seven-family-robustness-v1"",""resources"":{""memory_limit_mb"":8192,""threads"":1,""timeout_seconds"":1200},""sha256"":""0ceb8b09680e18a2df823b830d0f90ff1ef7d8611782441bb8b9920ccd1d4b2d""}]}",Wrapper profile is benchmark-specific and is not an exhaustive parameter search.,results/published/v0.2.3/final_synthetic_robustness.csv,9e32a4159d2ab06e8fb0b9679011e68b1d7267fbbb07da69d46c06c0d4a4f326
OPTICS,high_dim,"[8,16]",100,100,"{""ok"":100}",100,100,2bca25470ba4fdfb4619168077148746fbd07bd337894ef7c3feaa762860233e,"{""geometry_profile"":""high_dim"",""knn_backend"":""faiss_hnsw"",""max_eps_quantile"":0.1,""min_cluster_size"":8,""min_samples"":5,""xi"":0.03}","{""max_eps"":{""distinct_values_sha256"":""18e04389f36815cb027bfb512ab05e0f484690283db7b72661345b61ed917789"",""kind"":""numeric"",""maximum"":21.808300018310547,""minimum"":0.8303563594818115,""missing_records"":0,""n_distinct"":100,""observed_records"":100}}",scikit-learn OPTICS; data-derived max-epsilon rule in the controlled wrapper,"[{""path"":""benchmarks/methods.py"",""sha256"":""36491d1deea38e7c03208b2fedb30f7bd8765f25b8cfd012562a8c3da024c8b8""},{""path"":""baselines/algorithms.py"",""sha256"":""d355098910b9f14a28dda65bf154c315a29a7d5331e1f89a964deacd5dc8e325""}]",34ef6b6eab0cdf49cf92f30e8ef5f72ab96039b8f1b3de81ec4c241dbb9a2835,"Unsupervised fit: run_method receives X and a random seed, not reference labels; reference labels are used only by the evaluation stage.","{""profiles"":[{""memory_limit_mb"":8192,""threads"":1,""timeout_seconds"":1200}],""protocols"":[{""methods"":[""DBSCAN"",""HDBSCAN"",""OPTICS"",""SNN-DBSCAN"",""VDBSCAN-2007"",""AMD-DBSCAN"",""kNN-DBSCAN"",""kNN+Leiden"",""StrataSCAN""],""path"":""benchmarks/protocol.v0.2.2-seven-family-robustness.json"",""protocol_version"":""0.2.2-seven-family-robustness-v1"",""resources"":{""memory_limit_mb"":8192,""threads"":1,""timeout_seconds"":1200},""sha256"":""0ceb8b09680e18a2df823b830d0f90ff1ef7d8611782441bb8b9920ccd1d4b2d""}]}",Wrapper profile is benchmark-specific and is not an exhaustive parameter search.,results/published/v0.2.3/final_synthetic_robustness.csv,9e32a4159d2ab06e8fb0b9679011e68b1d7267fbbb07da69d46c06c0d4a4f326
SNN-DBSCAN,low_dim,[2],75,75,"{""ok"":75}",75,1,60374502d7556f1fe6c943e2fb288054c40bda5ac30080a34598118036e1890d,"{""eps"":13,""geometry_profile"":""low_dim"",""k"":20,""knn_backend"":""kd_tree"",""min_samples"":5}",{},controlled sparse shared-nearest-neighbor reimplementation,"[{""path"":""benchmarks/methods.py"",""sha256"":""36491d1deea38e7c03208b2fedb30f7bd8765f25b8cfd012562a8c3da024c8b8""},{""path"":""baselines/algorithms.py"",""sha256"":""d355098910b9f14a28dda65bf154c315a29a7d5331e1f89a964deacd5dc8e325""},{""path"":""baselines/snn_kernel.py"",""sha256"":""1d472c64e72f1a17099ba3e6c5caf3167c30168651b1aa1f958ebe8740aec339""}]",a8c082542251a6beb66c34ba53e5c5222b3bd8b60f005a1bfb922128f7583329,"Unsupervised fit: run_method receives X and a random seed, not reference labels; reference labels are used only by the evaluation stage.","{""profiles"":[{""memory_limit_mb"":8192,""threads"":1,""timeout_seconds"":1200}],""protocols"":[{""methods"":[""DBSCAN"",""HDBSCAN"",""OPTICS"",""SNN-DBSCAN"",""VDBSCAN-2007"",""AMD-DBSCAN"",""kNN-DBSCAN"",""kNN+Leiden"",""StrataSCAN""],""path"":""benchmarks/protocol.v0.2.2-seven-family-robustness.json"",""protocol_version"":""0.2.2-seven-family-robustness-v1"",""resources"":{""memory_limit_mb"":8192,""threads"":1,""timeout_seconds"":1200},""sha256"":""0ceb8b09680e18a2df823b830d0f90ff1ef7d8611782441bb8b9920ccd1d4b2d""}]}",Controlled reimplementation; not a system-performance reproduction of every published implementation.,results/published/v0.2.3/final_synthetic_robustness.csv,9e32a4159d2ab06e8fb0b9679011e68b1d7267fbbb07da69d46c06c0d4a4f326
SNN-DBSCAN,high_dim,"[8,16]",100,100,"{""ok"":100}",100,1,0f8348695ef9d8fcfc7accd7d870598581d515e1c26390859b4cc3b382d0fefb,"{""eps"":13,""geometry_profile"":""high_dim"",""k"":20,""knn_backend"":""faiss_hnsw"",""min_samples"":5}",{},controlled sparse shared-nearest-neighbor reimplementation,"[{""path"":""benchmarks/methods.py"",""sha256"":""36491d1deea38e7c03208b2fedb30f7bd8765f25b8cfd012562a8c3da024c8b8""},{""path"":""baselines/algorithms.py"",""sha256"":""d355098910b9f14a28dda65bf154c315a29a7d5331e1f89a964deacd5dc8e325""},{""path"":""baselines/snn_kernel.py"",""sha256"":""1d472c64e72f1a17099ba3e6c5caf3167c30168651b1aa1f958ebe8740aec339""}]",a8c082542251a6beb66c34ba53e5c5222b3bd8b60f005a1bfb922128f7583329,"Unsupervised fit: run_method receives X and a random seed, not reference labels; reference labels are used only by the evaluation stage.","{""profiles"":[{""memory_limit_mb"":8192,""threads"":1,""timeout_seconds"":1200}],""protocols"":[{""methods"":[""DBSCAN"",""HDBSCAN"",""OPTICS"",""SNN-DBSCAN"",""VDBSCAN-2007"",""AMD-DBSCAN"",""kNN-DBSCAN"",""kNN+Leiden"",""StrataSCAN""],""path"":""benchmarks/protocol.v0.2.2-seven-family-robustness.json"",""protocol_version"":""0.2.2-seven-family-robustness-v1"",""resources"":{""memory_limit_mb"":8192,""threads"":1,""timeout_seconds"":1200},""sha256"":""0ceb8b09680e18a2df823b830d0f90ff1ef7d8611782441bb8b9920ccd1d4b2d""}]}",Controlled reimplementation; not a system-performance reproduction of every published implementation.,results/published/v0.2.3/final_synthetic_robustness.csv,9e32a4159d2ab06e8fb0b9679011e68b1d7267fbbb07da69d46c06c0d4a4f326
VDBSCAN-2007,low_dim,[2],75,75,"{""ok"":75}",75,75,44b756aa1004d066ab690ed4d8e19df3aa5fb884c032cbc2d9dd6a4875610868,"{""geometry_profile"":""low_dim"",""knee_prominence"":0.03,""knn_backend"":""kd_tree"",""max_eps_values"":3,""min_samples"":5}","{""eps_values"":{""distinct_values_sha256"":""9e25d7edec6724174cceb8d24e100a3db93d864711cdd9db3f8ce9f2afc05198"",""element_maximum"":2.569453477859497,""element_minimum"":0.005639142356812954,""kind"":""list"",""maximum_length"":3,""minimum_length"":2,""missing_records"":0,""n_distinct"":75,""observed_records"":75}}",controlled sequential-DBSCAN reimplementation with detected epsilon scales,"[{""path"":""benchmarks/methods.py"",""sha256"":""36491d1deea38e7c03208b2fedb30f7bd8765f25b8cfd012562a8c3da024c8b8""},{""path"":""baselines/algorithms.py"",""sha256"":""d355098910b9f14a28dda65bf154c315a29a7d5331e1f89a964deacd5dc8e325""}]",34ef6b6eab0cdf49cf92f30e8ef5f72ab96039b8f1b3de81ec4c241dbb9a2835,"Unsupervised fit: run_method receives X and a random seed, not reference labels; reference labels are used only by the evaluation stage.","{""profiles"":[{""memory_limit_mb"":8192,""threads"":1,""timeout_seconds"":1200}],""protocols"":[{""methods"":[""DBSCAN"",""HDBSCAN"",""OPTICS"",""SNN-DBSCAN"",""VDBSCAN-2007"",""AMD-DBSCAN"",""kNN-DBSCAN"",""kNN+Leiden"",""StrataSCAN""],""path"":""benchmarks/protocol.v0.2.2-seven-family-robustness.json"",""protocol_version"":""0.2.2-seven-family-robustness-v1"",""resources"":{""memory_limit_mb"":8192,""threads"":1,""timeout_seconds"":1200},""sha256"":""0ceb8b09680e18a2df823b830d0f90ff1ef7d8611782441bb8b9920ccd1d4b2d""}]}",Controlled reimplementation; detected scales are data-adaptive and can vary by realization.,results/published/v0.2.3/final_synthetic_robustness.csv,9e32a4159d2ab06e8fb0b9679011e68b1d7267fbbb07da69d46c06c0d4a4f326
VDBSCAN-2007,high_dim,"[8,16]",100,100,"{""ok"":100}",100,100,a790909a3dca3b68c36fa490b1e7eda69fca5b59f0acff3fc1c72b7bba51d834,"{""geometry_profile"":""high_dim"",""knee_prominence"":0.08,""knn_backend"":""faiss_hnsw"",""max_eps_values"":7,""min_samples"":5}","{""eps_values"":{""distinct_values_sha256"":""3f7e2f34e653487d1396b33853839a2436a1ef55d9eb19a2c0dae8ee260827d6"",""element_maximum"":28.55314064025879,""element_minimum"":1.306113600730896,""kind"":""list"",""maximum_length"":3,""minimum_length"":1,""missing_records"":0,""n_distinct"":100,""observed_records"":100}}",controlled sequential-DBSCAN reimplementation with detected epsilon scales,"[{""path"":""benchmarks/methods.py"",""sha256"":""36491d1deea38e7c03208b2fedb30f7bd8765f25b8cfd012562a8c3da024c8b8""},{""path"":""baselines/algorithms.py"",""sha256"":""d355098910b9f14a28dda65bf154c315a29a7d5331e1f89a964deacd5dc8e325""}]",34ef6b6eab0cdf49cf92f30e8ef5f72ab96039b8f1b3de81ec4c241dbb9a2835,"Unsupervised fit: run_method receives X and a random seed, not reference labels; reference labels are used only by the evaluation stage.","{""profiles"":[{""memory_limit_mb"":8192,""threads"":1,""timeout_seconds"":1200}],""protocols"":[{""methods"":[""DBSCAN"",""HDBSCAN"",""OPTICS"",""SNN-DBSCAN"",""VDBSCAN-2007"",""AMD-DBSCAN"",""kNN-DBSCAN"",""kNN+Leiden"",""StrataSCAN""],""path"":""benchmarks/protocol.v0.2.2-seven-family-robustness.json"",""protocol_version"":""0.2.2-seven-family-robustness-v1"",""resources"":{""memory_limit_mb"":8192,""threads"":1,""timeout_seconds"":1200},""sha256"":""0ceb8b09680e18a2df823b830d0f90ff1ef7d8611782441bb8b9920ccd1d4b2d""}]}",Controlled reimplementation; detected scales are data-adaptive and can vary by realization.,results/published/v0.2.3/final_synthetic_robustness.csv,9e32a4159d2ab06e8fb0b9679011e68b1d7267fbbb07da69d46c06c0d4a4f326
AMD-DBSCAN,low_dim,[2],75,31,"{""error"":36,""memory_limit"":8,""ok"":31}",31,31,d53968b959a0e1ee6a16a94f591ca51e5ba8906e644f8528b336aba6fd3a34b7,"{""balance_rounds"":3,""geometry_profile"":""low_dim"",""knn_backend"":""kd_tree"",""n_density_levels"":3}","{""adaptive_rank"":{""distinct_values"":[112,35,71],""distinct_values_sha256"":""713322c7b3d7faaa12c66ce0ac45a353eeba5041da5c002858a4114351e3a435"",""kind"":""numeric"",""maximum"":112.0,""minimum"":35.0,""missing_records"":0,""n_distinct"":3,""observed_records"":31},""eps_values"":{""distinct_values_sha256"":""6978a3942df5cfb59dbf2a8deaee75fad231e3b17065b98c0b6d5852ccb55458"",""element_maximum"":6.215931654726081,""element_minimum"":0.04303736783974994,""kind"":""list"",""maximum_length"":3,""minimum_length"":3,""missing_records"":0,""n_distinct"":31,""observed_records"":31}}",official-compatible dense compatibility path,"[{""path"":""benchmarks/methods.py"",""sha256"":""36491d1deea38e7c03208b2fedb30f7bd8765f25b8cfd012562a8c3da024c8b8""},{""path"":""baselines/algorithms.py"",""sha256"":""d355098910b9f14a28dda65bf154c315a29a7d5331e1f89a964deacd5dc8e325""}]",34ef6b6eab0cdf49cf92f30e8ef5f72ab96039b8f1b3de81ec4c241dbb9a2835,"Unsupervised fit: run_method receives X and a random seed, not reference labels; reference labels are used only by the evaluation stage.","{""profiles"":[{""memory_limit_mb"":8192,""threads"":1,""timeout_seconds"":1200}],""protocols"":[{""methods"":[""DBSCAN"",""HDBSCAN"",""OPTICS"",""SNN-DBSCAN"",""VDBSCAN-2007"",""AMD-DBSCAN"",""kNN-DBSCAN"",""kNN+Leiden"",""StrataSCAN""],""path"":""benchmarks/protocol.v0.2.2-seven-family-robustness.json"",""protocol_version"":""0.2.2-seven-family-robustness-v1"",""resources"":{""memory_limit_mb"":8192,""threads"":1,""timeout_seconds"":1200},""sha256"":""0ceb8b09680e18a2df823b830d0f90ff1ef7d8611782441bb8b9920ccd1d4b2d""}]}",Dense O(n^2) compatibility path; memory-limit failures may lack realized parameter JSON.,results/published/v0.2.3/final_synthetic_robustness.csv,9e32a4159d2ab06e8fb0b9679011e68b1d7267fbbb07da69d46c06c0d4a4f326
AMD-DBSCAN,high_dim,"[8,16]",100,37,"{""error"":54,""memory_limit"":9,""ok"":37}",37,37,f2b5e1a7230b67e1511d7f79986ade3e9487ae7b3f264854fd08be89ec7ded70,"{""balance_rounds"":3,""geometry_profile"":""high_dim"",""knn_backend"":""faiss_hnsw"",""n_density_levels"":3}","{""adaptive_rank"":{""distinct_values"":[19990,35,4990,71],""distinct_values_sha256"":""0f1f10ba5807ccda1fc3653641c5f40ae9356d72be6fbb0f4f5504d33f3587f1"",""kind"":""numeric"",""maximum"":19990.0,""minimum"":35.0,""missing_records"":0,""n_distinct"":4,""observed_records"":37},""eps_values"":{""distinct_values_sha256"":""8e84e110567c6be20eec5780525eb2d594f36531d1f98353ff17094f2bd097b2"",""element_maximum"":72.11531120159255,""element_minimum"":1.7416179634773967,""kind"":""list"",""maximum_length"":3,""minimum_length"":3,""missing_records"":0,""n_distinct"":37,""observed_records"":37}}",official-compatible dense compatibility path,"[{""path"":""benchmarks/methods.py"",""sha256"":""36491d1deea38e7c03208b2fedb30f7bd8765f25b8cfd012562a8c3da024c8b8""},{""path"":""baselines/algorithms.py"",""sha256"":""d355098910b9f14a28dda65bf154c315a29a7d5331e1f89a964deacd5dc8e325""}]",34ef6b6eab0cdf49cf92f30e8ef5f72ab96039b8f1b3de81ec4c241dbb9a2835,"Unsupervised fit: run_method receives X and a random seed, not reference labels; reference labels are used only by the evaluation stage.","{""profiles"":[{""memory_limit_mb"":8192,""threads"":1,""timeout_seconds"":1200}],""protocols"":[{""methods"":[""DBSCAN"",""HDBSCAN"",""OPTICS"",""SNN-DBSCAN"",""VDBSCAN-2007"",""AMD-DBSCAN"",""kNN-DBSCAN"",""kNN+Leiden"",""StrataSCAN""],""path"":""benchmarks/protocol.v0.2.2-seven-family-robustness.json"",""protocol_version"":""0.2.2-seven-family-robustness-v1"",""resources"":{""memory_limit_mb"":8192,""threads"":1,""timeout_seconds"":1200},""sha256"":""0ceb8b09680e18a2df823b830d0f90ff1ef7d8611782441bb8b9920ccd1d4b2d""}]}",Dense O(n^2) compatibility path; memory-limit failures may lack realized parameter JSON.,results/published/v0.2.3/final_synthetic_robustness.csv,9e32a4159d2ab06e8fb0b9679011e68b1d7267fbbb07da69d46c06c0d4a4f326
kNN-DBSCAN,low_dim,[2],75,75,"{""ok"":75}",75,75,dccbd8c8be276258bf86817d9c75364a8c49250b05fe4f9c61330bb9f868e712,"{""eps_quantile"":0.25,""geometry_profile"":""low_dim"",""k"":4,""knn_backend"":""kd_tree"",""min_samples"":5}","{""eps"":{""distinct_values_sha256"":""e2fc73379cefbcaa8ed4a84075e957866c4f491d8514fa660e3bfc5d19f63606"",""kind"":""numeric"",""maximum"":0.599778950214386,""minimum"":0.003268494037911296,""missing_records"":0,""n_distinct"":75,""observed_records"":75}}",controlled corrected-paper-semantics implementation,"[{""path"":""benchmarks/methods.py"",""sha256"":""36491d1deea38e7c03208b2fedb30f7bd8765f25b8cfd012562a8c3da024c8b8""},{""path"":""baselines/algorithms.py"",""sha256"":""d355098910b9f14a28dda65bf154c315a29a7d5331e1f89a964deacd5dc8e325""}]",34ef6b6eab0cdf49cf92f30e8ef5f72ab96039b8f1b3de81ec4c241dbb9a2835,"Unsupervised fit: run_method receives X and a random seed, not reference labels; reference labels are used only by the evaluation stage.","{""profiles"":[{""memory_limit_mb"":8192,""threads"":1,""timeout_seconds"":1200}],""protocols"":[{""methods"":[""DBSCAN"",""HDBSCAN"",""OPTICS"",""SNN-DBSCAN"",""VDBSCAN-2007"",""AMD-DBSCAN"",""kNN-DBSCAN"",""kNN+Leiden"",""StrataSCAN""],""path"":""benchmarks/protocol.v0.2.2-seven-family-robustness.json"",""protocol_version"":""0.2.2-seven-family-robustness-v1"",""resources"":{""memory_limit_mb"":8192,""threads"":1,""timeout_seconds"":1200},""sha256"":""0ceb8b09680e18a2df823b830d0f90ff1ef7d8611782441bb8b9920ccd1d4b2d""}]}",Controlled corrected-semantics implementation rather than authors' original software.,results/published/v0.2.3/final_synthetic_robustness.csv,9e32a4159d2ab06e8fb0b9679011e68b1d7267fbbb07da69d46c06c0d4a4f326
kNN-DBSCAN,high_dim,"[8,16]",100,100,"{""ok"":100}",100,100,ed27752073b44df97442e3f0b10bc4db688a831c5c2a750d2c3d61e241df5873,"{""eps_quantile"":0.05,""geometry_profile"":""high_dim"",""k"":4,""knn_backend"":""faiss_hnsw"",""min_samples"":5}","{""eps"":{""distinct_values_sha256"":""180b181cf89acecd72d2936595571ff4d44e7bf7981120b5fc56ef3be107ff1d"",""kind"":""numeric"",""maximum"":14.459896087646484,""minimum"":0.7711969614028931,""missing_records"":0,""n_distinct"":100,""observed_records"":100}}",controlled corrected-paper-semantics implementation,"[{""path"":""benchmarks/methods.py"",""sha256"":""36491d1deea38e7c03208b2fedb30f7bd8765f25b8cfd012562a8c3da024c8b8""},{""path"":""baselines/algorithms.py"",""sha256"":""d355098910b9f14a28dda65bf154c315a29a7d5331e1f89a964deacd5dc8e325""}]",34ef6b6eab0cdf49cf92f30e8ef5f72ab96039b8f1b3de81ec4c241dbb9a2835,"Unsupervised fit: run_method receives X and a random seed, not reference labels; reference labels are used only by the evaluation stage.","{""profiles"":[{""memory_limit_mb"":8192,""threads"":1,""timeout_seconds"":1200}],""protocols"":[{""methods"":[""DBSCAN"",""HDBSCAN"",""OPTICS"",""SNN-DBSCAN"",""VDBSCAN-2007"",""AMD-DBSCAN"",""kNN-DBSCAN"",""kNN+Leiden"",""StrataSCAN""],""path"":""benchmarks/protocol.v0.2.2-seven-family-robustness.json"",""protocol_version"":""0.2.2-seven-family-robustness-v1"",""resources"":{""memory_limit_mb"":8192,""threads"":1,""timeout_seconds"":1200},""sha256"":""0ceb8b09680e18a2df823b830d0f90ff1ef7d8611782441bb8b9920ccd1d4b2d""}]}",Controlled corrected-semantics implementation rather than authors' original software.,results/published/v0.2.3/final_synthetic_robustness.csv,9e32a4159d2ab06e8fb0b9679011e68b1d7267fbbb07da69d46c06c0d4a4f326
kNN+Leiden,low_dim,[2],75,75,"{""ok"":75}",75,1,bddbc852a8a557bb4bf111139eaa44fb0ad7f2cd968dfc294381edbf655dd619,"{""edge_rank"":15,""geometry_profile"":""low_dim"",""k"":20,""knn_backend"":""kd_tree"",""resolution"":0.5,""symmetrization"":""union"",""weights"":""1/(1+d)""}",{},controlled kNN graph plus Leiden community-detection comparator,"[{""path"":""benchmarks/methods.py"",""sha256"":""36491d1deea38e7c03208b2fedb30f7bd8765f25b8cfd012562a8c3da024c8b8""},{""path"":""baselines/algorithms.py"",""sha256"":""d355098910b9f14a28dda65bf154c315a29a7d5331e1f89a964deacd5dc8e325""}]",34ef6b6eab0cdf49cf92f30e8ef5f72ab96039b8f1b3de81ec4c241dbb9a2835,"Unsupervised fit: run_method receives X and a random seed, not reference labels; reference labels are used only by the evaluation stage.","{""profiles"":[{""memory_limit_mb"":8192,""threads"":1,""timeout_seconds"":1200}],""protocols"":[{""methods"":[""DBSCAN"",""HDBSCAN"",""OPTICS"",""SNN-DBSCAN"",""VDBSCAN-2007"",""AMD-DBSCAN"",""kNN-DBSCAN"",""kNN+Leiden"",""StrataSCAN""],""path"":""benchmarks/protocol.v0.2.2-seven-family-robustness.json"",""protocol_version"":""0.2.2-seven-family-robustness-v1"",""resources"":{""memory_limit_mb"":8192,""threads"":1,""timeout_seconds"":1200},""sha256"":""0ceb8b09680e18a2df823b830d0f90ff1ef7d8611782441bb8b9920ccd1d4b2d""}]}",Graph-community comparator does not explicitly model a noise class.,results/published/v0.2.3/final_synthetic_robustness.csv,9e32a4159d2ab06e8fb0b9679011e68b1d7267fbbb07da69d46c06c0d4a4f326
kNN+Leiden,high_dim,"[8,16]",100,98,"{""ok"":98,""timeout"":2}",98,1,18bb947f9b65aca7fdecdfd276ded1bf72c2448b21426905ee0e964ee9b6595a,"{""edge_rank"":15,""geometry_profile"":""high_dim"",""k"":20,""knn_backend"":""faiss_hnsw"",""resolution"":0.5,""symmetrization"":""union"",""weights"":""1/(1+d)""}",{},controlled kNN graph plus Leiden community-detection comparator,"[{""path"":""benchmarks/methods.py"",""sha256"":""36491d1deea38e7c03208b2fedb30f7bd8765f25b8cfd012562a8c3da024c8b8""},{""path"":""baselines/algorithms.py"",""sha256"":""d355098910b9f14a28dda65bf154c315a29a7d5331e1f89a964deacd5dc8e325""}]",34ef6b6eab0cdf49cf92f30e8ef5f72ab96039b8f1b3de81ec4c241dbb9a2835,"Unsupervised fit: run_method receives X and a random seed, not reference labels; reference labels are used only by the evaluation stage.","{""profiles"":[{""memory_limit_mb"":8192,""threads"":1,""timeout_seconds"":1200}],""protocols"":[{""methods"":[""DBSCAN"",""HDBSCAN"",""OPTICS"",""SNN-DBSCAN"",""VDBSCAN-2007"",""AMD-DBSCAN"",""kNN-DBSCAN"",""kNN+Leiden"",""StrataSCAN""],""path"":""benchmarks/protocol.v0.2.2-seven-family-robustness.json"",""protocol_version"":""0.2.2-seven-family-robustness-v1"",""resources"":{""memory_limit_mb"":8192,""threads"":1,""timeout_seconds"":1200},""sha256"":""0ceb8b09680e18a2df823b830d0f90ff1ef7d8611782441bb8b9920ccd1d4b2d""}]}",Graph-community comparator does not explicitly model a noise class.,results/published/v0.2.3/final_synthetic_robustness.csv,9e32a4159d2ab06e8fb0b9679011e68b1d7267fbbb07da69d46c06c0d4a4f326
StrataSCAN,low_dim,[2],75,75,"{""ok"":75}",75,1,829820728d518a933a1d62ca7e8b25e814dcf3dda090538bdec4229686abfa40,"{""ambiguous_model_confirmation_tolerance"":1e-05,""assignment"":""maximum_posterior_basis_then_semantic_role"",""background_model"":""adaptive_gamma_basis_mixture_with_largest_rate_gap"",""background_scan"":""adaptive_dyadic_rank_windows_with_poisson_beta_boundary_code"",""border_rule"":""strict_local_core_radius"",""component_initialization"":""compiled_split_warm_single_start_with_guarded_confirmation"",""component_selection"":""semantic_icl_with_adaptive_bound"",""connectivity"":""density_ordered_non_merging_knn_watershed"",""core_thresholds"":""observed_d4_event_sweep"",""duplicate_profile_confirmation_minimum"":3,""duplicate_profile_confirmation_tolerance"":1e-08,""extraction_objective"":""gamma_topology_description_length"",""fit_samples"":""all_rows"",""gamma_tolerance"":0.0001,""geometry_profile"":""low_dim"",""hard_component_bound"":24,""initial_component_bound"":8,""k"":32,""knn_backend"":""kd_tree"",""shell_ranks"":[4,8,16,32],""stratification_model"":""adaptive_gamma_density_basis_with_semantic_background"",""version"":""0.2.3""}","{""profile.mdl_gamma_background_components"":{""distinct_values_sha256"":""90113aa8618edefa7bc7aea6c312a1f26f82d5969dfddf33472ec95cd9375a82"",""kind"":""numeric"",""maximum"":14.0,""minimum"":1.0,""missing_records"":0,""n_distinct"":13,""observed_records"":75},""profile.mdl_gamma_background_fraction"":{""distinct_values_sha256"":""16105c1ced558445cb088bef3b686a7cf35ca2e9eec8cfda8fbd571528209ca9"",""kind"":""numeric"",""maximum"":0.75382,""minimum"":0.2276,""missing_records"":0,""n_distinct"":72,""observed_records"":75},""profile.mdl_gamma_search_caps"":{""distinct_values"":[[8,12,16,20,24],[8,12,16,20],[8,12,16],[8,12],[8]],""distinct_values_sha256"":""cbaa58e20c0a6171e60ef4a01cacc8ec8cc1232a399087cba7e7dc69dc54e269"",""element_maximum"":24.0,""element_minimum"":8.0,""kind"":""list"",""maximum_length"":5,""minimum_length"":1,""missing_records"":0,""n_distinct"":5,""observed_records"":75},""profile.mdl_gamma_search_hard_max"":{""distinct_values"":[24],""distinct_values_sha256"":""68ca3fba3b7e864770cb61aeb306d4bd4354b68ab4dd38450860c5d823e42a53"",""kind"":""numeric"",""maximum"":24.0,""minimum"":24.0,""missing_records"":0,""n_distinct"":1,""observed_records"":75},""profile.mdl_gamma_search_initial_max"":{""distinct_values"":[8],""distinct_values_sha256"":""aa67a169b0bba217aa0aa88a65346920c84c42447c36ba5f7ea65f422c1fe5d8"",""kind"":""numeric"",""maximum"":8.0,""minimum"":8.0,""missing_records"":0,""n_distinct"":1,""observed_records"":75},""profile.mdl_gamma_selected_components"":{""distinct_values_sha256"":""3c2dc1b3d6235c30bf99bc7b793992b39df43eb25a0175e174a950efd561bc38"",""kind"":""numeric"",""maximum"":20.0,""minimum"":5.0,""missing_records"":0,""n_distinct"":14,""observed_records"":75},""profile.optimization_clusters"":{""distinct_values_sha256"":""5c75d138db96201b087fbedfe48e17dbc2ac67cfff17d0df360335ceb3b0d750"",""kind"":""numeric"",""maximum"":101.0,""minimum"":2.0,""missing_records"":0,""n_distinct"":31,""observed_records"":75},""profile.optimization_noise_fraction"":{""distinct_values_sha256"":""fedfafb65a2e7963783df3d32c8b5eda6fb10563a93adcd264ae6be275d1bebf"",""kind"":""numeric"",""maximum"":0.75088,""minimum"":0.229,""missing_records"":0,""n_distinct"":75,""observed_records"":75}}",released StrataSCAN estimator invoked by the unified benchmark wrapper,"[{""path"":""benchmarks/methods.py"",""sha256"":""36491d1deea38e7c03208b2fedb30f7bd8765f25b8cfd012562a8c3da024c8b8""},{""path"":""src/stratascan/__init__.py"",""sha256"":""3cb416344da515dab6f79ba0d499bf2d1a1c43d863f0677cbab834369048d647""},{""path"":""src/stratascan/core.py"",""sha256"":""ea88134d26b8f5cfc9664a6f01bbe186618aee7ef9205d8ec80422a7227ba09d""},{""path"":""src/stratascan/experimental.py"",""sha256"":""72ae27b0ee3707a8206779f3136c40a9b8d106eb1ee9c35f41fda5841fecc22e""},{""path"":""src/stratascan/metrics.py"",""sha256"":""797e20de4be768d879fa8ec30c8d96f73fae98634e57551d3bd49cd1e6ed6f94""},{""path"":""src/stratascan/multiscale.py"",""sha256"":""b34833408a45f1122849a345eed812aa2f2e1d54537fa22f3a877ce784c49f1b""},{""path"":""src/stratascan/neighbors.py"",""sha256"":""42cec099a921e50fe6e2fc2169bf6c64bf0507694b5f81eac2418b7b2bf69c36""},{""path"":""src/stratascan/optimization.py"",""sha256"":""f80990d79d5b7fa8612aa557534203479e90e026ffbe4f1df4982513878b5224""},{""path"":""src/stratascan/predictive.py"",""sha256"":""101b5123c559c38bbc459361b06602773ecb751e6849155ab5ad9c2caa0011fe""},{""path"":""src/stratascan/stratification.py"",""sha256"":""1af9f43c483bd378efba80443db1e7c577285a815168af3df01efcc20470207d""},{""path"":""src/stratascan/strict_core.py"",""sha256"":""8f4d051e69089e94f976903c5f96d9e8d8eaed750047bf6715dbacb187df23d0""},{""path"":""src/stratascan/synthetic.py"",""sha256"":""230dc6f1c20f2e951a21c8095b431c119ec8f7f3e4c93c05b247e3b3fb3d8a5f""},{""path"":""src/stratascan/types.py"",""sha256"":""226a2497ba2e6901b209f26e9a1a418ac1e631c9e07837dfdb580379fdcf7dc0""},{""path"":""src/stratascan/uniform_tail.py"",""sha256"":""5b3fa17a168865ee34cb666a4b80f6178afe6f6b44f588ae0874967a1547e631""}]",b7ed8dc5861f2d5441e7b305daf8717b714fe147bf094bb6eb24a9fe274d9f4d,"Unsupervised fit: run_method receives X and a random seed, not reference labels; reference labels are used only by the evaluation stage.","{""profiles"":[{""memory_limit_mb"":8192,""threads"":1,""timeout_seconds"":1200}],""protocols"":[{""methods"":[""StrataSCAN""],""path"":""benchmarks/protocol.v0.2.3-final-figures-stratascan-robustness.json"",""protocol_version"":""0.2.3-final-figures-stratascan-robustness-v1"",""resources"":{""memory_limit_mb"":8192,""threads"":1,""timeout_seconds"":1200},""sha256"":""cc229b5fb5f8d447c65ec29f9e444a06337a66a6f5a03a80c3ed7f4f88e4217b""}]}","Adaptive realized quantities are descriptive outcomes, not user-tuned hyperparameters.",results/published/v0.2.3/final_synthetic_robustness.csv,9e32a4159d2ab06e8fb0b9679011e68b1d7267fbbb07da69d46c06c0d4a4f326
StrataSCAN,high_dim,"[8,16]",100,100,"{""ok"":100}",100,1,d7b8e548dc00e5d45f87ac45ff316d22b7e2bed54ce400e25e0fe0cbb14c5237,"{""ambiguous_model_confirmation_tolerance"":1e-05,""assignment"":""maximum_posterior_basis_then_semantic_role"",""background_model"":""adaptive_gamma_basis_mixture_with_largest_rate_gap"",""background_scan"":""adaptive_dyadic_rank_windows_with_poisson_beta_boundary_code"",""border_rule"":""strict_local_core_radius"",""component_initialization"":""compiled_split_warm_single_start_with_guarded_confirmation"",""component_selection"":""semantic_icl_with_adaptive_bound"",""connectivity"":""density_ordered_non_merging_knn_watershed"",""core_thresholds"":""observed_d4_event_sweep"",""duplicate_profile_confirmation_minimum"":3,""duplicate_profile_confirmation_tolerance"":1e-08,""extraction_objective"":""gamma_topology_description_length"",""fit_samples"":""all_rows"",""gamma_tolerance"":0.0001,""geometry_profile"":""high_dim"",""hard_component_bound"":24,""initial_component_bound"":8,""k"":32,""knn_backend"":""faiss_hnsw"",""shell_ranks"":[4,8,16,32],""stratification_model"":""adaptive_gamma_density_basis_with_semantic_background"",""version"":""0.2.3""}","{""profile.mdl_gamma_background_components"":{""distinct_values_sha256"":""9089ea6af5d6f98ddc4d5e0d6383e81761c301289a1f0952838d2b3c4646efeb"",""kind"":""numeric"",""maximum"":23.0,""minimum"":1.0,""missing_records"":0,""n_distinct"":18,""observed_records"":100},""profile.mdl_gamma_background_fraction"":{""distinct_values_sha256"":""a237606a31c368dd4480463085b5eca1047cf7b8c14a8cfee9e44fd5dda4cb55"",""kind"":""numeric"",""maximum"":0.996,""minimum"":0.00018,""missing_records"":0,""n_distinct"":75,""observed_records"":100},""profile.mdl_gamma_search_caps"":{""distinct_values_sha256"":""ee6550ed49247776f80012e569ed168d3963dbe838fa98f81ea4e4959a6020c0"",""element_maximum"":24.0,""element_minimum"":8.0,""kind"":""list"",""maximum_length"":5,""minimum_length"":1,""missing_records"":0,""n_distinct"":14,""observed_records"":100},""profile.mdl_gamma_search_hard_max"":{""distinct_values_sha256"":""5abb35819158bea4080c6dea8dda36e8c656fb171e45bf706767dd36f979585c"",""kind"":""numeric"",""maximum"":24.0,""minimum"":13.0,""missing_records"":0,""n_distinct"":9,""observed_records"":100},""profile.mdl_gamma_search_initial_max"":{""distinct_values_sha256"":""7eb69f3a1f1a400bdf4c98a1e1594bbbbc9354ebc0e2298d33ad33f15cb3a6ef"",""kind"":""numeric"",""maximum"":24.0,""minimum"":8.0,""missing_records"":0,""n_distinct"":10,""observed_records"":100},""profile.mdl_gamma_selected_components"":{""distinct_values_sha256"":""e3c8dfbcbbefea4f29196b5edb202b82eab62d013e49ce19c19a4caba9420849"",""kind"":""numeric"",""maximum"":24.0,""minimum"":5.0,""missing_records"":0,""n_distinct"":18,""observed_records"":100},""profile.optimization_clusters"":{""distinct_values_sha256"":""3f823dd88b85983568acb2000c6bf007c8aeaecb4536cee9104fa7f6a20c869d"",""kind"":""numeric"",""maximum"":308.0,""minimum"":3.0,""missing_records"":0,""n_distinct"":52,""observed_records"":100},""profile.optimization_noise_fraction"":{""distinct_values_sha256"":""f17070f827462b4b964aabe13c1ef4c2820f49df86ce1e28298f4d9985f4448c"",""kind"":""numeric"",""maximum"":0.98625,""minimum"":0.09598,""missing_records"":0,""n_distinct"":95,""observed_records"":100}}",released StrataSCAN estimator invoked by the unified benchmark wrapper,"[{""path"":""benchmarks/methods.py"",""sha256"":""36491d1deea38e7c03208b2fedb30f7bd8765f25b8cfd012562a8c3da024c8b8""},{""path"":""src/stratascan/__init__.py"",""sha256"":""3cb416344da515dab6f79ba0d499bf2d1a1c43d863f0677cbab834369048d647""},{""path"":""src/stratascan/core.py"",""sha256"":""ea88134d26b8f5cfc9664a6f01bbe186618aee7ef9205d8ec80422a7227ba09d""},{""path"":""src/stratascan/experimental.py"",""sha256"":""72ae27b0ee3707a8206779f3136c40a9b8d106eb1ee9c35f41fda5841fecc22e""},{""path"":""src/stratascan/metrics.py"",""sha256"":""797e20de4be768d879fa8ec30c8d96f73fae98634e57551d3bd49cd1e6ed6f94""},{""path"":""src/stratascan/multiscale.py"",""sha256"":""b34833408a45f1122849a345eed812aa2f2e1d54537fa22f3a877ce784c49f1b""},{""path"":""src/stratascan/neighbors.py"",""sha256"":""42cec099a921e50fe6e2fc2169bf6c64bf0507694b5f81eac2418b7b2bf69c36""},{""path"":""src/stratascan/optimization.py"",""sha256"":""f80990d79d5b7fa8612aa557534203479e90e026ffbe4f1df4982513878b5224""},{""path"":""src/stratascan/predictive.py"",""sha256"":""101b5123c559c38bbc459361b06602773ecb751e6849155ab5ad9c2caa0011fe""},{""path"":""src/stratascan/stratification.py"",""sha256"":""1af9f43c483bd378efba80443db1e7c577285a815168af3df01efcc20470207d""},{""path"":""src/stratascan/strict_core.py"",""sha256"":""8f4d051e69089e94f976903c5f96d9e8d8eaed750047bf6715dbacb187df23d0""},{""path"":""src/stratascan/synthetic.py"",""sha256"":""230dc6f1c20f2e951a21c8095b431c119ec8f7f3e4c93c05b247e3b3fb3d8a5f""},{""path"":""src/stratascan/types.py"",""sha256"":""226a2497ba2e6901b209f26e9a1a418ac1e631c9e07837dfdb580379fdcf7dc0""},{""path"":""src/stratascan/uniform_tail.py"",""sha256"":""5b3fa17a168865ee34cb666a4b80f6178afe6f6b44f588ae0874967a1547e631""}]",b7ed8dc5861f2d5441e7b305daf8717b714fe147bf094bb6eb24a9fe274d9f4d,"Unsupervised fit: run_method receives X and a random seed, not reference labels; reference labels are used only by the evaluation stage.","{""profiles"":[{""memory_limit_mb"":8192,""threads"":1,""timeout_seconds"":1200}],""protocols"":[{""methods"":[""StrataSCAN""],""path"":""benchmarks/protocol.v0.2.3-final-figures-stratascan-robustness.json"",""protocol_version"":""0.2.3-final-figures-stratascan-robustness-v1"",""resources"":{""memory_limit_mb"":8192,""threads"":1,""timeout_seconds"":1200},""sha256"":""cc229b5fb5f8d447c65ec29f9e444a06337a66a6f5a03a80c3ed7f4f88e4217b""}]}","Adaptive realized quantities are descriptive outcomes, not user-tuned hyperparameters.",results/published/v0.2.3/final_synthetic_robustness.csv,9e32a4159d2ab06e8fb0b9679011e68b1d7267fbbb07da69d46c06c0d4a4f326
