dataset,n_old,n_dev,truth_clusters_old,truth_clusters_dev,n_clusters_old,n_clusters_dev,macro_target_f1_old,macro_target_f1_dev,noise_f1_old,noise_f1_dev,pairwise_f1_old,pairwise_f1_dev,signal_coverage_old,signal_coverage_dev,background_rejection_old,background_rejection_dev,extra_signal_fragments_old,extra_signal_fragments_dev,merged_predicted_clusters_old,merged_predicted_clusters_dev,spurious_background_majority_clusters_old,spurious_background_majority_clusters_dev,runtime_seconds_old,runtime_seconds_dev,incremental_rss_mb_old,incremental_rss_mb_dev,process_peak_rss_mb_old,process_peak_rss_mb_dev,macro_delta,target_background_hmean_f1_old,noise_aware_macro_f1_old,target_background_structure_hmean_f1_old,target_background_hmean_f1_dev,noise_aware_macro_f1_dev,target_background_structure_hmean_f1_dev,target_background_hmean_delta,noise_aware_delta,target_background_structure_hmean_delta,noise_delta,pairwise_delta,coverage_delta,background_delta,old_cluster_ratio_log2,dev_cluster_ratio_log2
Levine,265627.0,265627.0,14.0,14.0,32.0,775.0,0.0547040381710945,0.2264855118481689,0.297274647507682,0.379227475312418,0.059785964108609,0.093062696068243,0.8821796053136758,0.769427167319358,0.1878619698593311,0.2687945590703839,0.0,9.0,1.0,5.0,23.0,404.0,32.00171799999953,58.97688729999936,237.953125,303.0546875,454.72265625,521.19140625,0.1717814736770744,0.09240402516531966,0.09240402516531966,0.07818524191829256,0.2835981089183771,0.2835981089183771,0.16856132101031582,0.19119408375305746,0.19119408375305746,0.09037607909202326,0.081952827804736,0.033276731959633994,-0.11275243799431778,0.08093258921105281,1.1926450779423958,5.7906975781039955
Mosmann,396460.0,396460.0,1.0,1.0,2.0,27.0,4.090959563786826e-05,0.0010191849432411,0.2402586882269781,0.0123466076918062,7.177140679960453e-10,4.012714549229836e-07,0.0642201834862385,0.9908256880733946,0.1365658217085361,0.0062116659223768,0.0,0.0,0.0,0.0,2.0,27.0,50.00836180000624,516.9917684000029,262.14453125,445.6171875,457.75,646.6953125,0.0009782753476032318,8.180526203881379e-05,8.180526203881379e-05,2.1531044236963494e-09,0.0018829375859981084,0.0018829375859981084,1.2033014953617593e-06,0.0018011323239592947,0.0018011323239592947,1.201148390938063e-06,-0.2279120805351719,4.005537408549876e-07,0.9266055045871561,-0.1303541557861593,1.0,4.754887502163468
Nilsson,44140.0,44140.0,1.0,1.0,12.0,34.0,0.0978435790151271,0.3783783783783783,0.2987542205146117,0.0656020144456961,0.0003573555327448,0.0003771931839386,0.8491620111731844,0.9832402234636872,0.1758256817870357,0.0339180485130875,0.0,1.0,0.0,0.0,12.0,34.0,19.716857499995967,72.6199007000032,113.37109375,116.7578125,302.4375,299.42578125,0.2805347993632512,0.14740970431850428,0.14740970431850428,0.0010668937990121138,0.1118174777333161,0.1118174777333161,0.0011239964119710952,-0.03559222658518818,-0.03559222658518818,5.710261295898138e-05,-0.2331522060689156,1.983765119379998e-05,0.13407821229050287,-0.1419076332739482,3.584962500721156,5.087462841250339
Samusik 01,86864.0,86864.0,24.0,24.0,3.0,124.0,0.0680948218184916,0.1746567705256737,0.3510233264813656,0.3069136708714046,0.1559270883180472,0.1643141606100558,0.7661407105109737,0.8094521655727531,0.2914428185568846,0.2357899735834495,0.0,3.0,1.0,3.0,1.0,48.0,11.72417349999887,14.59751530000358,138.91796875,142.34765625,336.30078125,333.125,0.1065619487071821,0.11406268598887556,0.11406268598887556,0.12527418427883386,0.22262392363230404,0.22262392363230404,0.19907545131078427,0.10856123764342848,0.10856123764342848,0.07380126703195042,-0.044109655609960996,0.008387072292008607,0.04331145506177947,-0.05565284497343509,-3.0,2.3692338096657193
Samusik 02,87772.0,87772.0,24.0,24.0,2.0,133.0,0.0764388778258827,0.2365389006688111,0.3520446167656665,0.3115768463073852,0.1521226646493696,0.2177641872135398,0.7916245410525196,0.806630128239238,0.2935686299493518,0.2486223043353614,0.0,2.0,1.0,4.0,0.0,52.0,10.606940200006648,14.571439700004705,143.59765625,141.875,340.796875,340.69921875,0.1601000228429284,0.1256052837034587,0.1256052837034587,0.13335384344964848,0.2689214645117819,0.2689214645117819,0.2493923381339525,0.1433161808083232,0.1433161808083232,0.11603849468430402,-0.040467770458281316,0.06564152256417019,0.015005587186718405,-0.044946325613990395,-3.584962500721156,2.4703199347800333
Samusik 03,84556.0,84556.0,24.0,24.0,3.0,139.0,0.0792163371499707,0.2388760417414283,0.3505492310764929,0.3030075030827429,0.1644531801214319,0.2338177905645742,0.7887616686114353,0.8014512835472579,0.2954086441362596,0.2440083479197522,1.0,6.0,1.0,4.0,1.0,47.0,10.194591899999068,13.668492600001628,140.4453125,145.40625,337.05078125,335.6171875,0.1596597045914576,0.12922964578672594,0.12922964578672594,0.13916539588172425,0.2671468201819832,0.2671468201819832,0.2550292949579791,0.13791717439525727,0.13791717439525727,0.11586389907625486,-0.047541727993750005,0.0693646104431423,0.012689614935822657,-0.05140029621650741,-3.0,2.533978572002351
Samusik 04,80713.0,80713.0,24.0,24.0,3.0,126.0,0.0816827844356305,0.2226753133888122,0.3335505416632728,0.3069482437903491,0.1257615440171701,0.1549857345728908,0.7783710832061964,0.8221061690724876,0.2768107614830838,0.2370297765910704,0.0,3.0,1.0,2.0,1.0,37.0,9.1854383999962,13.201943699998084,139.984375,141.79296875,337.93359375,330.890625,0.1409925289531817,0.13122904776953964,0.13122904776953964,0.12935447871039404,0.2581070855088121,0.2581070855088121,0.21125379184771712,0.12687803773927248,0.12687803773927248,0.08189931313732307,-0.02660229787292373,0.029224190555720703,0.04373508586629116,-0.0397809848920134,-3.0,2.3923174227787602
Samusik 05,84610.0,84610.0,24.0,24.0,5.0,135.0,0.0639811418028547,0.21265217145049,0.3327661384664468,0.2932568259714253,0.1121731046622164,0.1190574527621982,0.7551291068019692,0.8096252386215211,0.2693930262591476,0.2185392452288707,0.0,9.0,1.0,5.0,3.0,54.0,9.507552900002338,13.513253999997689,140.36328125,138.69921875,333.5234375,330.0546875,0.1486710296476353,0.10732654539160806,0.10732654539160806,0.10889485166987141,0.2465332743765929,0.2465332743765929,0.18168823211755974,0.13920672898498482,0.13920672898498482,0.07279338044768834,-0.03950931249502154,0.006884348099981799,0.05449613181955193,-0.050853781030276934,-2.263034405833794,2.4918530963296748
Samusik 06,77282.0,77282.0,24.0,24.0,3.0,107.0,0.0741899644028,0.1782672220939307,0.3364771259734669,0.3017757786352299,0.1194290418441253,0.1155945916127106,0.7586116625580838,0.8170117149152468,0.2734471901536113,0.2251057469071017,0.0,1.0,1.0,3.0,1.0,41.0,8.741422600003716,12.28756969999813,137.0078125,144.0078125,336.6953125,329.25,0.1040772576911307,0.12157402715399385,0.12157402715399385,0.12085052196546471,0.2241329617172667,0.2241329617172667,0.1707047974566396,0.10255893456327286,0.10255893456327286,0.049854275491174896,-0.03470134733823699,-0.003834450231414696,0.05840005235716306,-0.0483414432465096,-3.0,2.156504485679991
Samusik 07,95087.0,95087.0,24.0,24.0,3.0,109.0,0.0723662950299332,0.2098289695924424,0.3607656401741799,0.3023961853141456,0.1237371233127661,0.1749365013871992,0.7680191102250481,0.8190276056540403,0.2922100989596549,0.2236741943669119,0.0,2.0,1.0,4.0,1.0,44.0,11.153523699998914,15.472725300001912,156.64453125,156.10546875,343.9453125,340.609375,0.1374626745625092,0.12055113295307765,0.12055113295307765,0.12159474235816213,0.24774839488202716,0.24774839488202716,0.21756368293495687,0.1271972619289495,0.1271972619289495,0.09596894057679474,-0.05836945486003431,0.051199378074433116,0.05100849542899222,-0.06853590459274297,-3.0,2.1832218240557704
Samusik 08,85741.0,85741.0,24.0,24.0,4.0,92.0,0.0749105567586973,0.2053563515111674,0.3439685392458672,0.2967450700879069,0.1190650647218859,0.1413141705565398,0.7577350468644314,0.8257222920088898,0.2842981527238498,0.2204376985527709,0.0,3.0,1.0,3.0,2.0,40.0,10.710733100000652,15.74267410000175,144.96875,142.43359375,336.73828125,335.79296875,0.1304457947524701,0.12302774250688774,0.12302774250688774,0.12167786385260888,0.24273376772407274,0.24273376772407274,0.1958747336836794,0.119706025217185,0.119706025217185,0.0741968698310705,-0.047223469157960274,0.022249105834653907,0.06798724514445842,-0.06386045417107888,-2.584962500721156,1.9385994553358568
Samusik 09,83506.0,83506.0,24.0,24.0,3.0,115.0,0.0762449572285195,0.1600996718339309,0.3403653055369609,0.303512646360265,0.1350468486418816,0.1281372700622341,0.7648415754756549,0.8158005109238571,0.2865515908798145,0.2345742625273734,0.0,0.0,1.0,3.0,1.0,47.0,10.653660399999351,13.306760399995255,141.69140625,141.40625,334.66015625,338.62890625,0.0838547146054114,0.1245823278114781,0.1245823278114781,0.127885529124932,0.2096246073400156,0.2096246073400156,0.17296055424397394,0.08504227952853749,0.08504227952853749,0.045075025119041934,-0.036852659176695945,-0.006909578579647496,0.05095893544820218,-0.05197732835244112,-3.0,2.260527550223219
Samusik 10,75513.0,75513.0,24.0,24.0,3.0,113.0,0.0750679131257873,0.1983286990058822,0.3393941807898353,0.3047655083979735,0.114393710998237,0.144660789378155,0.7796449976947902,0.8112263715998156,0.2651790993682507,0.2255936264899013,0.0,2.0,1.0,3.0,1.0,56.0,9.236836399999447,13.546993199997814,137.6171875,136.48046875,331.80859375,325.6875,0.12326078588009491,0.1229430302695711,0.1229430302695711,0.11995472143481366,0.2402879854027638,0.2402879854027638,0.19690118154291747,0.11734495513319271,0.11734495513319271,0.07694646010810381,-0.03462867239186179,0.03026707837991799,0.031581373905025356,-0.039585472878349376,-3.0,2.2352164616940313
