dataset_id,target,background,structure,all_three_improve,all_three_regress,tradeoff
levine,0.1717814736770744,0.081952827804736,0.033276731959633994,True,False,False
mosmann,0.0009782753476032318,-0.2279120805351719,4.005537408549876e-07,False,False,True
nilsson,0.2805347993632512,-0.2331522060689156,1.983765119379998e-05,False,False,True
samusik_01,0.1065619487071821,-0.044109655609960996,0.008387072292008607,False,False,True
samusik_02,0.1601000228429284,-0.040467770458281316,0.06564152256417019,False,False,True
samusik_03,0.1596597045914576,-0.047541727993750005,0.0693646104431423,False,False,True
samusik_04,0.1409925289531817,-0.02660229787292373,0.029224190555720703,False,False,True
samusik_05,0.1486710296476353,-0.03950931249502154,0.006884348099981799,False,False,True
samusik_06,0.1040772576911307,-0.03470134733823699,-0.003834450231414696,False,False,True
samusik_07,0.1374626745625092,-0.05836945486003431,0.051199378074433116,False,False,True
samusik_08,0.1304457947524701,-0.047223469157960274,0.022249105834653907,False,False,True
samusik_09,0.0838547146054114,-0.036852659176695945,-0.006909578579647496,False,False,True
samusik_10,0.12326078588009491,-0.03462867239186179,0.03026707837991799,False,False,True
