dataset_id,method,n,macro_target_f1,noise_f1,pairwise_f1,background_rejection,target_success_rate_f1_080,runtime_seconds,target_background_hmean_f1,noise_aware_macro_f1,target_background_structure_hmean_f1
levine,DBSCAN,265627.0,0.0443344093419363,0.7433815122108536,0.0277976719362526,0.9423511703821162,0.0,257.8175896000175,0.08367833976141084,0.08367833976141084,0.05010414694649899
levine,OPTICS,0.0,0.0,0.0,0.0,0.0,0.0,0.0,0.0,0.0,0.0
levine,SNN-DBSCAN,265627.0,0.0087550583598456,0.752721419197689,4.969862591392037e-06,0.9876860563790316,0.0,23.446206799999345,0.01730879455375861,0.01730879455375861,1.490103072822362e-05
levine,VDBSCAN-2007,0.0,0.0,0.0,0.0,0.0,0.0,0.0,0.0,0.0,0.0
levine,kNN + Leiden,0.0,0.0,0.0,0.0,0.0,0.0,0.0,0.0,0.0,0.0
levine,kNN-DBSCAN,265627.0,0.0407221399646944,0.743399628175593,0.0261157710874928,0.9424316941583096,0.0,20.24149350001244,0.07721459839092785,0.07721459839092785,0.046734157558680364
mosmann,DBSCAN,396460.0,0.0,0.9419296986130274,0.0,0.8904783891046067,0.0,60.60946039998089,0.0,0.0,0.0
mosmann,OPTICS,0.0,0.0,0.0,0.0,0.0,0.0,0.0,0.0,0.0,0.0
mosmann,SNN-DBSCAN,396460.0,0.2790697674418604,0.9981906032670224,0.0211740981402644,0.9965813130280988,0.0,30.44875449998653,0.4361911257949295,0.4361911257949295,0.057900907696178096
mosmann,VDBSCAN-2007,396460.0,8.206834104319804e-05,0.1362314684443483,3.1449662552438844e-09,0.0731119638905919,0.0,218.5744619999896,0.00016403786266228876,0.00016403786266228876,9.434537004123323e-09
mosmann,kNN + Leiden,0.0,0.0,0.0,0.0,0.0,0.0,0.0,0.0,0.0,0.0
mosmann,kNN-DBSCAN,396460.0,0.0,0.9419212272283278,0.0,0.8904632510073143,0.0,26.56168879999313,0.0,0.0,0.0
nilsson,DBSCAN,44140.0,0.0,0.9363599122870432,0.0,0.887533689644146,0.0,8.085213000013027,0.0,0.0,0.0
nilsson,OPTICS,44140.0,0.0,0.9917194906059048,0.0,0.991617559727742,0.0,15.834482700010994,0.0,0.0,0.0
nilsson,SNN-DBSCAN,44140.0,0.0590717299578059,0.9798306888097332,0.0038380349261178,0.9675665798730072,0.0,2.4617666999984067,0.11142585253079594,0.11142585253079594,0.010772025466817515
nilsson,VDBSCAN-2007,44140.0,0.0191579805508647,0.1283913693655202,0.0001836990699154,0.0686355123109953,0.0,21.447925899992697,0.03334097179821431,0.03334097179821431,0.0005450906276985116
nilsson,kNN + Leiden,44140.0,0.1385331781140861,0.0,0.0010916661666102,0.0,0.0,9.241356700018514,0.0,0.0,0.0
nilsson,kNN-DBSCAN,44140.0,0.0,0.9363599122870432,0.0,0.887533689644146,0.0,1.7416115999803878,0.0,0.0,0.0
samusik_01,DBSCAN,86864.0,0.0201884814071073,0.5409827376009329,0.0420279086053353,0.9087886972782048,0.0,38.035925200005295,0.03892437662404765,0.03892437662404765,0.03990667339832964
samusik_01,OPTICS,86864.0,0.0005518763796909,0.5586658923089687,8.695684234522743e-09,0.9993173251016592,0.0,113.54847419999714,0.0011026634966454785,0.0011026634966454785,2.6086641261281734e-08
samusik_01,SNN-DBSCAN,86864.0,0.032047806392341,0.5548522503914449,3.3651774920042577e-06,0.988691341901398,0.0,7.872312299994519,0.06059565778318046,0.06059565778318046,1.0094411290538016e-05
samusik_01,VDBSCAN-2007,86864.0,0.0707974689142047,0.1574287627408675,0.1274501650091674,0.0942091359710308,0.0,100.90334340000118,0.09767113846223442,0.09767113846223442,0.1059206756062088
samusik_01,kNN + Leiden,86864.0,0.3301199436507309,0.0,0.3925099996799491,0.0,0.0833333333333333,91.45738849999908,0.0,0.0,0.0
samusik_01,kNN-DBSCAN,86864.0,0.0200195841806457,0.5409539284862721,0.041227483972342,0.9090855124513963,0.0,7.240045200000168,0.038610281821317004,0.038610281821317004,0.03944496322518597
samusik_02,DBSCAN,87772.0,0.0229314559539826,0.5039976468700698,0.0225714870590278,0.900582932500876,0.0,52.28931330000341,0.04386700137901106,0.04386700137901106,0.033371881581205465
samusik_02,OPTICS,87772.0,0.0307837768075026,0.4927231215882292,0.069004416559494,0.8352498964737362,0.0,176.30776219999825,0.05794719668202821,0.05794719668202821,0.06121698580587695
samusik_02,SNN-DBSCAN,87772.0,0.0431287867299786,0.5232543435927266,8.169797355451646e-06,0.9885961838626446,0.0,11.240008699998723,0.0796892554956133,0.0796892554956133,2.450436765705819e-05
samusik_02,VDBSCAN-2007,87772.0,0.0779519984634031,0.1771051529116045,0.129923859131274,0.1077310228394865,0.0,156.3049988999992,0.10825574215974679,0.10825574215974679,0.11462813018692222
samusik_02,kNN + Leiden,87772.0,0.3449394751988783,0.0,0.5769103138627529,0.0,0.125,64.96886210000957,0.0,0.0,0.0
samusik_02,kNN-DBSCAN,87772.0,0.0228104398920367,0.5039255001559506,0.0221566505898429,0.9006466409709171,0.0,11.682388400004127,0.043645255458834395,0.043645255458834395,0.032982556060350214
samusik_03,DBSCAN,84556.0,0.0225405225099669,0.4955492098335952,0.0198704934090678,0.8966608320990979,0.0,58.71666109999933,0.04311970464469007,0.04311970464469007,0.03102109547303236
samusik_03,OPTICS,84556.0,0.0316304224139292,0.4835212276415584,0.0641980340755496,0.8294062205466541,0.0,170.9157467999903,0.05937661531223585,0.05937661531223585,0.0609012222033355
samusik_03,SNN-DBSCAN,84556.0,0.0521601664712194,0.5152853021881376,6.85405576639743e-06,0.9860980207351556,0.0416666666666666,12.236983799986774,0.09473110149528957,0.09473110149528957,2.0559192270967916e-05
samusik_03,VDBSCAN-2007,84556.0,0.0767495764964953,0.1681528662420381,0.1386357679700732,0.1021946950316413,0.0,148.80819230001362,0.1053943041681033,0.1053943041681033,0.11454970969357886
samusik_03,kNN + Leiden,84556.0,0.3682520295084193,0.0,0.5924713808590993,0.0,0.125,41.2910600000032,0.0,0.0,0.0
samusik_03,kNN-DBSCAN,84556.0,0.0227671540388443,0.495563698591916,0.0196274525438588,0.8967954759660698,0.0,11.803556799990474,0.04353426003733893,0.04353426003733893,0.030962987304830426
samusik_04,DBSCAN,80713.0,0.0226833231301434,0.508314134510647,0.0187124850960159,0.8911346199344307,0.0,53.54090389999328,0.04342865902203313,0.04342865902203313,0.030152937199820283
samusik_04,OPTICS,80713.0,0.0021270245074803,0.536028231110466,1.469175081514884e-06,0.9985466590056444,0.0,154.45478349999755,0.004237235156104101,0.004237235156104101,4.404470923182159e-06
samusik_04,SNN-DBSCAN,80713.0,0.0520428525603005,0.5319554182500843,9.304404039484976e-06,0.9864467502619394,0.0,11.412281099997928,0.09481013483901511,0.09481013483901511,2.7907734542909762e-05
samusik_04,VDBSCAN-2007,80713.0,0.0908255459168354,0.0048447330350233,0.1047621931417844,0.0024335011998512,0.0,115.76930260000518,0.009198792510027884,0.009198792510027884,0.013217881382148517
samusik_04,kNN + Leiden,80713.0,0.3653755238382168,0.0,0.5232780102934884,0.0,0.125,51.29926620000333,0.0,0.0,0.0
samusik_04,kNN-DBSCAN,80713.0,0.0226815094795981,0.5083566265060241,0.0186449755106587,0.8913036130733092,0.0,10.50940380000975,0.04342549004211282,0.04342549004211282,0.03009339431363337
samusik_05,DBSCAN,84610.0,0.02009941014885,0.548662210322878,0.0126059991997007,0.8880470655761228,0.0,57.46297529998992,0.038778238198659526,0.038778238198659526,0.022917798043252658
samusik_05,OPTICS,84610.0,0.0016219384474143,0.5836022699648775,4.328434575744424e-05,0.999024250251112,0.0,170.32824390000314,0.003234886547917498,0.003234886547917498,0.00012646861486842855
samusik_05,SNN-DBSCAN,84610.0,0.0249510163278679,0.5801397096527434,5.646394869680817e-06,0.990299899555173,0.0,12.233339400001569,0.04784431407218085,0.04784431407218085,1.6935187362686384e-05
samusik_05,VDBSCAN-2007,84610.0,0.0706738741383156,0.1497610196494955,0.0982913305943566,0.0890228153250107,0.0,156.75814610000816,0.0960300909866159,0.0960300909866159,0.09677218798566864
samusik_05,kNN + Leiden,84610.0,0.3337503864412345,0.0,0.4691793262201738,0.0,0.0416666666666666,41.8961152999982,0.0,0.0,0.0
samusik_05,kNN-DBSCAN,84610.0,0.020040153610007,0.5487070837802619,0.0124902183626987,0.8881905581862534,0.0,11.56661960000929,0.03866805330365046,0.03866805330365046,0.022764362321996096
samusik_06,DBSCAN,77282.0,0.0197778600521751,0.5494844857073052,0.025392040460477,0.8940940749928442,0.0,49.1815467000124,0.03818143722350533,0.03818143722350533,0.032692596605040605
samusik_06,OPTICS,77282.0,0.0001464557703573,0.578102431529849,8.294040603959596e-08,0.9992367140540024,0.0,135.1731698999938,0.0002928373536538308,0.0002928373536538308,2.486803505075504e-07
samusik_06,SNN-DBSCAN,77282.0,0.0752911196797188,0.5744958492591599,2.1356395697270977e-05,0.987119549661292,0.0416666666666666,10.76081150000391,0.1331342049309141,0.1331342049309141,6.404863868244986e-05
samusik_06,VDBSCAN-2007,77282.0,0.0701761106064387,0.1571199999999999,0.1014265319350365,0.0936933498711955,0.0,111.25664549999055,0.0970194383798779,0.0970194383798779,0.09844529016155502
samusik_06,kNN + Leiden,77282.0,0.3356842389221755,0.0,0.4576074258784731,0.0,0.0416666666666666,36.57987600000342,0.0,0.0,0.0
samusik_06,kNN-DBSCAN,77282.0,0.0197357722487595,0.5495231394621638,0.02526206005155,0.8942530928982604,0.0,9.48537700000452,0.03810309615796029,0.03810309615796029,0.03258240788440379
samusik_07,DBSCAN,95087.0,0.0191579537075642,0.5510035484150151,0.0118543160417884,0.8885054554681553,0.0,67.18430079999962,0.0370284574947293,0.0370284574947293,0.021681004509601885
samusik_07,OPTICS,95087.0,0.0003752831264589,0.5861917620716076,1.3433679534830226e-05,0.9997462572951028,0.0,212.2123390000052,0.0007500860437885702,0.0007500860437885702,3.890741258897444e-05
samusik_07,SNN-DBSCAN,95087.0,0.0400960678263445,0.5834502941439962,1.016280065328208e-05,0.9915249936564324,0.0,13.355974599995534,0.07503551939065302,0.07503551939065302,3.048014550623125e-05
samusik_07,VDBSCAN-2007,95087.0,0.0752454236013454,0.1658371234875139,0.1041568908474307,0.098071555442781,0.0,238.32064039999383,0.1035204311247569,0.1035204311247569,0.10373171834782643
samusik_07,kNN + Leiden,95087.0,0.3302656427851531,0.0,0.5137310409358562,0.0,0.0833333333333333,70.73296760000812,0.0,0.0,0.0
samusik_07,kNN-DBSCAN,95087.0,0.0190888735388271,0.5510486649778938,0.0117126668127744,0.8886830753615833,0.0,12.762854699991294,0.03689951132447323,0.03689951132447323,0.02149321802927864
samusik_08,DBSCAN,85741.0,0.0202843951630053,0.5352112676056338,0.0136709834508927,0.8903106247793858,0.0,60.779845800003386,0.03908738654662476,0.03908738654662476,0.02413223914782849
samusik_08,OPTICS,85741.0,0.0001968499339734,0.5674898907195134,2.344479287438168e-07,0.9989998823390988,0.0,180.20395309999003,0.00039356334935747826,0.00039356334935747826,7.025068116138689e-07
samusik_08,SNN-DBSCAN,85741.0,0.0564033980634411,0.5654884609583187,7.558080400972577e-06,0.9924991175432404,0.0,12.55412869999418,0.10257561761263935,0.10257561761263935,2.267090028251022e-05
samusik_08,VDBSCAN-2007,85741.0,0.0760176751853288,0.161332510795805,0.1018642187749012,0.0961583715731262,0.0,162.58657519999542,0.10334200794335079,0.10334200794335079,0.10284467027303461
samusik_08,kNN + Leiden,85741.0,0.3063617014387744,0.0,0.4837016805565176,0.0,0.0833333333333333,55.59339419999742,0.0,0.0,0.0
samusik_08,kNN-DBSCAN,85741.0,0.0202561856089715,0.5352394087276328,0.0135980055293349,0.8904282856806683,0.0,11.802123200002825,0.03903508477460004,0.03903508477460004,0.024043055241270747
samusik_09,DBSCAN,83506.0,0.0216830145590846,0.513553923161932,0.0194889301115853,0.8904418394950406,0.0,57.57687770000484,0.04160922540289746,0.04160922540289746,0.030187936922189233
samusik_09,OPTICS,83506.0,0.0003578161769149,0.5417285417285417,1.5458148931368763e-06,0.9985830220275668,0.0,167.21796959999483,0.0007151599847520881,0.0007151599847520881,4.617483343003084e-06
samusik_09,SNN-DBSCAN,83506.0,0.0458391987861016,0.5394641119807873,7.311232209487274e-06,0.9910472755378076,0.0,12.08892759999435,0.08449842060402711,0.08449842060402711,2.192990165567559e-05
samusik_09,VDBSCAN-2007,83506.0,0.074400234268826,0.161752859674561,0.1142316430283672,0.0969985830220275,0.0,142.73260410000512,0.10192075363048088,0.10192075363048088,0.10571856155873906
samusik_09,kNN + Leiden,83506.0,0.3357420206209915,0.0,0.5336435877214238,0.0,0.125,50.14067010000872,0.0,0.0,0.0
samusik_09,kNN-DBSCAN,83506.0,0.0216046862649381,0.5135667192868418,0.0192793474958343,0.8905384516295247,0.0,11.23267460000352,0.04146502496659353,0.04146502496659353,0.029969312561501267
samusik_10,DBSCAN,75513.0,0.0199290721507246,0.5618955037754932,0.0109122949318348,0.890424174524632,0.0,49.537889699990046,0.03849289459140893,0.03849289459140893,0.02089174419438755
samusik_10,OPTICS,75513.0,0.0001881976660492,0.5968792691653578,1.2321181980784983e-06,0.9993775869044283,0.0,140.05340659999638,0.00037627669102859154,0.00037627669102859154,3.672304667584705e-06
samusik_10,SNN-DBSCAN,75513.0,0.0635975447197422,0.5944509705207809,1.1549055861714396e-05,0.9921575949957988,0.0416666666666666,11.66570139999385,0.1149022338195572,0.1149022338195572,3.464020407123087e-05
samusik_10,VDBSCAN-2007,75513.0,0.0737897438086254,0.1554635234151003,0.0988200057441428,0.0911212771916721,0.0,98.7203528999962,0.10007808135786757,0.10007808135786757,0.09965517862991762
samusik_10,kNN + Leiden,75513.0,0.3003038543144979,0.0,0.4488789605043877,0.0,0.0416666666666666,38.62084020000475,0.0,0.0,0.0
samusik_10,kNN-DBSCAN,75513.0,0.0198889448377701,0.5619605879407347,0.0107640958882836,0.8905797777985249,0.0,10.862611500007915,0.03841819063145607,0.03841819063145607,0.020695348302919633
levine,StrataSCAN 0.1.2,265627.0,0.0547040381710945,0.297274647507682,0.059785964108609,0.1878619698593311,0.0,32.00171799999953,0.09240402516531966,0.09240402516531966,0.07818524191829256
mosmann,StrataSCAN 0.1.2,396460.0,4.090959563786826e-05,0.2402586882269781,7.177140679960453e-10,0.1365658217085361,0.0,50.00836180000624,8.180526203881379e-05,8.180526203881379e-05,2.1531044236963494e-09
nilsson,StrataSCAN 0.1.2,44140.0,0.0978435790151271,0.2987542205146117,0.0003573555327448,0.1758256817870357,0.0,19.716857499995967,0.14740970431850428,0.14740970431850428,0.0010668937990121138
samusik_01,StrataSCAN 0.1.2,86864.0,0.0680948218184916,0.3510233264813656,0.1559270883180472,0.2914428185568846,0.0,11.72417349999887,0.11406268598887556,0.11406268598887556,0.12527418427883386
samusik_02,StrataSCAN 0.1.2,87772.0,0.0764388778258827,0.3520446167656665,0.1521226646493696,0.2935686299493518,0.0,10.606940200006648,0.1256052837034587,0.1256052837034587,0.13335384344964848
samusik_03,StrataSCAN 0.1.2,84556.0,0.0792163371499707,0.3505492310764929,0.1644531801214319,0.2954086441362596,0.0,10.194591899999068,0.12922964578672594,0.12922964578672594,0.13916539588172425
samusik_04,StrataSCAN 0.1.2,80713.0,0.0816827844356305,0.3335505416632728,0.1257615440171701,0.2768107614830838,0.0416666666666666,9.1854383999962,0.13122904776953964,0.13122904776953964,0.12935447871039404
samusik_05,StrataSCAN 0.1.2,84610.0,0.0639811418028547,0.3327661384664468,0.1121731046622164,0.2693930262591476,0.0,9.507552900002338,0.10732654539160806,0.10732654539160806,0.10889485166987141
samusik_06,StrataSCAN 0.1.2,77282.0,0.0741899644028,0.3364771259734669,0.1194290418441253,0.2734471901536113,0.0,8.741422600003716,0.12157402715399385,0.12157402715399385,0.12085052196546471
samusik_07,StrataSCAN 0.1.2,95087.0,0.0723662950299332,0.3607656401741799,0.1237371233127661,0.2922100989596549,0.0,11.153523699998914,0.12055113295307765,0.12055113295307765,0.12159474235816213
samusik_08,StrataSCAN 0.1.2,85741.0,0.0749105567586973,0.3439685392458672,0.1190650647218859,0.2842981527238498,0.0,10.710733100000652,0.12302774250688774,0.12302774250688774,0.12167786385260888
samusik_09,StrataSCAN 0.1.2,83506.0,0.0762449572285195,0.3403653055369609,0.1350468486418816,0.2865515908798145,0.0,10.653660399999351,0.1245823278114781,0.1245823278114781,0.127885529124932
samusik_10,StrataSCAN 0.1.2,75513.0,0.0750679131257873,0.3393941807898353,0.114393710998237,0.2651790993682507,0.0,9.236836399999447,0.1229430302695711,0.1229430302695711,0.11995472143481366
levine,MDL-StrataSCAN,265627.0,0.2264855118481689,0.379227475312418,0.093062696068243,0.2687945590703839,0.0,58.97688729999936,0.2835981089183771,0.2835981089183771,0.16856132101031582
mosmann,MDL-StrataSCAN,396460.0,0.0010191849432411,0.0123466076918062,4.012714549229836e-07,0.0062116659223768,0.0,516.9917684000029,0.0018829375859981084,0.0018829375859981084,1.2033014953617593e-06
nilsson,MDL-StrataSCAN,44140.0,0.3783783783783783,0.0656020144456961,0.0003771931839386,0.0339180485130875,0.0,72.6199007000032,0.1118174777333161,0.1118174777333161,0.0011239964119710952
samusik_01,MDL-StrataSCAN,86864.0,0.1746567705256737,0.3069136708714046,0.1643141606100558,0.2357899735834495,0.0,14.59751530000358,0.22262392363230404,0.22262392363230404,0.19907545131078427
samusik_02,MDL-StrataSCAN,87772.0,0.2365389006688111,0.3115768463073852,0.2177641872135398,0.2486223043353614,0.0416666666666666,14.571439700004705,0.2689214645117819,0.2689214645117819,0.2493923381339525
samusik_03,MDL-StrataSCAN,84556.0,0.2388760417414283,0.3030075030827429,0.2338177905645742,0.2440083479197522,0.0416666666666666,13.668492600001628,0.2671468201819832,0.2671468201819832,0.2550292949579791
samusik_04,MDL-StrataSCAN,80713.0,0.2226753133888122,0.3069482437903491,0.1549857345728908,0.2370297765910704,0.0833333333333333,13.201943699998084,0.2581070855088121,0.2581070855088121,0.21125379184771712
samusik_05,MDL-StrataSCAN,84610.0,0.21265217145049,0.2932568259714253,0.1190574527621982,0.2185392452288707,0.0,13.513253999997689,0.2465332743765929,0.2465332743765929,0.18168823211755974
samusik_06,MDL-StrataSCAN,77282.0,0.1782672220939307,0.3017757786352299,0.1155945916127106,0.2251057469071017,0.0,12.28756969999813,0.2241329617172667,0.2241329617172667,0.1707047974566396
samusik_07,MDL-StrataSCAN,95087.0,0.2098289695924424,0.3023961853141456,0.1749365013871992,0.2236741943669119,0.0416666666666666,15.472725300001912,0.24774839488202716,0.24774839488202716,0.21756368293495687
samusik_08,MDL-StrataSCAN,85741.0,0.2053563515111674,0.2967450700879069,0.1413141705565398,0.2204376985527709,0.0,15.74267410000175,0.24273376772407274,0.24273376772407274,0.1958747336836794
samusik_09,MDL-StrataSCAN,83506.0,0.1600996718339309,0.303512646360265,0.1281372700622341,0.2345742625273734,0.0,13.306760399995255,0.2096246073400156,0.2096246073400156,0.17296055424397394
samusik_10,MDL-StrataSCAN,75513.0,0.1983286990058822,0.3047655083979735,0.144660789378155,0.2255936264899013,0.0416666666666666,13.546993199997814,0.2402879854027638,0.2402879854027638,0.19690118154291747
