case_id,seed,macro_target_f1_delta,pairwise_f1_delta,noise_f1_delta
imbalanced_16d,197,-0.001604937671471629,-0.005490876689711266,-0.0009322145432996143
imbalanced_16d,251,-0.002762063659753178,-0.018407131276959032,-0.0025202152210743733
moons_2d,197,0.3317091351825595,0.33017244856842576,0.008833003621193103
moons_2d,251,-0.06193060802940498,-0.09135745595484102,0.007863971700222128
multidensity_2d,197,1.6896258611787118e-05,0.00022726045855103738,0.001067768750561915
multidensity_2d,251,-0.03950558274291416,-0.05118219364213461,-0.00012340426773438384
overlap_8d,197,0.36381435095090886,0.4284756863891922,-0.07908503273206802
overlap_8d,251,0.0872564149433167,0.09170718370351771,-0.05964678180845995
overlapping_density_16d,197,0.034607614872272485,-0.05882668722949663,0.007843170545852818
overlapping_density_16d,251,-0.03261980061497338,-0.08414333192660511,0.008249617583949376
rings_2d,197,0.15739239296644703,0.1326608108529196,-0.002995875980361662
rings_2d,251,0.2399613743910739,0.1575243517827034,-0.0022165538971525844
ultrasparse_16d,197,0.000861807569124684,-0.0011437952218688041,-4.431200814059011e-07
ultrasparse_16d,251,0.002136752136752018,0.0038453754300747933,0.00010525207872857933
