block,method,datasets,mean_primary,median_primary,success_rate_080,mean_pairwise_f1,mean_background_rejection,median_runtime_seconds
Biological (13),DBSCAN,13,0.03739967083761677,0.03892437662404765,0.0,0.017300354638613714,0.8968733512138201,57.46297529998992
Biological (13),MDL-StrataSCAN,13,0.2173199084242547,0.24273376772407274,0.0,0.12984791840336418,0.20171534230833935,14.571439700004705
Biological (13),OPTICS,13,0.009878963124423974,0.0007151599847520881,0.0,0.010251057065579048,0.8191619518251343,154.45478349999755
Biological (13),SNN-DBSCAN,13,0.11174940253250416,0.09473110149528957,0.0,0.001931413871024564,0.9881780520762322,12.08892759999435
Biological (13),StrataSCAN 0.1.2,13,0.1123097695446984,0.1229430302695711,0.0,0.10632713012663067,0.25604334506344706,10.653660399999351
Biological (13),VDBSCAN-2007,13,0.07353352233722607,0.09767113846223442,0.0,0.08613433141472428,0.07795244489764691,142.73260410000512
Biological (13),kNN + Leiden,13,0.0,0.0,0.0,0.38407718405221025,0.0,41.8961152999982
Biological (13),kNN-DBSCAN,13,0.03684760360840497,0.03866805330365046,0.0,0.016990671372667004,0.8969948552943291,11.56661960000929
Biological studies (4),DBSCAN,4,0.030982519468542892,0.02012586905638036,0.0,0.011877091443206292,0.903565570198937,57.52004217499052
Biological studies (4),MDL-StrataSCAN,4,0.16002113819136332,0.17730175313053906,0.0,0.06322463884891157,0.13506544778902613,65.79839400000128
Biological studies (4),OPTICS,4,0.0032106630154377924,0.0,0.0,0.0033315935463131907,0.48934158528191063,7.917241350005497
Biological studies (4),SNN-DBSCAN,4,0.16342685472094778,0.10010374926755147,0.0,0.006256557667102041,0.9853205055128065,17.494126854997738
Biological studies (4),StrataSCAN 0.1.2,4,0.0904771704198461,0.10720858604942066,0.0,0.04808856437194524,0.19577111865047345,25.859287749997748
Biological studies (4),VDBSCAN-2007,4,0.03143702193329571,0.0167525048304383,0.0,0.028034990708133766,0.057227726737092366,82.33200301999678
Biological studies (4),kNN + Leiden,4,0.0,0.0,0.0,0.12507070970445558,0.0,4.620678350009257
Biological studies (4),kNN-DBSCAN,4,0.02934875581069038,0.020090212425916836,0.0,0.011398016690802659,0.9036197708028553,15.568129490007413
Gaia (24),AMD-DBSCAN,24,0.8971258966202442,0.9935064935064934,0.9166666666666666,0.00020502796792556857,0.046239591961145625,0.43252754998684395
Gaia (24),DBSCAN,24,0.8403452951485025,0.9271827500883704,0.75,0.04936499184173871,0.8922703785635937,0.22087979999196244
Gaia (24),HDBSCAN,24,0.9156726432016962,1.0,0.9166666666666666,0.00016823542712883903,0.08108459382501852,0.16977220000990195
Gaia (24),MDL-StrataSCAN,24,0.8672409919262906,1.0,0.7916666666666666,0.1440735227056437,0.3383020848298373,11.153429500001948
Gaia (24),OPTICS,24,0.647264358179901,0.7761100687929956,0.5,0.13428343784327293,0.9569818182415121,0.6601224500045646
Gaia (24),SNN-DBSCAN,24,0.9162825757912362,1.0,0.8333333333333334,0.24693347871885152,0.9304131798717711,0.18053325000801118
Gaia (24),StrataSCAN 0.1.2,24,0.8939963312877136,1.0,0.8333333333333334,0.0002019853575340483,0.2465174831960523,7.885188399999606
Gaia (24),VDBSCAN-2007,24,0.835134248421516,1.0,0.8333333333333334,0.00013049208621113907,0.07612477939226547,0.439626949999365
Gaia (24),kNN + Leiden,24,0.8826471164489827,1.0,0.875,0.0007651990914368375,0.0,0.45810984999116044
Gaia (24),kNN-DBSCAN,24,0.834894276336097,0.9271827500883704,0.75,0.052735026906777116,0.8921535856343007,0.14657820000138594
