method,"Multi-density
2D","Ultra-sparse
16D","Overlap-density
16D","Moons
2D","Rings
2D","Gaussian overlap
8D","Imbalanced
16D"
DBSCAN,5.351675438281415,0.0,0.7004397181410922,5.727920454563199,6.734709620225838,2.273018494406416,0.32192809488736235
HDBSCAN,2.222392421336448,0.11547721741993588,0.9068905956085185,2.169925001442312,3.523561956057013,-1.0,0.32192809488736235
OPTICS,0.0,0.32192809488736235,-0.19264507794239588,-1.0,0.5849625007211562,1.1154772174199359,-0.19264507794239588
SNN-DBSCAN,4.087462841250339,0.0,0.7004397181410922,5.672425341971495,5.442943495848728,-2.584962500721156,-1.0
VDBSCAN-2007,2.1154772174199357,0.11547721741993588,-3.0,5.169925001442312,4.954196310386875,0.0,0.9068905956085185
AMD-DBSCAN,0.22239242133644802,-3.584962500721156,-3.0,1.584962500721156,5.741466986401147,1.6629650127224291,-3.0
kNN-DBSCAN,0.41503749927884376,0.0,1.0,6.562242424221073,3.7548875021634687,2.321928094887362,0.32192809488736235
kNN + Leiden,1.4150374992788437,-0.5849625007211563,0.32192809488736235,3.0874628412503395,3.169925001442312,0.22239242133644802,0.0
StrataSCAN 0.1.0,0.22239242133644802,0.0,-1.0,1.0,2.584962500721156,-1.5849625007211563,0.0
