method,completed,median_ratio,min_ratio,max_ratio,median_abs_log2,coverage
StrataSCAN,6.0,1.9374999835,1.25,2.4166667,0.952108217657458,6/6
DBSCAN,6.0,1866.875,1862.208333,1871.0,10.866409374292243,6/6
HDBSCAN,,,,,,0/6
OPTICS,,,,,,0/6
SNN-DBSCAN,6.0,792.39583335,787.875,794.7083333,9.630074826707933,6/6
VDBSCAN-2007,6.0,57.3541667,53.875,65.3333333,5.840776304070054,6/6
AMD-DBSCAN,,,,,,0/6
kNN-DBSCAN,6.0,1774.9375,1771.875,1776.375,10.793552425685789,6/6
kNN+Leiden,6.0,9.27083335,9.1666667,9.5833333,3.212695385001843,6/6
