architecture,cell_id,method,topology,density_ratio,noise_fraction,n,seeds_attempted,seeds_completed,completion_fraction,timeouts,resource_skips,target_f1_mean,target_f1_sd,noise_f1_mean,noise_f1_sd,pairwise_f1_mean,pairwise_f1_sd,predicted_clusters_mean,truth_clusters_mean,granularity_ratio_mean,granularity_ratio_sd,granularity_log2_ratio_mean,runtime_seconds_mean,runtime_seconds_median,peak_rss_mb_median,status_summary,metric_policy
Gaussian 4x,gaussian_noise_curve_r4,StrataSCAN,compact_gaussian,4,0.99,180000,4,4,1,0,0,0.960528142502377,0.005368005194867799,0.999489807448541,0.00011029878599522594,0.9212819203440499,0.011336286928275617,12.25,6,2.0416666666666665,0.5672382737961705,0.9833407017424274,14.382523799999035,14.534662999998545,456.3515625,ok:4,completed rows only; no timeout/skip imputation
Gaussian 4x,gaussian_noise_curve_r4,DBSCAN,compact_gaussian,4,0.99,180000,4,4,1,0,0,0.9286571429604826,0.006352426961711156,0.47403610700593857,0.0008092692010907128,0.3273311828149958,0.0029683749953754927,11207.75,6,1867.9583333333333,16.91228733681413,10.867202205543627,4.38596994999898,4.500552899997274,237.701171875,ok:4,completed rows only; no timeout/skip imputation
Gaussian 4x,gaussian_noise_curve_r4,HDBSCAN,compact_gaussian,4,0.99,180000,4,0,0,4,0,,,,,,,,,,,,,,,timeout:4,completed rows only; no timeout/skip imputation
Gaussian 4x,gaussian_noise_curve_r4,OPTICS,compact_gaussian,4,0.99,180000,4,0,0,4,0,,,,,,,,,,,,,,,timeout:4,completed rows only; no timeout/skip imputation
Gaussian 4x,gaussian_noise_curve_r4,SNN-DBSCAN,compact_gaussian,4,0.99,180000,4,4,1,0,0,0.48896668963301804,0.04299626052511196,0.17559304520177038,0.0024900587989195653,0.02293183415453144,0.003307059162689728,4768.25,6,794.7083333333333,10.73103408775654,9.634182132069576,5.0691435749977245,5.106328449997818,360.884765625,ok:4,completed rows only; no timeout/skip imputation
Gaussian 4x,gaussian_noise_curve_r4,VDBSCAN-2007,compact_gaussian,4,0.99,180000,4,4,1,0,0,0.926940972173467,0.007840798899631131,0.021832029159372032,0.00106894926811082,0.000029054464499221486,6.257531523452608e-7,357.25,6,59.541666666666664,2.374147020315733,5.8949856786291015,7.501168675000372,7.488706399999501,254.390625,ok:4,completed rows only; no timeout/skip imputation
Gaussian 4x,gaussian_noise_curve_r4,AMD-DBSCAN,compact_gaussian,4,0.99,180000,4,0,0,0,4,,,,,,,,,,,,,,,skipped_resource_limit:4,completed rows only; no timeout/skip imputation
Gaussian 4x,gaussian_noise_curve_r4,kNN-DBSCAN,compact_gaussian,4,0.99,180000,4,4,1,0,0,0.9510435058060296,0.0025516478633203473,0.6857630712761867,0.0017633421582680714,0.5456334536061739,0.0023274486237992342,10653.25,6,1775.5416666666665,15.40164433260774,10.794002791350115,1.81045552499927,1.7615229500006535,219.783203125,ok:4,completed rows only; no timeout/skip imputation
Gaussian 4x,gaussian_noise_curve_r4,kNN+Leiden,compact_gaussian,4,0.99,180000,4,4,1,0,0,0.22029523218261424,0.08065172706472198,0,0,0.001753483660280369,0.00003180300481480206,57.5,6,9.583333333333332,0.0962250448649373,3.260473003925001,105.79184725000232,100.7003007500025,833.140625,ok:4,completed rows only; no timeout/skip imputation
Gaussian 16x,gaussian_density_r16,StrataSCAN,compact_gaussian,16,0.99,180000,4,4,1,0,0,0.966468373283127,0.01182905319546186,0.9996295304808055,0.00006487255354190976,0.936128050133307,0.018380262683961094,11,6,1.8333333333333335,0.40824829046386313,0.8480793556946901,18.615313149995927,17.420288449997315,507.037109375,ok:4,completed rows only; no timeout/skip imputation
Gaussian 16x,gaussian_density_r16,DBSCAN,compact_gaussian,16,0.99,180000,4,4,1,0,0,0.9422254694066134,0.0018463360086194282,0.4703457695958651,0.0011081960080745886,0.32712924793759857,0.0029166521223236838,11190,6,1865,16.015617378046965,10.864920012047497,5.9834427000023425,5.801438800001051,237.982421875,ok:4,completed rows only; no timeout/skip imputation
Gaussian 16x,gaussian_density_r16,HDBSCAN,compact_gaussian,16,0.99,180000,4,0,0,4,0,,,,,,,,,,,,,,,timeout:4,completed rows only; no timeout/skip imputation
Gaussian 16x,gaussian_density_r16,OPTICS,compact_gaussian,16,0.99,180000,4,0,0,4,0,,,,,,,,,,,,,,,timeout:4,completed rows only; no timeout/skip imputation
Gaussian 16x,gaussian_density_r16,SNN-DBSCAN,compact_gaussian,16,0.99,180000,4,4,1,0,0,0.5300153266051827,0.04906319589560041,0.17560335128277252,0.0024330173550045375,0.026336181888616715,0.005220931009910603,4764.5,6,794.0833333333333,10.76043851509021,9.633046368553302,6.208662450000702,6.193112200002361,360.70703125,ok:4,completed rows only; no timeout/skip imputation
Gaussian 16x,gaussian_density_r16,VDBSCAN-2007,compact_gaussian,16,0.99,180000,4,4,1,0,0,0.9457850051589131,0.009467673454228893,0.02126365679170847,0.0011886209294666916,0.00003104393314721942,6.782623314009209e-7,331,6,55.166666666666664,0.8277591347639635,5.785602848504812,8.671606500000053,8.574066150002182,254.76171875,ok:4,completed rows only; no timeout/skip imputation
Gaussian 16x,gaussian_density_r16,AMD-DBSCAN,compact_gaussian,16,0.99,180000,4,0,0,0,4,,,,,,,,,,,,,,,skipped_resource_limit:4,completed rows only; no timeout/skip imputation
Gaussian 16x,gaussian_density_r16,kNN-DBSCAN,compact_gaussian,16,0.99,180000,4,4,1,0,0,0.9593986829132445,0.0033022904860329516,0.6857473592821852,0.0017728652627130995,0.5515738243693705,0.0016463922137076976,10655.25,6,1775.875,15.4981331014297,10.794273119747784,2.2742237749989727,2.2215591999993194,221.318359375,ok:4,completed rows only; no timeout/skip imputation
Gaussian 16x,gaussian_density_r16,kNN+Leiden,compact_gaussian,16,0.99,180000,4,4,1,0,0,0.1488318156643586,0.014544477798597489,0,0,0.0017209708498373973,0.0000484658369659599,55.5,6,9.25,0.21516574145596776,3.209160537256462,150.22170392499902,138.95085059999838,840.796875,ok:4,completed rows only; no timeout/skip imputation
Gaussian 64x,gaussian_density_r64,StrataSCAN,compact_gaussian,64,0.99,180000,4,4,1,0,0,0.96201103276168,0.03058193999737841,0.9996121451944786,0.00020862045511331142,0.9362444669812314,0.03801950636535606,8.75,6,1.4583333333333335,0.5989960736902173,0.464955585487935,17.495607499997277,16.58717335000256,416.587890625,ok:4,completed rows only; no timeout/skip imputation
Gaussian 64x,gaussian_density_r64,DBSCAN,compact_gaussian,64,0.99,180000,4,4,1,0,0,0.9494992776244737,0.0022980222907877947,0.4678947190191265,0.0010625062793150931,0.32657305745272985,0.001819110470407555,11173.25,6,1862.2083333333333,15.886970552416006,10.862759385722784,5.534038050001982,5.595289250006317,238.541015625,ok:4,completed rows only; no timeout/skip imputation
Gaussian 64x,gaussian_density_r64,HDBSCAN,compact_gaussian,64,0.99,180000,4,0,0,4,0,,,,,,,,,,,,,,,timeout:4,completed rows only; no timeout/skip imputation
Gaussian 64x,gaussian_density_r64,OPTICS,compact_gaussian,64,0.99,180000,4,0,0,4,0,,,,,,,,,,,,,,,timeout:4,completed rows only; no timeout/skip imputation
Gaussian 64x,gaussian_density_r64,SNN-DBSCAN,compact_gaussian,64,0.99,180000,4,4,1,0,0,0.5449028006972789,0.04181955018237557,0.1756540134947488,0.0023759777373365057,0.026784257730120248,0.004961555753969461,4763.5,6,793.9166666666666,10.887046329366775,9.632741116441487,6.3892893250013,6.655472350001219,360.962890625,ok:4,completed rows only; no timeout/skip imputation
Gaussian 64x,gaussian_density_r64,VDBSCAN-2007,compact_gaussian,64,0.99,180000,4,4,1,0,0,0.9573027018721838,0.009767177841014107,0.020969733824900378,0.0011942064563250996,0.00003213692392813939,6.680004021024181e-7,323.25,6,53.87499999999999,0.4787135538781693,5.751501107399125,9.0785037750029,9.43139125000016,254.5703125,ok:4,completed rows only; no timeout/skip imputation
Gaussian 64x,gaussian_density_r64,AMD-DBSCAN,compact_gaussian,64,0.99,180000,4,0,0,0,4,,,,,,,,,,,,,,,skipped_resource_limit:4,completed rows only; no timeout/skip imputation
Gaussian 64x,gaussian_density_r64,kNN-DBSCAN,compact_gaussian,64,0.99,180000,4,4,1,0,0,0.9664526927824174,0.00263984561184812,0.685738815059109,0.0018036813534483087,0.556379013651051,0.0008787714484410817,10658.25,6,1776.375,15.855466985659318,10.794677359575445,2.6744216000006418,2.7531902999980957,219.779296875,ok:4,completed rows only; no timeout/skip imputation
Gaussian 64x,gaussian_density_r64,kNN+Leiden,compact_gaussian,64,0.99,180000,4,4,1,0,0,0.22423819909408482,0.15019093273555773,0,0,0.0016817271257574895,0.00005232210958744629,55.5,6,9.25,0.21516574145596776,3.209160537256462,130.8840662750008,138.03109080000286,839.6640625,ok:4,completed rows only; no timeout/skip imputation
Moon arcs,moon_arcs_screen,StrataSCAN,moon_arcs,1,0.99,180000,4,4,1,0,0,0.9850398618372647,0.0008334207100952887,0.9997095085725163,0.00006709066163787774,0.9697462503806633,0.0016556337291876153,14.5,6,2.416666666666667,0.6309898162000305,1.2398395038756638,21.594705275005253,14.900995200005127,459.748046875,ok:4,completed rows only; no timeout/skip imputation
Moon arcs,moon_arcs_screen,DBSCAN,moon_arcs,1,0.99,180000,4,4,1,0,0,0.9460776780339212,0.01158697458310115,0.46696129447929874,0.0027151798800902106,0.3253480037040736,0.007406420639628021,11194.75,6,1865.7916666666665,23.158621704653726,10.865489375776512,4.797115950004809,4.450674700005038,237.154296875,ok:4,completed rows only; no timeout/skip imputation
Moon arcs,moon_arcs_screen,HDBSCAN,moon_arcs,1,0.99,180000,4,0,0,4,0,,,,,,,,,,,,,,,timeout:4,completed rows only; no timeout/skip imputation
Moon arcs,moon_arcs_screen,OPTICS,moon_arcs,1,0.99,180000,4,0,0,4,0,,,,,,,,,,,,,,,timeout:4,completed rows only; no timeout/skip imputation
Moon arcs,moon_arcs_screen,SNN-DBSCAN,moon_arcs,1,0.99,180000,4,4,1,0,0,0.5976166865115085,0.03476981752435281,0.1757250367098863,0.0006900958796029014,0.03277810691087112,0.002545988031059676,4736.75,6,789.4583333333334,2.4995369941621512,9.624713887850968,5.56988577499942,5.206546249995881,358.9921875,ok:4,completed rows only; no timeout/skip imputation
Moon arcs,moon_arcs_screen,VDBSCAN-2007,moon_arcs,1,0.99,180000,4,4,1,0,0,0.9878742160713057,0.0011532650393071726,0.02189817129533656,0.0006606537126355428,0.00003544545222619841,1.563557952818419e-7,330.5,6,55.083333333333336,1.5782080790379762,5.783096236904452,7.781326625001384,7.442976600003021,254.935546875,ok:4,completed rows only; no timeout/skip imputation
Moon arcs,moon_arcs_screen,AMD-DBSCAN,moon_arcs,1,0.99,180000,4,0,0,0,4,,,,,,,,,,,,,,,skipped_resource_limit:4,completed rows only; no timeout/skip imputation
Moon arcs,moon_arcs_screen,kNN-DBSCAN,moon_arcs,1,0.99,180000,4,4,1,0,0,0.9628533046200044,0.003804385279830316,0.6862064132781814,0.00027994636839198705,0.5556220625389253,0.0032341122871389436,10646,6,1774.3333333333335,4.700275799630549,10.793057553833833,2.108023474997026,2.0836888499979977,219.642578125,ok:4,completed rows only; no timeout/skip imputation
Moon arcs,moon_arcs_screen,kNN+Leiden,moon_arcs,1,0.99,180000,4,4,1,0,0,0.18789998234416339,0.06674445630162003,0,0,0.0017035366643573411,0.00005935072044158695,55.75,6,9.291666666666666,0.36955929710139046,3.2150752936238867,136.18354789999648,131.46093119999568,841.37109375,ok:4,completed rows only; no timeout/skip imputation
Rings,rings_screen,StrataSCAN,rings,1,0.99,180000,4,4,1,0,0,0.9695557264723947,0.002558237371430291,0.9995529673827086,0.00006800086785383514,0.938692322255326,0.005201435094130996,14,6,2.3333333333333335,0.4714045207910317,1.201838730514401,22.795517300004576,17.703079899998556,462.8671875,ok:4,completed rows only; no timeout/skip imputation
Rings,rings_screen,DBSCAN,rings,1,0.99,180000,4,4,1,0,0,0.9228860676995945,0.013846737172944044,0.4708192289829718,0.002662574178543283,0.3228212474041249,0.00445883100370395,11226,6,1871,21.155071189599855,10.869524945000926,5.35116737500357,5.071915000007721,236.978515625,ok:4,completed rows only; no timeout/skip imputation
Rings,rings_screen,HDBSCAN,rings,1,0.99,180000,4,0,0,4,0,,,,,,,,,,,,,,,timeout:4,completed rows only; no timeout/skip imputation
Rings,rings_screen,OPTICS,rings,1,0.99,180000,4,0,0,4,0,,,,,,,,,,,,,,,timeout:4,completed rows only; no timeout/skip imputation
Rings,rings_screen,SNN-DBSCAN,rings,1,0.99,180000,4,4,1,0,0,0.7522870450303034,0.0646546512036468,0.17602467301858105,0.0006371710604876303,0.05746769252136252,0.011536281095069387,4727.25,6,787.875,3.4139555639452697,9.621812782573027,6.574967774999095,6.630232950003119,358.9140625,ok:4,completed rows only; no timeout/skip imputation
Rings,rings_screen,VDBSCAN-2007,rings,1,0.99,180000,4,4,1,0,0,0.9783602126807782,0.0012944564865633801,0.022482418191492323,0.0006330243057272364,0.00003510204297780816,2.437798285570698e-7,362,6,60.333333333333336,0.816496580927725,5.914784050244884,10.96061157499571,11.361292999994475,254.1328125,ok:4,completed rows only; no timeout/skip imputation
Rings,rings_screen,AMD-DBSCAN,rings,1,0.99,180000,4,0,0,0,4,,,,,,,,,,,,,,,skipped_resource_limit:4,completed rows only; no timeout/skip imputation
Rings,rings_screen,kNN-DBSCAN,rings,1,0.99,180000,4,4,1,0,0,0.9404492335709479,0.015974047902681133,0.6862972122618157,0.00028435891163066133,0.5383981389267147,0.013707093750402636,10638.5,6,1773.0833333333333,4.79486608162735,10.792040671323841,2.5345432499998424,2.348963199998252,220.3359375,ok:4,completed rows only; no timeout/skip imputation
Rings,rings_screen,kNN+Leiden,rings,1,0.99,180000,4,4,1,0,0,0.23988787973371767,0.06379865345109231,0,0,0.001699367286990792,0.00006926712852151134,55.75,6,9.291666666666668,0.4589642122738419,3.214622754342156,136.659607425001,144.88476694999554,837.720703125,ok:4,completed rows only; no timeout/skip imputation
Anisotropic ellipses,anisotropic_ellipses_screen,StrataSCAN,anisotropic_ellipses,1,0.99,180000,4,4,1,0,0,0.8768678240871091,0.016289639652188014,0.9988416605948595,0.00014834245878378734,0.7671394348172184,0.03228047311060364,7.5,6,1.25,0.5,0.25,11.575292400000762,11.40848810000898,415.365234375,ok:4,completed rows only; no timeout/skip imputation
Anisotropic ellipses,anisotropic_ellipses_screen,DBSCAN,anisotropic_ellipses,1,0.99,180000,4,4,1,0,0,0.8703921219398847,0.010652546619032718,0.47920231781863154,0.0010160795361321014,0.31286218216406203,0.005255489229445616,11214.75,6,1869.125,16.899142537966828,10.868103124172954,4.140837375001865,4.094629049999639,236.263671875,ok:4,completed rows only; no timeout/skip imputation
Anisotropic ellipses,anisotropic_ellipses_screen,HDBSCAN,anisotropic_ellipses,1,0.99,180000,4,0,0,4,0,,,,,,,,,,,,,,,timeout:4,completed rows only; no timeout/skip imputation
Anisotropic ellipses,anisotropic_ellipses_screen,OPTICS,anisotropic_ellipses,1,0.99,180000,4,0,0,4,0,,,,,,,,,,,,,,,timeout:4,completed rows only; no timeout/skip imputation
Anisotropic ellipses,anisotropic_ellipses_screen,SNN-DBSCAN,anisotropic_ellipses,1,0.99,180000,4,4,1,0,0,0.6114869762266344,0.07158019823856132,0.17620564901502467,0.002421400125718391,0.04084520958247588,0.01222713734926991,4745.25,6,790.875,11.42882564201393,9.627191890256444,6.434347625003284,5.104804499998863,361.744140625,ok:4,completed rows only; no timeout/skip imputation
Anisotropic ellipses,anisotropic_ellipses_screen,VDBSCAN-2007,anisotropic_ellipses,1,0.99,180000,4,4,1,0,0,0.6414604878551049,0.428007436784255,0.02283077446546493,0.000969655581873833,0.0000259283216163994,0.000006409090924947055,392,6,65.33333333333334,8.433838368716202,6.020371817632675,9.687853474999429,8.100784149995889,253.953125,ok:4,completed rows only; no timeout/skip imputation
Anisotropic ellipses,anisotropic_ellipses_screen,AMD-DBSCAN,anisotropic_ellipses,1,0.99,180000,4,0,0,0,4,,,,,,,,,,,,,,,skipped_resource_limit:4,completed rows only; no timeout/skip imputation
Anisotropic ellipses,anisotropic_ellipses_screen,kNN-DBSCAN,anisotropic_ellipses,1,0.99,180000,4,4,1,0,0,0.8978338831726537,0.008527645152162892,0.6860091727893494,0.0017400731839531873,0.5016433245200989,0.007288426625936019,10631.25,6,1771.875,15.08394719438394,10.79102190660231,2.5151097499983734,2.03024860000005,220.611328125,ok:4,completed rows only; no timeout/skip imputation
Anisotropic ellipses,anisotropic_ellipses_screen,kNN+Leiden,anisotropic_ellipses,1,0.99,180000,4,4,1,0,0,0.19434058309988733,0.04626530066227934,0,0,0.0016887178208763083,0.00004539341339588034,55,6,9.166666666666666,0.23570226039551584,3.1960436822829283,112.13346957500107,117.70884450000449,839.927734375,ok:4,completed rows only; no timeout/skip imputation
