method,noise_50pct_n,noise_50pct_completed,noise_50pct_target_f1_mean,noise_50pct_noise_f1_mean,noise_50pct_pairwise_f1_mean,noise_50pct_granularity_ratio_mean,noise_50pct_runtime_seconds_median,noise_50pct_peak_rss_mb_median,noise_75pct_n,noise_75pct_completed,noise_75pct_target_f1_mean,noise_75pct_noise_f1_mean,noise_75pct_pairwise_f1_mean,noise_75pct_granularity_ratio_mean,noise_75pct_runtime_seconds_median,noise_75pct_peak_rss_mb_median,noise_90pct_n,noise_90pct_completed,noise_90pct_target_f1_mean,noise_90pct_noise_f1_mean,noise_90pct_pairwise_f1_mean,noise_90pct_granularity_ratio_mean,noise_90pct_runtime_seconds_median,noise_90pct_peak_rss_mb_median,noise_95pct_n,noise_95pct_completed,noise_95pct_target_f1_mean,noise_95pct_noise_f1_mean,noise_95pct_pairwise_f1_mean,noise_95pct_granularity_ratio_mean,noise_95pct_runtime_seconds_median,noise_95pct_peak_rss_mb_median,noise_97_5pct_n,noise_97_5pct_completed,noise_97_5pct_target_f1_mean,noise_97_5pct_noise_f1_mean,noise_97_5pct_pairwise_f1_mean,noise_97_5pct_granularity_ratio_mean,noise_97_5pct_runtime_seconds_median,noise_97_5pct_peak_rss_mb_median,noise_99pct_n,noise_99pct_completed,noise_99pct_target_f1_mean,noise_99pct_noise_f1_mean,noise_99pct_pairwise_f1_mean,noise_99pct_granularity_ratio_mean,noise_99pct_runtime_seconds_median,noise_99pct_peak_rss_mb_median
StrataSCAN,3600,4,0.9543022339505864,0.9910388741287093,0.9313256949338933,1.4583333333333333,0.8213262499994016,223.029296875,7200,4,0.9748309389757639,0.9966663619799818,0.9621477364230889,1.5416666666666665,1.3779037999920547,224.20703125,18000,4,0.9791622203023455,0.9989115111526004,0.9678830564040952,1.3333333333333333,1.4722601000030409,236.138671875,36000,4,0.972916563844317,0.9989539967572065,0.9594182994853653,1.4583333333333335,2.7838195500007714,267.81640625,72000,4,0.9688089118351327,0.9992820747092638,0.9452280979962493,1.5416666666666667,3.8702607000013813,309.341796875,180000,4,0.960528142502377,0.999489807448541,0.9212819203440499,2.0416666666666665,14.534662999998545,456.3515625
DBSCAN,3600,4,0.6953590567423548,0.8672512985432079,0.5676645822543606,5.25,0.039100100002542604,184.07421875,7200,4,0.9775184448631072,0.4719706765745608,0.9073528711943469,56.416666666666664,0.12346855000214418,189.107421875,18000,4,0.973340731893911,0.5399250437673774,0.8423310616813875,170.58333333333334,0.21662380000634585,192.318359375,36000,4,0.9602039920806569,0.4639445653527411,0.6765916427881027,352.1666666666667,0.47118760000012117,197.626953125,72000,4,0.9497833985272459,0.45566325729437157,0.5185640106584248,730.375,1.1271418499891297,208.55078125,180000,4,0.9286571429604826,0.47403610700593857,0.3273311828149958,1867.9583333333333,4.500552899997274,237.701171875
HDBSCAN,3600,4,0.9738376977593803,0.6888453893570656,0.8804476420811382,2.4166666666666665,0.1390375499977381,183.619140625,7200,4,0.9500594878971977,0.5728948374042517,0.6694603350719274,6.333333333333333,0.5373625499996706,185.533203125,18000,4,0.9265985845184587,0.5486556621519799,0.3985051286451555,17.666666666666668,3.2303979999996955,186.677734375,36000,4,0.9088150349808605,0.5544183294292077,0.24080136646197836,34.875,12.457470050008851,189.59765625,72000,4,0.9012118462373728,0.5556721624903078,0.1280342094297183,70.70833333333333,48.434773300003144,196.619140625,180000,0,,,,,,
OPTICS,3600,4,0.9276107402991184,0.9557783924467034,0.923780419134973,1,4.682827999997244,183.890625,7200,4,0.9548115055524765,0.9850090248919551,0.9485945038009871,1.1666666666666667,10.349151350004831,185.3515625,18000,4,0.9560577066019793,0.9926555555809707,0.937745364794375,1.4166666666666667,21.073852800000168,186.849609375,36000,4,0.9557242018189467,0.9944139078503633,0.9308851742731489,1.875,44.34989569999743,193.43359375,72000,4,0.9507430501306267,0.9952345840552872,0.9097498556509116,2.7916666666666665,101.81465844999911,202.056640625,180000,0,,,,,,
SNN-DBSCAN,3600,4,0.5504279284063219,0.17122035891474105,0.34224045969145306,11.5,0.06273355000303127,228.25390625,7200,4,0.5493780486507983,0.1765066307957086,0.28802770201019573,28.041666666666664,0.13525109999318374,230.68359375,18000,4,0.5297283886646601,0.17466851806907668,0.16539225924901324,75.91666666666667,0.2969428500000504,247.349609375,36000,4,0.5341295052378583,0.1697018616422362,0.09670754962775276,150.04166666666666,0.5750790500023868,276.091796875,72000,4,0.5473601372221616,0.1747641294780136,0.06212226936227563,312.9583333333333,1.3504522000002908,304.08984375,180000,4,0.48896668963301804,0.17559304520177038,0.02293183415453144,794.7083333333333,5.106328449997818,360.884765625
VDBSCAN-2007,3600,4,0.8954421589087929,0.0791830095012282,0.3143747425712089,8.666666666666668,0.07133315000100993,184.6953125,7200,4,0.9952410392694784,0.0361849291493846,0.04194361249346954,5.083333333333333,0.17240890000539366,189.638671875,18000,4,0.9792505371652972,0.030849870645623004,0.004636338132878629,17.083333333333336,0.3988042499986477,190.2421875,36000,4,0.9911496216232116,0.023847533302673564,0.0009712846839390372,11.75,0.761121749994345,197.7890625,72000,4,0.9779817078222829,0.02042309658149795,0.0002191895481495038,19.416666666666664,1.9414181000029203,212.533203125,180000,4,0.926940972173467,0.021832029159372032,0.000029054464499221486,59.541666666666664,7.488706399999501,254.390625
AMD-DBSCAN,3600,0,,,,,,,7200,0,,,,,,,18000,0,,,,,,,36000,0,,,,,,,72000,0,,,,,,,180000,0,,,,,,
kNN-DBSCAN,3600,4,0.5528047536245266,0.8463033953749015,0.41822686444423485,7.708333333333333,0.021092299997690134,183.455078125,7200,4,0.9946264050191916,0.9992125812474273,0.9901446900759163,1.0833333333333335,0.0446274999922025,184.982421875,18000,4,0.9841838569320311,0.7840520261944023,0.9323431937146689,133.33333333333334,0.07909605000168085,186.52734375,36000,4,0.9776515705818999,0.7262517541135695,0.8613430138400852,319.95833333333337,0.17313165000086883,194.90234375,72000,4,0.9681612751382986,0.7001553426168036,0.7507204241004399,687.8333333333334,0.4564919499971438,201.904296875,180000,4,0.9510435058060296,0.6857630712761867,0.5456334536061739,1775.5416666666665,1.7615229500006535,219.783203125
kNN+Leiden,3600,4,0.9772203945429766,0,0.5362246384180095,1.5833333333333335,0.2042232999956468,226.953125,7200,4,0.9542086554055986,0,0.2852138331799477,2.916666666666667,0.4005289500055369,240.369140625,18000,4,0.9513706633147712,0,0.07934267354438529,4.750000000000001,1.493257750000339,276.0859375,36000,4,0.8035797535770446,0,0.025337485877717305,5.875,5.291019950003829,337.72265625,72000,4,0.6669432079461313,0,0.008052401683310284,7.458333333333334,23.64169810000749,458.505859375,180000,4,0.22029523218261424,0,0.001753483660280369,9.583333333333332,100.7003007500025,833.140625
