dataset,method,n,ok_fraction,target_f1,noise_f1,pairwise_f1,predicted_clusters,truth_clusters,granularity_ratio,granularity_log2_ratio,mean_target_fragments,merged_predicted_clusters,runtime_seconds,process_peak_rss_mb,evidence_block
levine,StrataSCAN,265627,1,0.1902283828568365,0.5377370903072566,0.090139049721817,4254,14,303.85714285714283,8.247249395903069,1.5,3,78.71258849999867,1075.0078125,final 13-dataset biological matrix
levine,DBSCAN,265627,1,0.0443344093419363,0.7433815122108536,0.0277976719362526,176,14,12.571428571428571,3.652076696579693,0.2142857142857142,1,257.8175896000175,469.53515625,final 13-dataset biological matrix
levine,HDBSCAN,,0,0,0,0,,,,,,,,392.43359375,final 13-dataset biological matrix
levine,OPTICS,,0,0,0,0,,,,,,,,392.18359375,final 13-dataset biological matrix
levine,SNN-DBSCAN,265627,1,0.0087550583598456,0.752721419197689,0.000004969862591392037,434,14,31,4.954196310386875,0,0,23.446206799999345,474.91796875,final 13-dataset biological matrix
levine,VDBSCAN-2007,,0,0,0,0,,,,,,,,8192.08203125,final 13-dataset biological matrix
levine,AMD-DBSCAN,,0,0,0,0,,,,,,,,459.8203125,final 13-dataset biological matrix
levine,kNN-DBSCAN,265627,1,0.0407221399646944,0.743399628175593,0.0261157710874928,239,14,17.071428571428573,4.093511885923145,0.2142857142857142,1,20.24149350001244,433.3671875,final 13-dataset biological matrix
levine,kNN+Leiden,,0,0,0,0,,,,,,,,1642.28515625,final 13-dataset biological matrix
mosmann,StrataSCAN,396460,1,0.0018351402635118,0.0895656197582277,8.34388953474588e-7,207,1,207,7.693486957499325,1,0,205.38860209999257,1474.984375,final 13-dataset biological matrix
mosmann,DBSCAN,396460,1,0,0.9419296986130274,0,1906,1,1906,10.896332403909941,0,0,60.60946039998089,414.04296875,final 13-dataset biological matrix
mosmann,HDBSCAN,,0,0,0,0,,,,,,,,370.83984375,final 13-dataset biological matrix
mosmann,OPTICS,,0,0,0,0,,,,,,,,430.74609375,final 13-dataset biological matrix
mosmann,SNN-DBSCAN,396460,1,0.2790697674418604,0.9981906032670224,0.0211740981402644,146,1,146,7.189824558880018,3,0,30.44875449998653,465.90234375,final 13-dataset biological matrix
mosmann,VDBSCAN-2007,396460,1,0.00008206834104319804,0.1362314684443483,3.1449662552438844e-9,174,1,174,7.442943495848728,1,0,218.5744619999896,1164.25,final 13-dataset biological matrix
mosmann,AMD-DBSCAN,,0,0,0,0,,,,,,,,396.62109375,final 13-dataset biological matrix
mosmann,kNN-DBSCAN,396460,1,0,0.9419212272283278,0,2009,1,2009,10.972261848733291,0,0,26.56168879999313,430.8984375,final 13-dataset biological matrix
mosmann,kNN+Leiden,,0,0,0,0,,,,,,,,2015.62109375,final 13-dataset biological matrix
nilsson,StrataSCAN,44140,1,0.5168800931315483,0.2948396257610239,0.000301146606912,198,1,198,7.6293566200796095,3,0,23.709999099985,365.37109375,final 13-dataset biological matrix
nilsson,DBSCAN,44140,1,0,0.9363599122870432,0,107,1,107,6.741466986401147,0,0,8.085213000013027,209.84375,final 13-dataset biological matrix
nilsson,HDBSCAN,44140,1,0.1036379018612521,0.3937924345295829,0.0002944285389341,28,1,28,4.807354922057604,1,0,21.57037780000246,208.3125,final 13-dataset biological matrix
nilsson,OPTICS,44140,1,0,0.9917194906059048,0,35,1,35,5.129283016944966,0,0,15.834482700010994,214.07421875,final 13-dataset biological matrix
nilsson,SNN-DBSCAN,44140,1,0.0590717299578059,0.9798306888097332,0.0038380349261178,102,1,102,6.672425341971495,0,0,2.4617666999984067,284.55859375,final 13-dataset biological matrix
nilsson,VDBSCAN-2007,44140,1,0.0191579805508647,0.1283913693655202,0.0001836990699154,27,1,27,4.754887502163468,1,0,21.447925899992697,361.921875,final 13-dataset biological matrix
nilsson,AMD-DBSCAN,,0,0,0,0,,,,,,,,8202.609375,final 13-dataset biological matrix
nilsson,kNN-DBSCAN,44140,1,0,0.9363599122870432,0,119,1,119,6.894817763307944,0,0,1.7416115999803878,211.00390625,final 13-dataset biological matrix
nilsson,kNN+Leiden,44140,1,0.1385331781140861,0,0.0010916661666102,13,1,13,3.700439718141092,1,0,9.241356700018514,432.23046875,final 13-dataset biological matrix
samusik_01,StrataSCAN,86864,1,0.2333569813423474,0.380390723636122,0.1832947976078583,468,24,19.5,4.285402218862249,1.3333333333333333,5,23.05682580001303,503.15625,final 13-dataset biological matrix
samusik_01,DBSCAN,86864,1,0.0201884814071073,0.5409827376009329,0.0420279086053353,16,24,0.6666666666666666,-0.5849625007211563,0.125,1,38.035925200005295,250.40625,final 13-dataset biological matrix
samusik_01,HDBSCAN,,0,0,0,0,,,,,,,,250.50390625,final 13-dataset biological matrix
samusik_01,OPTICS,86864,1,0.0005518763796909,0.5586658923089687,8.695684234522743e-9,2,24,0.08333333333333333,-3.584962500721156,0,0,113.54847419999714,248.34375,final 13-dataset biological matrix
samusik_01,SNN-DBSCAN,86864,1,0.032047806392341,0.5548522503914449,0.0000033651774920042577,40,24,1.6666666666666667,0.7369655941662062,0.0833333333333333,0,7.872312299994519,333,final 13-dataset biological matrix
samusik_01,VDBSCAN-2007,86864,1,0.0707974689142047,0.1574287627408675,0.1274501650091674,7,24,0.2916666666666667,-1.777607578663552,0.9583333333333334,1,100.90334340000118,6401.8828125,final 13-dataset biological matrix
samusik_01,AMD-DBSCAN,,0,0,0,0,,,,,,,,250.6953125,final 13-dataset biological matrix
samusik_01,kNN-DBSCAN,86864,1,0.0200195841806457,0.5409539284862721,0.041227483972342,21,24,0.875,-0.19264507794239588,0.125,1,7.240045200000168,247.5625,final 13-dataset biological matrix
samusik_01,kNN+Leiden,86864,1,0.3301199436507309,0,0.3925099996799491,15,24,0.625,-0.6780719051126377,1.7916666666666667,12,91.45738849999908,721.95703125,final 13-dataset biological matrix
samusik_02,StrataSCAN,87772,1,0.0124864087788378,0.5152591704832428,0.0015697366929413,2,24,0.08333333333333333,-3.584962500721156,0.0833333333333333,1,21.85112089998438,487.57421875,final 13-dataset biological matrix
samusik_02,DBSCAN,87772,1,0.0229314559539826,0.5039976468700698,0.0225714870590278,11,24,0.4583333333333333,-1.125530882083859,0.1666666666666666,1,52.28931330000341,249.35546875,final 13-dataset biological matrix
samusik_02,HDBSCAN,,0,0,0,0,,,,,,,,251.76953125,final 13-dataset biological matrix
samusik_02,OPTICS,87772,1,0.0307837768075026,0.4927231215882292,0.069004416559494,6,24,0.25,-2,0.1666666666666666,1,176.30776219999825,249.359375,final 13-dataset biological matrix
samusik_02,SNN-DBSCAN,87772,1,0.0431287867299786,0.5232543435927266,0.000008169797355451646,44,24,1.8333333333333333,0.874469117916141,0.1666666666666666,0,11.240008699998723,334.68359375,final 13-dataset biological matrix
samusik_02,VDBSCAN-2007,87772,1,0.0779519984634031,0.1771051529116045,0.129923859131274,7,24,0.2916666666666667,-1.777607578663552,0.9583333333333334,1,156.3049988999992,5672.58984375,final 13-dataset biological matrix
samusik_02,AMD-DBSCAN,,0,0,0,0,,,,,,,,252.25,final 13-dataset biological matrix
samusik_02,kNN-DBSCAN,87772,1,0.0228104398920367,0.5039255001559506,0.0221566505898429,13,24,0.5416666666666666,-0.8845227825800641,0.1666666666666666,1,11.682388400004127,249.1328125,final 13-dataset biological matrix
samusik_02,kNN+Leiden,87772,1,0.3449394751988783,0,0.5769103138627529,13,24,0.5416666666666666,-0.8845227825800641,1.375,10,64.96886210000957,722.02734375,final 13-dataset biological matrix
samusik_03,StrataSCAN,84556,1,0.0162395060007258,0.5032989112235385,0.0054313898770061,1,24,0.041666666666666664,-4.584962500721156,0.1666666666666666,1,24.88742370001273,476.25,final 13-dataset biological matrix
samusik_03,DBSCAN,84556,1,0.0225405225099669,0.4955492098335952,0.0198704934090678,19,24,0.7916666666666666,-0.33703498727757075,0.1666666666666666,1,58.71666109999933,247.52734375,final 13-dataset biological matrix
samusik_03,HDBSCAN,,0,0,0,0,,,,,,,,248.08984375,final 13-dataset biological matrix
samusik_03,OPTICS,84556,1,0.0316304224139292,0.4835212276415584,0.0641980340755496,7,24,0.2916666666666667,-1.777607578663552,0.2083333333333333,1,170.9157467999903,247.1015625,final 13-dataset biological matrix
samusik_03,SNN-DBSCAN,84556,1,0.0521601664712194,0.5152853021881376,0.00000685405576639743,51,24,2.125,1.0874628412503393,0.0833333333333333,0,12.236983799986774,318.7421875,final 13-dataset biological matrix
samusik_03,VDBSCAN-2007,84556,1,0.0767495764964953,0.1681528662420381,0.1386357679700732,9,24,0.375,-1.415037499278844,0.9583333333333334,1,148.80819230001362,5529.66015625,final 13-dataset biological matrix
samusik_03,AMD-DBSCAN,,0,0,0,0,,,,,,,,250.07421875,final 13-dataset biological matrix
samusik_03,kNN-DBSCAN,84556,1,0.0227671540388443,0.495563698591916,0.0196274525438588,23,24,0.9583333333333334,-0.061400544664143256,0.1666666666666666,1,11.803556799990474,246.671875,final 13-dataset biological matrix
samusik_03,kNN+Leiden,84556,1,0.3682520295084193,0,0.5924713808590993,14,24,0.5833333333333334,-0.777607578663552,1.5416666666666667,11,41.2910600000032,703.4609375,final 13-dataset biological matrix
samusik_04,StrataSCAN,80713,1,0.2398721565115189,0.3608446037067006,0.1543077666916614,409,24,17.041666666666668,4.090994532220593,1.0416666666666667,3,26.632738799991785,476.875,final 13-dataset biological matrix
samusik_04,DBSCAN,80713,1,0.0226833231301434,0.508314134510647,0.0187124850960159,12,24,0.5,-1,0.1666666666666666,1,53.54090389999328,244.97265625,final 13-dataset biological matrix
samusik_04,HDBSCAN,,0,0,0,0,,,,,,,,246.92578125,final 13-dataset biological matrix
samusik_04,OPTICS,80713,1,0.0021270245074803,0.536028231110466,0.000001469175081514884,5,24,0.20833333333333334,-2.263034405833794,0,0,154.45478349999755,243.68359375,final 13-dataset biological matrix
samusik_04,SNN-DBSCAN,80713,1,0.0520428525603005,0.5319554182500843,0.000009304404039484976,42,24,1.75,0.8073549220576041,0.1666666666666666,0,11.412281099997928,333.55078125,final 13-dataset biological matrix
samusik_04,VDBSCAN-2007,80713,1,0.0908255459168354,0.0048447330350233,0.1047621931417844,10,24,0.4166666666666667,-1.2630344058337937,1.5833333333333333,2,115.76930260000518,4477.93359375,final 13-dataset biological matrix
samusik_04,AMD-DBSCAN,,0,0,0,0,,,,,,,,8195.4296875,final 13-dataset biological matrix
samusik_04,kNN-DBSCAN,80713,1,0.0226815094795981,0.5083566265060241,0.0186449755106587,12,24,0.5,-1,0.1666666666666666,1,10.50940380000975,246.08203125,final 13-dataset biological matrix
samusik_04,kNN+Leiden,80713,1,0.3653755238382168,0,0.5232780102934884,13,24,0.5416666666666666,-0.8845227825800641,1.5416666666666667,11,51.29926620000333,678.546875,final 13-dataset biological matrix
samusik_05,StrataSCAN,84610,1,0.2902201926559618,0.3750186613585469,0.2734276641084646,493,24,20.541666666666668,4.360481335656756,1.4583333333333333,7,26.31023750000168,486.578125,final 13-dataset biological matrix
samusik_05,DBSCAN,84610,1,0.02009941014885,0.548662210322878,0.0126059991997007,14,24,0.5833333333333334,-0.777607578663552,0.1666666666666666,1,57.46297529998992,246.17578125,final 13-dataset biological matrix
samusik_05,HDBSCAN,,0,0,0,0,,,,,,,,250.22265625,final 13-dataset biological matrix
samusik_05,OPTICS,84610,1,0.0016219384474143,0.5836022699648775,0.00004328434575744424,6,24,0.25,-2,0,0,170.32824390000314,247.94921875,final 13-dataset biological matrix
samusik_05,SNN-DBSCAN,84610,1,0.0249510163278679,0.5801397096527434,0.000005646394869680817,50,24,2.0833333333333335,1.0588936890535685,0.0833333333333333,0,12.233339400001569,336.15625,final 13-dataset biological matrix
samusik_05,VDBSCAN-2007,84610,1,0.0706738741383156,0.1497610196494955,0.0982913305943566,12,24,0.5,-1,0.9583333333333334,1,156.75814610000816,5840.7265625,final 13-dataset biological matrix
samusik_05,AMD-DBSCAN,,0,0,0,0,,,,,,,,250.69140625,final 13-dataset biological matrix
samusik_05,kNN-DBSCAN,84610,1,0.020040153610007,0.5487070837802619,0.0124902183626987,15,24,0.625,-0.6780719051126377,0.1666666666666666,1,11.56661960000929,248.46875,final 13-dataset biological matrix
samusik_05,kNN+Leiden,84610,1,0.3337503864412345,0,0.4691793262201738,13,24,0.5416666666666666,-0.8845227825800641,1.5833333333333333,10,41.8961152999982,698.66015625,final 13-dataset biological matrix
samusik_06,StrataSCAN,77282,1,0.2769277886652468,0.3962207926519308,0.1725221762471288,577,24,24.041666666666668,4.587465007924326,1.6666666666666667,5,24.24930830000085,475.31640625,final 13-dataset biological matrix
samusik_06,DBSCAN,77282,1,0.0197778600521751,0.5494844857073052,0.025392040460477,9,24,0.375,-1.415037499278844,0.1666666666666666,1,49.1815467000124,239.56640625,final 13-dataset biological matrix
samusik_06,HDBSCAN,,0,0,0,0,,,,,,,,243.328125,final 13-dataset biological matrix
samusik_06,OPTICS,77282,1,0.0001464557703573,0.578102431529849,8.294040603959596e-8,3,24,0.125,-3,0,0,135.1731698999938,240.671875,final 13-dataset biological matrix
samusik_06,SNN-DBSCAN,77282,1,0.0752911196797188,0.5744958492591599,0.000021356395697270977,62,24,2.5833333333333335,1.369233809665719,0.2083333333333333,0,10.76081150000391,331.1484375,final 13-dataset biological matrix
samusik_06,VDBSCAN-2007,77282,1,0.0701761106064387,0.1571199999999999,0.1014265319350365,9,24,0.375,-1.415037499278844,0.9583333333333334,1,111.25664549999055,5798.00390625,final 13-dataset biological matrix
samusik_06,AMD-DBSCAN,,0,0,0,0,,,,,,,,8195.83203125,final 13-dataset biological matrix
samusik_06,kNN-DBSCAN,77282,1,0.0197357722487595,0.5495231394621638,0.02526206005155,10,24,0.4166666666666667,-1.2630344058337937,0.1666666666666666,1,9.48537700000452,243.7265625,final 13-dataset biological matrix
samusik_06,kNN+Leiden,77282,1,0.3356842389221755,0,0.4576074258784731,13,24,0.5416666666666666,-0.8845227825800641,1.5,10,36.57987600000342,660.44921875,final 13-dataset biological matrix
samusik_07,StrataSCAN,95087,1,0.2594989570998935,0.3789333530586582,0.2695164561965815,479,24,19.958333333333332,4.318919345015024,1.2916666666666667,6,35.33280739997281,527.6640625,final 13-dataset biological matrix
samusik_07,DBSCAN,95087,1,0.0191579537075642,0.5510035484150151,0.0118543160417884,19,24,0.7916666666666666,-0.33703498727757075,0.1666666666666666,1,67.18430079999962,256.75390625,final 13-dataset biological matrix
samusik_07,HDBSCAN,,0,0,0,0,,,,,,,,258.6875,final 13-dataset biological matrix
samusik_07,OPTICS,95087,1,0.0003752831264589,0.5861917620716076,0.000013433679534830226,2,24,0.08333333333333333,-3.584962500721156,0,0,212.2123390000052,254.96875,final 13-dataset biological matrix
samusik_07,SNN-DBSCAN,95087,1,0.0400960678263445,0.5834502941439962,0.00001016280065328208,53,24,2.2083333333333335,1.1429579538420431,0.125,0,13.355974599995534,341.50390625,final 13-dataset biological matrix
samusik_07,VDBSCAN-2007,95087,1,0.0752454236013454,0.1658371234875139,0.1041568908474307,10,24,0.4166666666666667,-1.2630344058337937,0.9583333333333334,1,238.32064039999383,5972.2578125,final 13-dataset biological matrix
samusik_07,AMD-DBSCAN,,0,0,0,0,,,,,,,,258.7578125,final 13-dataset biological matrix
samusik_07,kNN-DBSCAN,95087,1,0.0190888735388271,0.5510486649778938,0.0117126668127744,21,24,0.875,-0.19264507794239588,0.1666666666666666,1,12.762854699991294,256.484375,final 13-dataset biological matrix
samusik_07,kNN+Leiden,95087,1,0.3302656427851531,0,0.5137310409358562,14,24,0.5833333333333334,-0.777607578663552,1.5,9,70.73296760000812,763.37109375,final 13-dataset biological matrix
samusik_08,StrataSCAN,85741,1,0.2855126022515771,0.3816646166461664,0.2307908298538153,529,24,22.041666666666668,4.46216141139287,1.4583333333333333,7,30.572921499988297,497.18359375,final 13-dataset biological matrix
samusik_08,DBSCAN,85741,1,0.0202843951630053,0.5352112676056338,0.0136709834508927,8,24,0.3333333333333333,-1.5849625007211563,0.1666666666666666,1,60.779845800003386,250.13671875,final 13-dataset biological matrix
samusik_08,HDBSCAN,,0,0,0,0,,,,,,,,249.203125,final 13-dataset biological matrix
samusik_08,OPTICS,85741,1,0.0001968499339734,0.5674898907195134,2.344479287438168e-7,5,24,0.20833333333333334,-2.263034405833794,0,0,180.20395309999003,247.8125,final 13-dataset biological matrix
samusik_08,SNN-DBSCAN,85741,1,0.0564033980634411,0.5654884609583187,0.000007558080400972577,45,24,1.875,0.9068905956085185,0.125,0,12.55412869999418,326.734375,final 13-dataset biological matrix
samusik_08,VDBSCAN-2007,85741,1,0.0760176751853288,0.161332510795805,0.1018642187749012,7,24,0.2916666666666667,-1.777607578663552,0.9583333333333334,1,162.58657519999542,6107.1640625,final 13-dataset biological matrix
samusik_08,AMD-DBSCAN,,0,0,0,0,,,,,,,,250.11328125,final 13-dataset biological matrix
samusik_08,kNN-DBSCAN,85741,1,0.0202561856089715,0.5352394087276328,0.0135980055293349,8,24,0.3333333333333333,-1.5849625007211563,0.1666666666666666,1,11.802123200002825,248.77734375,final 13-dataset biological matrix
samusik_08,kNN+Leiden,85741,1,0.3063617014387744,0,0.4837016805565176,12,24,0.5,-1,1.4583333333333333,10,55.59339419999742,709.91796875,final 13-dataset biological matrix
samusik_09,StrataSCAN,83506,1,0.2310503891263889,0.367476800707026,0.1816515930051755,480,24,20,4.321928094887363,1.125,4,25.862417299998924,498.96484375,final 13-dataset biological matrix
samusik_09,DBSCAN,83506,1,0.0216830145590846,0.513553923161932,0.0194889301115853,14,24,0.5833333333333334,-0.777607578663552,0.1666666666666666,1,57.57687770000484,245.96875,final 13-dataset biological matrix
samusik_09,HDBSCAN,,0,0,0,0,,,,,,,,248.24609375,final 13-dataset biological matrix
samusik_09,OPTICS,83506,1,0.0003578161769149,0.5417285417285417,0.0000015458148931368763,6,24,0.25,-2,0,0,167.21796959999483,247.7890625,final 13-dataset biological matrix
samusik_09,SNN-DBSCAN,83506,1,0.0458391987861016,0.5394641119807873,0.000007311232209487274,58,24,2.4166666666666665,1.2730184944064158,0.1666666666666666,0,12.08892759999435,321.41796875,final 13-dataset biological matrix
samusik_09,VDBSCAN-2007,83506,1,0.074400234268826,0.161752859674561,0.1142316430283672,6,24,0.25,-2,0.9583333333333334,1,142.73260410000512,5611.3125,final 13-dataset biological matrix
samusik_09,AMD-DBSCAN,,0,0,0,0,,,,,,,,247.58984375,final 13-dataset biological matrix
samusik_09,kNN-DBSCAN,83506,1,0.0216046862649381,0.5135667192868418,0.0192793474958343,17,24,0.7083333333333334,-0.4974996594708167,0.1666666666666666,1,11.23267460000352,246.60546875,final 13-dataset biological matrix
samusik_09,kNN+Leiden,83506,1,0.3357420206209915,0,0.5336435877214238,12,24,0.5,-1,1.4166666666666667,8,50.14067010000872,694.921875,final 13-dataset biological matrix
samusik_10,StrataSCAN,75513,1,0.0219904061385316,0.5615596021907191,0.0145157516822756,4,24,0.16666666666666666,-2.584962500721156,0.1666666666666666,1,20.320888799993558,449.8828125,final 13-dataset biological matrix
samusik_10,DBSCAN,75513,1,0.0199290721507246,0.5618955037754932,0.0109122949318348,16,24,0.6666666666666666,-0.5849625007211563,0.1666666666666666,1,49.537889699990046,242.015625,final 13-dataset biological matrix
samusik_10,HDBSCAN,,0,0,0,0,,,,,,,,241.98828125,final 13-dataset biological matrix
samusik_10,OPTICS,75513,1,0.0001881976660492,0.5968792691653578,0.0000012321181980784983,4,24,0.16666666666666666,-2.584962500721156,0,0,140.05340659999638,240.36328125,final 13-dataset biological matrix
samusik_10,SNN-DBSCAN,75513,1,0.0635975447197422,0.5944509705207809,0.000011549055861714396,42,24,1.75,0.8073549220576041,0.1666666666666666,0,11.66570139999385,313.16015625,final 13-dataset biological matrix
samusik_10,VDBSCAN-2007,75513,1,0.0737897438086254,0.1554635234151003,0.0988200057441428,5,24,0.20833333333333334,-2.263034405833794,0.9583333333333334,1,98.7203528999962,4448.4921875,final 13-dataset biological matrix
samusik_10,AMD-DBSCAN,,0,0,0,0,,,,,,,,8194.48046875,final 13-dataset biological matrix
samusik_10,kNN-DBSCAN,75513,1,0.0198889448377701,0.5619605879407347,0.0107640958882836,19,24,0.7916666666666666,-0.33703498727757075,0.1666666666666666,1,10.862611500007915,240.19921875,final 13-dataset biological matrix
samusik_10,kNN+Leiden,75513,1,0.3003038543144979,0,0.4488789605043877,12,24,0.5,-1,1.5833333333333333,10,38.62084020000475,650.17578125,final 13-dataset biological matrix
