dataset,method,n,ok_fraction,target_f1,noise_f1,pairwise_f1,predicted_clusters,truth_clusters,granularity_ratio,granularity_log2_ratio,mean_target_fragments,merged_predicted_clusters,runtime_seconds,process_peak_rss_mb,evidence_block,status
levine,StrataSCAN,265627.0,1,0.1902283828568365,0.5377370903072566,0.090139049721817,4254.0,14.0,303.85714285714283,8.247249395903069,1.5,3.0,78.71258849999867,1075.0078125,final 13-dataset biological matrix,completed
levine,DBSCAN,265627.0,1,0.0443344093419363,0.7433815122108536,0.0277976719362526,176.0,14.0,12.571428571428571,3.652076696579693,0.2142857142857142,1.0,257.8175896000175,469.53515625,final 13-dataset biological matrix,completed
levine,HDBSCAN,,0,,,,,,,,,,,,final 13-dataset biological matrix,unavailable
levine,OPTICS,,0,,,,,,,,,,,,final 13-dataset biological matrix,unavailable
levine,SNN-DBSCAN,265627.0,1,0.0087550583598456,0.752721419197689,4.9698625913e-06,434.0,14.0,31.0,4.954196310386875,0.0,0.0,23.446206799999345,474.91796875,final 13-dataset biological matrix,completed
levine,VDBSCAN-2007,,0,,,,,,,,,,,,final 13-dataset biological matrix,unavailable
levine,AMD-DBSCAN,,0,,,,,,,,,,,,final 13-dataset biological matrix,unavailable
levine,kNN-DBSCAN,265627.0,1,0.0407221399646944,0.743399628175593,0.0261157710874928,239.0,14.0,17.071428571428573,4.093511885923145,0.2142857142857142,1.0,20.24149350001244,433.3671875,final 13-dataset biological matrix,completed
levine,kNN+Leiden,,0,,,,,,,,,,,,final 13-dataset biological matrix,unavailable
nilsson,StrataSCAN,44140.0,1,0.5168800931315483,0.2948396257610239,0.000301146606912,198.0,1.0,198.0,7.6293566200796095,3.0,0.0,23.709999099985,365.37109375,final 13-dataset biological matrix,completed
nilsson,DBSCAN,44140.0,1,0.0,0.9363599122870432,0.0,107.0,1.0,107.0,6.741466986401147,0.0,0.0,8.085213000013027,209.84375,final 13-dataset biological matrix,completed
nilsson,HDBSCAN,44140.0,1,0.1036379018612521,0.3937924345295829,0.0002944285389341,28.0,1.0,28.0,4.807354922057604,1.0,0.0,21.57037780000246,208.3125,final 13-dataset biological matrix,completed
nilsson,OPTICS,44140.0,1,0.0,0.9917194906059048,0.0,35.0,1.0,35.0,5.129283016944966,0.0,0.0,15.834482700010994,214.07421875,final 13-dataset biological matrix,completed
nilsson,SNN-DBSCAN,44140.0,1,0.0590717299578059,0.9798306888097332,0.0038380349261178,102.0,1.0,102.0,6.672425341971495,0.0,0.0,2.4617666999984067,284.55859375,final 13-dataset biological matrix,completed
nilsson,VDBSCAN-2007,44140.0,1,0.0191579805508647,0.1283913693655202,0.0001836990699154,27.0,1.0,27.0,4.754887502163468,1.0,0.0,21.447925899992697,361.921875,final 13-dataset biological matrix,completed
nilsson,AMD-DBSCAN,,0,,,,,,,,,,,,final 13-dataset biological matrix,unavailable
nilsson,kNN-DBSCAN,44140.0,1,0.0,0.9363599122870432,0.0,119.0,1.0,119.0,6.894817763307944,0.0,0.0,1.7416115999803878,211.00390625,final 13-dataset biological matrix,completed
nilsson,kNN+Leiden,44140.0,1,0.1385331781140861,0.0,0.0010916661666102,13.0,1.0,13.0,3.700439718141092,1.0,0.0,9.241356700018514,432.23046875,final 13-dataset biological matrix,completed
