method,n,dataset_id,runtime_seconds,job_id
DBSCAN,500000,imbalanced_16d__scaling__n500000,771.1116864,
DBSCAN,500000,moons_2d__scaling__n500000,12.096676000001025,
DBSCAN,500000,multidensity_2d__scaling__n500000,20.975419200000033,
DBSCAN,500000,overlap_8d__scaling__n500000,190.9574513999978,
DBSCAN,500000,overlapping_density_16d__scaling__n500000,910.5515410000007,
DBSCAN,500000,rings_2d__scaling__n500000,10.4920551000032,
DBSCAN,500000,ultrasparse_16d__scaling__n500000,969.1527935000049,
DBSCAN,1000000,imbalanced_16d__scaling__n1000000,3378.4826980233192,synthetic__imbalanced_16d__scaling__n1000000__DBSCAN__42__423e489efc5e
DBSCAN,1000000,moons_2d__scaling__n1000000,12.79935146868229,synthetic__moons_2d__scaling__n1000000__DBSCAN__42__405f90a66f98
DBSCAN,1000000,multidensity_2d__scaling__n1000000,24.262988537549973,synthetic__multidensity_2d__scaling__n1000000__DBSCAN__42__60ac95045a42
DBSCAN,1000000,overlap_8d__scaling__n1000000,301.19965425878763,synthetic__overlap_8d__scaling__n1000000__DBSCAN__42__00a3b0f489a7
DBSCAN,1000000,overlapping_density_16d__scaling__n1000000,3347.5795718207955,synthetic__overlapping_density_16d__scaling__n1000000__DBSCAN__42__eecaba5f7c88
DBSCAN,1000000,rings_2d__scaling__n1000000,18.426437057554722,synthetic__rings_2d__scaling__n1000000__DBSCAN__42__86a53cf94ecc
DBSCAN,1000000,ultrasparse_16d__scaling__n1000000,3727.106428489089,synthetic__ultrasparse_16d__scaling__n1000000__DBSCAN__42__c2cbad9e2d1c
DBSCAN,2000000,moons_2d__scaling__n2000000,28.598080687224865,synthetic__moons_2d__scaling__n2000000__DBSCAN__42__b35ae5e83a58
DBSCAN,2000000,multidensity_2d__scaling__n2000000,48.60573169589043,synthetic__multidensity_2d__scaling__n2000000__DBSCAN__42__84b261fb93d5
DBSCAN,2000000,overlap_8d__scaling__n2000000,674.7796232178807,synthetic__overlap_8d__scaling__n2000000__DBSCAN__42__77afbcf3f070
DBSCAN,2000000,rings_2d__scaling__n2000000,33.150665298104286,synthetic__rings_2d__scaling__n2000000__DBSCAN__42__36d56cd568cc
DBSCAN,5000000,moons_2d__scaling__n5000000,83.16983830928802,synthetic__moons_2d__scaling__n5000000__DBSCAN__42__487e499d208e
DBSCAN,5000000,multidensity_2d__scaling__n5000000,144.17287634313107,synthetic__multidensity_2d__scaling__n5000000__DBSCAN__42__0bc8c46345d7
DBSCAN,5000000,overlap_8d__scaling__n5000000,2015.4148844256997,synthetic__overlap_8d__scaling__n5000000__DBSCAN__42__cdfddf64e29b
DBSCAN,5000000,rings_2d__scaling__n5000000,93.24756455421448,synthetic__rings_2d__scaling__n5000000__DBSCAN__42__946f2718659f
HDBSCAN,500000,moons_2d__scaling__n500000,2728.7255626000006,
HDBSCAN,500000,multidensity_2d__scaling__n500000,2562.2543102,
HDBSCAN,500000,overlap_8d__scaling__n500000,3490.4539455999984,
HDBSCAN,500000,rings_2d__scaling__n500000,2260.7131257,
HDBSCAN,1000000,moons_2d__scaling__n1000000,6442.162319712341,synthetic__moons_2d__scaling__n1000000__HDBSCAN__42__f97e9c7e7fcb
HDBSCAN,1000000,multidensity_2d__scaling__n1000000,6468.463250011206,synthetic__multidensity_2d__scaling__n1000000__HDBSCAN__42__1205b656efce
HDBSCAN,1000000,rings_2d__scaling__n1000000,6391.14880322665,synthetic__rings_2d__scaling__n1000000__HDBSCAN__42__72bbe7dc286c
OPTICS,500000,moons_2d__scaling__n500000,2344.0495259,
OPTICS,500000,multidensity_2d__scaling__n500000,2384.129840999998,
OPTICS,500000,overlap_8d__scaling__n500000,1592.2641393999984,
OPTICS,500000,rings_2d__scaling__n500000,1786.8435647000006,
OPTICS,1000000,moons_2d__scaling__n1000000,6559.904492676258,synthetic__moons_2d__scaling__n1000000__OPTICS__42__18ad7e030be1
OPTICS,1000000,multidensity_2d__scaling__n1000000,6519.43718713522,synthetic__multidensity_2d__scaling__n1000000__OPTICS__42__b2ec45e0b67c
OPTICS,1000000,overlap_8d__scaling__n1000000,3463.1424464434385,synthetic__overlap_8d__scaling__n1000000__OPTICS__42__f3d30f1567e0
OPTICS,1000000,rings_2d__scaling__n1000000,6453.371523983777,synthetic__rings_2d__scaling__n1000000__OPTICS__42__6e1a9ce56a1d
SNN-DBSCAN,500000,imbalanced_16d__scaling__n500000,136.82940000000053,
SNN-DBSCAN,500000,moons_2d__scaling__n500000,18.445430800000395,
SNN-DBSCAN,500000,multidensity_2d__scaling__n500000,10.69937199999913,
SNN-DBSCAN,500000,overlap_8d__scaling__n500000,93.79411909999908,
SNN-DBSCAN,500000,overlapping_density_16d__scaling__n500000,103.83810950000043,
SNN-DBSCAN,500000,rings_2d__scaling__n500000,13.602531900003669,
SNN-DBSCAN,500000,ultrasparse_16d__scaling__n500000,135.1856093000024,
SNN-DBSCAN,1000000,imbalanced_16d__scaling__n1000000,213.0762994363904,synthetic__imbalanced_16d__scaling__n1000000__SNN-DBSCAN__42__1231763c95b3
SNN-DBSCAN,1000000,moons_2d__scaling__n1000000,14.643956750631332,synthetic__moons_2d__scaling__n1000000__SNN-DBSCAN__42__817d1e9827f3
SNN-DBSCAN,1000000,multidensity_2d__scaling__n1000000,16.535539373755455,synthetic__multidensity_2d__scaling__n1000000__SNN-DBSCAN__42__fcd88eb94253
SNN-DBSCAN,1000000,overlap_8d__scaling__n1000000,146.20748479664326,synthetic__overlap_8d__scaling__n1000000__SNN-DBSCAN__42__6aa2253a8f23
SNN-DBSCAN,1000000,overlapping_density_16d__scaling__n1000000,197.91166232526302,synthetic__overlapping_density_16d__scaling__n1000000__SNN-DBSCAN__42__845eda904cf5
SNN-DBSCAN,1000000,rings_2d__scaling__n1000000,16.805905021727085,synthetic__rings_2d__scaling__n1000000__SNN-DBSCAN__42__a1cda7500d7a
SNN-DBSCAN,1000000,ultrasparse_16d__scaling__n1000000,227.33119057118893,synthetic__ultrasparse_16d__scaling__n1000000__SNN-DBSCAN__42__7c23ab4e817f
SNN-DBSCAN,2000000,imbalanced_16d__scaling__n2000000,464.01053208112717,synthetic__imbalanced_16d__scaling__n2000000__SNN-DBSCAN__42__d6b689d3dd29
SNN-DBSCAN,2000000,moons_2d__scaling__n2000000,36.02427201718092,synthetic__moons_2d__scaling__n2000000__SNN-DBSCAN__42__b01a6f9b2063
SNN-DBSCAN,2000000,multidensity_2d__scaling__n2000000,39.00047416985035,synthetic__multidensity_2d__scaling__n2000000__SNN-DBSCAN__42__4802b0f99c67
SNN-DBSCAN,2000000,overlap_8d__scaling__n2000000,302.0069509893656,synthetic__overlap_8d__scaling__n2000000__SNN-DBSCAN__42__7d47e8f1d035
SNN-DBSCAN,2000000,overlapping_density_16d__scaling__n2000000,423.99054712057114,synthetic__overlapping_density_16d__scaling__n2000000__SNN-DBSCAN__42__2d19aa059fb9
SNN-DBSCAN,2000000,rings_2d__scaling__n2000000,37.140171982347965,synthetic__rings_2d__scaling__n2000000__SNN-DBSCAN__42__a45401523851
SNN-DBSCAN,2000000,ultrasparse_16d__scaling__n2000000,476.4050326794386,synthetic__ultrasparse_16d__scaling__n2000000__SNN-DBSCAN__42__a7d29fd00b96
SNN-DBSCAN,5000000,imbalanced_16d__scaling__n5000000,1256.7282891720533,synthetic__imbalanced_16d__scaling__n5000000__SNN-DBSCAN__42__757442311e59
SNN-DBSCAN,5000000,moons_2d__scaling__n5000000,96.65097660571337,synthetic__moons_2d__scaling__n5000000__SNN-DBSCAN__42__23faa28075d4
SNN-DBSCAN,5000000,multidensity_2d__scaling__n5000000,102.29617057740688,synthetic__multidensity_2d__scaling__n5000000__SNN-DBSCAN__42__a530c61f4b80
SNN-DBSCAN,5000000,overlap_8d__scaling__n5000000,839.1127075478435,synthetic__overlap_8d__scaling__n5000000__SNN-DBSCAN__42__2f4a06c008ad
SNN-DBSCAN,5000000,overlapping_density_16d__scaling__n5000000,1120.2400300353765,synthetic__overlapping_density_16d__scaling__n5000000__SNN-DBSCAN__42__d4035e694f68
SNN-DBSCAN,5000000,rings_2d__scaling__n5000000,97.461272418499,synthetic__rings_2d__scaling__n5000000__SNN-DBSCAN__42__b826f9a3a01c
SNN-DBSCAN,5000000,ultrasparse_16d__scaling__n5000000,1278.4189880117774,synthetic__ultrasparse_16d__scaling__n5000000__SNN-DBSCAN__42__9315b2456d9d
StrataSCAN,500000,imbalanced_16d__scaling__n500000,146.53469240000413,
StrataSCAN,500000,moons_2d__scaling__n500000,22.061012199999823,
StrataSCAN,500000,multidensity_2d__scaling__n500000,81.76228310000442,
StrataSCAN,500000,overlap_8d__scaling__n500000,123.28635290000238,
StrataSCAN,500000,overlapping_density_16d__scaling__n500000,163.3312850000002,
StrataSCAN,500000,rings_2d__scaling__n500000,34.74738629999774,
StrataSCAN,500000,ultrasparse_16d__scaling__n500000,117.84264799999801,
StrataSCAN,1000000,imbalanced_16d__scaling__n1000000,390.9146957695484,synthetic__imbalanced_16d__scaling__n1000000__StrataSCAN__42__5c88c4942eff
StrataSCAN,1000000,moons_2d__scaling__n1000000,36.77436403185129,synthetic__moons_2d__scaling__n1000000__StrataSCAN__42__9d6114b51726
StrataSCAN,1000000,multidensity_2d__scaling__n1000000,173.73004923015833,synthetic__multidensity_2d__scaling__n1000000__StrataSCAN__42__857cc994cfb0
StrataSCAN,1000000,overlap_8d__scaling__n1000000,263.6156163290143,synthetic__overlap_8d__scaling__n1000000__StrataSCAN__42__5b28f5a12bd7
StrataSCAN,1000000,overlapping_density_16d__scaling__n1000000,306.94018636643887,synthetic__overlapping_density_16d__scaling__n1000000__StrataSCAN__42__6c314f6ecdb6
StrataSCAN,1000000,rings_2d__scaling__n1000000,72.32592421770096,synthetic__rings_2d__scaling__n1000000__StrataSCAN__42__3ba3a88acabd
StrataSCAN,1000000,ultrasparse_16d__scaling__n1000000,218.49387741833925,synthetic__ultrasparse_16d__scaling__n1000000__StrataSCAN__42__6672a9e08b64
StrataSCAN,2000000,imbalanced_16d__scaling__n2000000,626.0524314492941,synthetic__imbalanced_16d__scaling__n2000000__StrataSCAN__42__a62a21a38c5e
StrataSCAN,2000000,moons_2d__scaling__n2000000,93.32258502393961,synthetic__moons_2d__scaling__n2000000__StrataSCAN__42__ca5cdae6e0a6
StrataSCAN,2000000,multidensity_2d__scaling__n2000000,336.4593794569373,synthetic__multidensity_2d__scaling__n2000000__StrataSCAN__42__11ca70283a91
StrataSCAN,2000000,overlap_8d__scaling__n2000000,504.9710499867797,synthetic__overlap_8d__scaling__n2000000__StrataSCAN__42__ff6fc2b2029a
StrataSCAN,2000000,overlapping_density_16d__scaling__n2000000,691.8112337812781,synthetic__overlapping_density_16d__scaling__n2000000__StrataSCAN__42__8b437b13fbe4
StrataSCAN,2000000,rings_2d__scaling__n2000000,184.42896651476622,synthetic__rings_2d__scaling__n2000000__StrataSCAN__42__c105f2cb50ab
StrataSCAN,2000000,ultrasparse_16d__scaling__n2000000,452.5580206513405,synthetic__ultrasparse_16d__scaling__n2000000__StrataSCAN__42__24d2a7e9bea7
StrataSCAN,5000000,imbalanced_16d__scaling__n5000000,1637.4706033691764,synthetic__imbalanced_16d__scaling__n5000000__StrataSCAN__42__38743ebebab4
StrataSCAN,5000000,moons_2d__scaling__n5000000,235.6653461009264,synthetic__moons_2d__scaling__n5000000__StrataSCAN__42__73a99f5a793a
StrataSCAN,5000000,multidensity_2d__scaling__n5000000,657.3615573272109,synthetic__multidensity_2d__scaling__n5000000__StrataSCAN__42__da28cfde51fb
StrataSCAN,5000000,overlap_8d__scaling__n5000000,1391.9270846098661,synthetic__overlap_8d__scaling__n5000000__StrataSCAN__42__2bca36583f53
StrataSCAN,5000000,overlapping_density_16d__scaling__n5000000,1665.5554146692157,synthetic__overlapping_density_16d__scaling__n5000000__StrataSCAN__42__e85477d20a69
StrataSCAN,5000000,rings_2d__scaling__n5000000,1077.9958493635058,synthetic__rings_2d__scaling__n5000000__StrataSCAN__42__db8aadf453b8
StrataSCAN,5000000,ultrasparse_16d__scaling__n5000000,1369.9656173437834,synthetic__ultrasparse_16d__scaling__n5000000__StrataSCAN__42__ef21de2a6277
VDBSCAN-2007,500000,moons_2d__scaling__n500000,17.233652099999745,
VDBSCAN-2007,500000,multidensity_2d__scaling__n500000,18.916563400001905,
VDBSCAN-2007,500000,overlap_8d__scaling__n500000,847.8293237000034,
VDBSCAN-2007,500000,overlapping_density_16d__scaling__n500000,908.9565308000019,
VDBSCAN-2007,500000,rings_2d__scaling__n500000,13.618485700004385,
VDBSCAN-2007,500000,ultrasparse_16d__scaling__n500000,1876.6840736999948,
VDBSCAN-2007,1000000,moons_2d__scaling__n1000000,18.70997703820467,synthetic__moons_2d__scaling__n1000000__VDBSCAN-2007__42__94e0d702a399
VDBSCAN-2007,1000000,multidensity_2d__scaling__n1000000,30.185014374554157,synthetic__multidensity_2d__scaling__n1000000__VDBSCAN-2007__42__1840ea3cb0ee
VDBSCAN-2007,1000000,overlap_8d__scaling__n1000000,2489.708369448781,synthetic__overlap_8d__scaling__n1000000__VDBSCAN-2007__42__92d5cbbdd605
VDBSCAN-2007,1000000,overlapping_density_16d__scaling__n1000000,3403.0147393643856,synthetic__overlapping_density_16d__scaling__n1000000__VDBSCAN-2007__42__30771a190d89
VDBSCAN-2007,1000000,rings_2d__scaling__n1000000,19.079415790736675,synthetic__rings_2d__scaling__n1000000__VDBSCAN-2007__42__aa9137881268
VDBSCAN-2007,1000000,ultrasparse_16d__scaling__n1000000,6342.915381990373,synthetic__ultrasparse_16d__scaling__n1000000__VDBSCAN-2007__42__cd55d0bca977
VDBSCAN-2007,2000000,moons_2d__scaling__n2000000,61.123390913009644,synthetic__moons_2d__scaling__n2000000__VDBSCAN-2007__42__2a2ff97a233b
VDBSCAN-2007,2000000,multidensity_2d__scaling__n2000000,69.83986892551184,synthetic__multidensity_2d__scaling__n2000000__VDBSCAN-2007__42__1df1a3e3d1cc
VDBSCAN-2007,2000000,rings_2d__scaling__n2000000,48.823982171714306,synthetic__rings_2d__scaling__n2000000__VDBSCAN-2007__42__f4bfc1db1fe7
VDBSCAN-2007,5000000,moons_2d__scaling__n5000000,271.513018399477,synthetic__moons_2d__scaling__n5000000__VDBSCAN-2007__42__e81fe34ab7ed
VDBSCAN-2007,5000000,multidensity_2d__scaling__n5000000,219.62862868607044,synthetic__multidensity_2d__scaling__n5000000__VDBSCAN-2007__42__feb04f0df08f
VDBSCAN-2007,5000000,rings_2d__scaling__n5000000,162.83961056917906,synthetic__rings_2d__scaling__n5000000__VDBSCAN-2007__42__76d5633d90b4
kNN+Leiden,500000,imbalanced_16d__scaling__n500000,237.53239949999988,
kNN+Leiden,500000,moons_2d__scaling__n500000,528.5239478999993,
kNN+Leiden,500000,multidensity_2d__scaling__n500000,292.52048619999914,
kNN+Leiden,500000,overlap_8d__scaling__n500000,260.2493162999999,
kNN+Leiden,500000,rings_2d__scaling__n500000,244.95194800000172,
kNN+Leiden,1000000,imbalanced_16d__scaling__n1000000,903.665965013206,synthetic__imbalanced_16d__scaling__n1000000__kNN+Leiden__42__be5e2e56046f
kNN+Leiden,1000000,moons_2d__scaling__n1000000,4089.3268792778254,synthetic__moons_2d__scaling__n1000000__kNN+Leiden__42__394385470db9
kNN+Leiden,1000000,multidensity_2d__scaling__n1000000,3676.074758656323,synthetic__multidensity_2d__scaling__n1000000__kNN+Leiden__42__4a04f1e016f3
kNN+Leiden,1000000,overlap_8d__scaling__n1000000,1397.6518362686038,synthetic__overlap_8d__scaling__n1000000__kNN+Leiden__42__ce629bfc940d
kNN+Leiden,1000000,rings_2d__scaling__n1000000,2363.1852117851377,synthetic__rings_2d__scaling__n1000000__kNN+Leiden__42__bbac4c1cb027
kNN+Leiden,2000000,imbalanced_16d__scaling__n2000000,1619.85589286685,synthetic__imbalanced_16d__scaling__n2000000__kNN+Leiden__42__81d8f233bee6
kNN+Leiden,5000000,imbalanced_16d__scaling__n5000000,5243.169292762876,synthetic__imbalanced_16d__scaling__n5000000__kNN+Leiden__42__8d4be2f81dc8
kNN-DBSCAN,500000,imbalanced_16d__scaling__n500000,130.87308389999998,
kNN-DBSCAN,500000,moons_2d__scaling__n500000,5.589672699999937,
kNN-DBSCAN,500000,multidensity_2d__scaling__n500000,3.8287873000008403,
kNN-DBSCAN,500000,overlap_8d__scaling__n500000,70.93877340000108,
kNN-DBSCAN,500000,overlapping_density_16d__scaling__n500000,94.32924099999946,
kNN-DBSCAN,500000,rings_2d__scaling__n500000,4.908101299995906,
kNN-DBSCAN,500000,ultrasparse_16d__scaling__n500000,118.69001240000216,
kNN-DBSCAN,1000000,imbalanced_16d__scaling__n1000000,212.446403644979,synthetic__imbalanced_16d__scaling__n1000000__kNN-DBSCAN__42__08a2c1369687
kNN-DBSCAN,1000000,moons_2d__scaling__n1000000,4.80790938436985,synthetic__moons_2d__scaling__n1000000__kNN-DBSCAN__42__63c561b77be9
kNN-DBSCAN,1000000,multidensity_2d__scaling__n1000000,5.44980888068676,synthetic__multidensity_2d__scaling__n1000000__kNN-DBSCAN__42__ced3adced1ee
kNN-DBSCAN,1000000,overlap_8d__scaling__n1000000,137.03017343580723,synthetic__overlap_8d__scaling__n1000000__kNN-DBSCAN__42__492b12285530
kNN-DBSCAN,1000000,overlapping_density_16d__scaling__n1000000,177.53223410993814,synthetic__overlapping_density_16d__scaling__n1000000__kNN-DBSCAN__42__2be22a68a2c0
kNN-DBSCAN,1000000,rings_2d__scaling__n1000000,5.693923227488995,synthetic__rings_2d__scaling__n1000000__kNN-DBSCAN__42__9e747ab7dd58
kNN-DBSCAN,1000000,ultrasparse_16d__scaling__n1000000,212.24171148240566,synthetic__ultrasparse_16d__scaling__n1000000__kNN-DBSCAN__42__6c91417ac685
kNN-DBSCAN,2000000,imbalanced_16d__scaling__n2000000,446.7856620401144,synthetic__imbalanced_16d__scaling__n2000000__kNN-DBSCAN__42__7a1aeea29ede
kNN-DBSCAN,2000000,moons_2d__scaling__n2000000,12.320865370333195,synthetic__moons_2d__scaling__n2000000__kNN-DBSCAN__42__05c0d8a8138a
kNN-DBSCAN,2000000,multidensity_2d__scaling__n2000000,12.491120129823685,synthetic__multidensity_2d__scaling__n2000000__kNN-DBSCAN__42__c5edb2e710f8
kNN-DBSCAN,2000000,overlap_8d__scaling__n2000000,283.00130335986614,synthetic__overlap_8d__scaling__n2000000__kNN-DBSCAN__42__0be7bd8f1885
kNN-DBSCAN,2000000,overlapping_density_16d__scaling__n2000000,396.3631947040558,synthetic__overlapping_density_16d__scaling__n2000000__kNN-DBSCAN__42__1acd6bd21c08
kNN-DBSCAN,2000000,rings_2d__scaling__n2000000,13.08028831332922,synthetic__rings_2d__scaling__n2000000__kNN-DBSCAN__42__8bf1d4984003
kNN-DBSCAN,2000000,ultrasparse_16d__scaling__n2000000,410.5356302782893,synthetic__ultrasparse_16d__scaling__n2000000__kNN-DBSCAN__42__6b4f47bf1378
kNN-DBSCAN,5000000,imbalanced_16d__scaling__n5000000,1193.8143650889397,synthetic__imbalanced_16d__scaling__n5000000__kNN-DBSCAN__42__bf16544103b3
kNN-DBSCAN,5000000,moons_2d__scaling__n5000000,35.61116126179695,synthetic__moons_2d__scaling__n5000000__kNN-DBSCAN__42__ed3913327c72
kNN-DBSCAN,5000000,multidensity_2d__scaling__n5000000,38.74416918307543,synthetic__multidensity_2d__scaling__n5000000__kNN-DBSCAN__42__93ff2294aa99
kNN-DBSCAN,5000000,overlap_8d__scaling__n5000000,774.3214746266603,synthetic__overlap_8d__scaling__n5000000__kNN-DBSCAN__42__73b4e49b3aa4
kNN-DBSCAN,5000000,overlapping_density_16d__scaling__n5000000,1007.5533741340041,synthetic__overlapping_density_16d__scaling__n5000000__kNN-DBSCAN__42__55c39d8ec99d
kNN-DBSCAN,5000000,rings_2d__scaling__n5000000,35.950939513742924,synthetic__rings_2d__scaling__n5000000__kNN-DBSCAN__42__96e93ec72ac5
kNN-DBSCAN,5000000,ultrasparse_16d__scaling__n5000000,1208.5581020638347,synthetic__ultrasparse_16d__scaling__n5000000__kNN-DBSCAN__42__7296898f3571
