method,n,successful,timeouts_capped_at_2h,included,running,pending,other_failure,runtime_median_capped_s,runtime_q1_capped_s,runtime_q3_capped_s,runtime_min_capped_s,runtime_max_capped_s
StrataSCAN,500000,7,0,7,0,0,0,117.84264799999801,58.25483470000108,134.91052265000326,22.061012199999823,163.3312850000002
StrataSCAN,1000000,7,0,7,0,0,0,218.49387741833925,123.02798672392964,285.2779013477266,36.77436403185129,390.9146957695484
StrataSCAN,2000000,7,0,7,0,0,0,452.5580206513405,260.44417298585176,565.5117407180369,93.32258502393961,691.8112337812781
StrataSCAN,5000000,7,0,7,0,0,0,1369.9656173437834,867.6787033453584,1514.6988439895213,235.6653461009264,1665.5554146692157
DBSCAN,500000,7,0,7,0,0,0,190.9574513999978,16.53604760000053,840.8316137000004,10.4920551000032,969.1527935000049
DBSCAN,1000000,7,0,7,0,0,0,301.19965425878763,21.344712797552347,3363.0311349220574,12.79935146868229,3727.106428489089
DBSCAN,2000000,4,3,7,0,0,0,674.7796232178807,40.878198496997356,7200.0,28.598080687224865,7200.0
DBSCAN,5000000,4,3,7,0,0,0,2015.4148844256997,118.71022044867277,7200.0,83.16983830928802,7200.0
HDBSCAN,500000,4,3,7,0,0,0,3490.4539455999984,2645.4899364000003,7200.0,2260.7131257,7200.0
HDBSCAN,1000000,3,4,7,0,0,0,7200.0,6455.312784861773,7200.0,6391.14880322665,7200.0
HDBSCAN,2000000,0,7,7,0,0,0,7200.0,7200.0,7200.0,7200.0,7200.0
HDBSCAN,5000000,0,7,7,0,0,0,7200.0,7200.0,7200.0,7200.0,7200.0
OPTICS,500000,4,3,7,0,0,0,2384.129840999998,2065.4465453000003,7200.0,1592.2641393999984,7200.0
OPTICS,1000000,4,3,7,0,0,0,6559.904492676258,6486.404355559498,7200.0,3463.1424464434385,7200.0
OPTICS,2000000,0,7,7,0,0,0,7200.0,7200.0,7200.0,7200.0,7200.0
OPTICS,5000000,0,7,7,0,0,0,7200.0,7200.0,7200.0,7200.0,7200.0
SNN-DBSCAN,500000,7,0,7,0,0,0,93.79411909999908,16.023981350002032,119.51185940000141,10.69937199999913,136.82940000000053
SNN-DBSCAN,1000000,7,0,7,0,0,0,146.20748479664326,16.67072219774127,205.4939808808267,14.643956750631332,227.33119057118893
SNN-DBSCAN,2000000,7,0,7,0,0,0,302.0069509893656,38.07032307609916,444.00053960084915,36.02427201718092,476.4050326794386
SNN-DBSCAN,5000000,7,0,7,0,0,0,839.1127075478435,99.87872149795294,1188.484159603715,96.65097660571337,1278.4189880117774
VDBSCAN-2007,500000,6,0,6,0,0,1,433.3729435500027,17.654379925000285,893.6747290250023,13.618485700004385,1876.6840736999948
VDBSCAN-2007,1000000,6,0,6,0,0,1,1259.9466919116676,21.855815436691046,3174.6881468854845,18.70997703820467,6342.915381990373
VDBSCAN-2007,2000000,3,3,6,0,0,1,3634.919934462756,63.30251041613519,7200.0,48.823982171714306,7200.0
VDBSCAN-2007,5000000,3,3,6,0,0,1,3735.7565091997385,232.59972611442208,7200.0,162.83961056917906,7200.0
kNN-DBSCAN,500000,7,0,7,0,0,0,70.93877340000108,5.2488869999979215,106.50962670000081,3.8287873000008403,130.87308389999998
kNN-DBSCAN,1000000,7,0,7,0,0,0,137.03017343580723,5.571866054087877,194.8869727961719,4.80790938436985,212.446403644979
kNN-DBSCAN,2000000,7,0,7,0,0,0,283.00130335986614,12.785704221576452,403.44941249117255,12.320865370333195,446.7856620401144
kNN-DBSCAN,5000000,7,0,7,0,0,0,774.3214746266603,37.347554348409176,1100.683869611472,35.61116126179695,1208.5581020638347
kNN+Leiden,500000,5,2,7,0,0,0,292.52048619999914,252.60063215000082,3864.2619739499996,237.53239949999988,7200.0
kNN+Leiden,1000000,5,2,7,0,0,0,3676.074758656323,1880.4185240268707,5644.663439638913,903.665965013206,7200.0
kNN+Leiden,2000000,1,6,7,0,0,0,7200.0,7200.0,7200.0,1619.85589286685,7200.0
kNN+Leiden,5000000,1,6,7,0,0,0,7200.0,7200.0,7200.0,5243.169292762876,7200.0
