status,suite,dataset_id,method,seed,package_version,n,dimension,load_seconds,runtime_seconds,process_runtime_seconds,peak_rss_mb,incremental_rss_mb,process_peak_rss_mb,error_type,ami_signal,ari_signal,background_majority_predicted_clusters,background_only_predicted_clusters,background_rejection,background_semantics,binary_balanced_accuracy,binary_macro_f1,candidate_clusters_per_target,candidate_clusters_with_target_overlap,discovered_target_count,discovery_coverage_threshold,discovery_purity_threshold,evaluation_mode,evaluation_protocol_version,extra_signal_fragments,fragment_min_target_fraction,macro_target_coverage,macro_target_f1,macro_target_noise_loss,macro_target_purity,matched_predicted_cluster_count,matching_objective,matching_strategy,mean_target_fragments,merged_predicted_clusters,n_clusters,noise_aware_macro_f1,noise_evidence_f1,noise_f1,noise_fraction,noise_precision,noise_recall,pairwise_f1,pairwise_precision,pairwise_recall,predicted_abstention_fraction,predicted_cluster_count,primary_target_aggregation,recovered_truth_clusters_f1_080,recovered_truth_clusters_f1_090,signal_coverage,signal_f1,signal_precision,signal_recall,spurious_background_majority_clusters,target_count,target_discovery_rate,target_success_rate_f1_080,truth_clusters,unmatched_predicted_cluster_count,unmatched_target_score,weighted_target_coverage,weighted_target_discovery_rate,weighted_target_f1,weighted_target_purity,dataset_metadata_json,parameters_json
ok,synthetic,imbalanced_16d__quality__n20000,StrataSCAN-NoDensityStratification,211,0.2.4,20000,16,0.010889284312725067,2.928635746240616,5.2469946295022964,245.1015625,82.5,325.203125,,0.9925927675079206,0.9916950095618476,0,0,1.0,known_synthetic_noise,0.997,0.9979959859598776,1.0,8,8,0.1,0.9,full_partition,target-discovery-v1,0,0.05,0.9965116279069768,0.9982311320754718,0.0034883720930232558,1.0,8,pairwise_f1,hungarian,1.0,0,8,0.9986159171591176,0.9990009990009989,0.9990009990009989,0.7515,0.998003992015968,1.0,0.9931401052303757,1.0,0.9863736855440173,0.7515,8,macro,8,8,0.994,0.9969909729187563,1.0,0.994,0,8,1.0,1.0,8,0,0.0,0.994,1.0,0.9969575471698113,1.0,"{""dimension"": 16, ""family"": ""gaussian_imbalanced"", ""n"": 20000}","{""ablation_of"": ""density_stratification"", ""geometry_profile"": ""high_dim"", ""knn_backend"": ""faiss_hnsw"", ""optimization_config"": {""background_recovery"": true, ""connectivity_rank"": 4, ""core_rank"": 4, ""core_threshold_rule"": ""event_sweep"", ""fixed_core_quantile"": 0.95, ""signal_strata"": ""single_layer""}, ""replacement"": ""single_non_background_density_layer"", ""version"": ""0.2.4-structural-ablation-v1""}"
ok,synthetic,imbalanced_16d__quality__n20000,StrataSCAN-NoDensityStratification,223,0.2.4,20000,16,0.011093758046627045,7.43030508607626,9.71276593953371,296.53125,133.7734375,296.5078125,,0.9991722145548949,0.999870615562811,0,0,1.0,known_synthetic_noise,0.9997,0.9997999599859959,1.0,8,8,0.1,0.9,full_partition,target-discovery-v1,0,0.05,0.9977941176470588,0.9988872403560831,0.0022058823529411764,1.0,8,pairwise_f1,hungarian,1.0,0,8,0.9993933685963698,0.9999000099990001,0.9999000099990001,0.75015,0.9998000399920016,1.0,0.9998947853182097,1.0,0.9997895927743486,0.75015,8,macro,8,8,0.9994,0.9996999099729919,1.0,0.9994,0,8,1.0,1.0,8,0,0.0,0.9994,1.0,0.9996973293768546,1.0,"{""dimension"": 16, ""family"": ""gaussian_imbalanced"", ""n"": 20000}","{""ablation_of"": ""density_stratification"", ""geometry_profile"": ""high_dim"", ""knn_backend"": ""faiss_hnsw"", ""optimization_config"": {""background_recovery"": true, ""connectivity_rank"": 4, ""core_rank"": 4, ""core_threshold_rule"": ""event_sweep"", ""fixed_core_quantile"": 0.95, ""signal_strata"": ""single_layer""}, ""replacement"": ""single_non_background_density_layer"", ""version"": ""0.2.4-structural-ablation-v1""}"
ok,synthetic,imbalanced_16d__quality__n20000,StrataSCAN-NoDensityStratification,227,0.2.4,20000,16,0.011656172573566437,7.117898568511009,9.391299366950989,299.0546875,136.390625,299.0546875,,1.0,1.0,0,0,1.0,known_synthetic_noise,1.0,1.0,1.0,8,8,0.1,0.9,full_partition,target-discovery-v1,0,0.05,1.0,1.0,0.0,1.0,8,pairwise_f1,hungarian,1.0,0,8,1.0,1.0,1.0,0.75,1.0,1.0,1.0,1.0,1.0,0.75,8,macro,8,8,1.0,1.0,1.0,1.0,0,8,1.0,1.0,8,0,0.0,1.0,1.0,1.0,1.0,"{""dimension"": 16, ""family"": ""gaussian_imbalanced"", ""n"": 20000}","{""ablation_of"": ""density_stratification"", ""geometry_profile"": ""high_dim"", ""knn_backend"": ""faiss_hnsw"", ""optimization_config"": {""background_recovery"": true, ""connectivity_rank"": 4, ""core_rank"": 4, ""core_threshold_rule"": ""event_sweep"", ""fixed_core_quantile"": 0.95, ""signal_strata"": ""single_layer""}, ""replacement"": ""single_non_background_density_layer"", ""version"": ""0.2.4-structural-ablation-v1""}"
ok,synthetic,moons_2d__quality__n20000,StrataSCAN-NoDensityStratification,211,0.2.4,20000,2,0.6110638827085495,1.7816425412893295,5.391909949481487,233.171875,69.30078125,233.171875,,0.9892292357768107,0.9961384259965449,0,0,0.9472,known_synthetic_noise,0.9726333333333333,0.9801520619628239,1.0,2,2,0.1,0.9,full_partition,target-discovery-v1,0,0.05,0.9980666666666667,0.9903105229684344,0.0019333333333333333,0.9826753110451063,2,pairwise_f1,hungarian,1.0,0,2,0.9800474306411195,0.969994879672299,0.969994879672299,0.23825,0.9939139559286464,0.9472,0.9806510679530335,0.96563892300855,0.9961373516468862,0.23825,2,macro,2,2,0.9980666666666667,0.9903092442533488,0.9826714801444043,0.9980666666666667,0,2,1.0,1.0,2,0,0.0,0.9980666666666667,1.0,0.9903105229684344,0.9826753110451063,"{""dimension"": 2, ""family"": ""moons"", ""n"": 20000}","{""ablation_of"": ""density_stratification"", ""geometry_profile"": ""low_dim"", ""knn_backend"": ""kd_tree"", ""optimization_config"": {""background_recovery"": true, ""connectivity_rank"": 4, ""core_rank"": 4, ""core_threshold_rule"": ""event_sweep"", ""fixed_core_quantile"": 0.95, ""signal_strata"": ""single_layer""}, ""replacement"": ""single_non_background_density_layer"", ""version"": ""0.2.4-structural-ablation-v1""}"
ok,synthetic,moons_2d__quality__n20000,StrataSCAN-NoDensityStratification,223,0.2.4,20000,2,0.6121513918042183,1.6965821757912636,5.322758741676807,231.4609375,67.609375,231.4609375,,0.9807084995019344,0.9924187440638556,0,0,0.9454,known_synthetic_noise,0.9708,0.9776750487252209,1.0,2,2,0.1,0.9,full_partition,target-discovery-v1,0,0.05,0.9962,0.9890782589312002,0.0037999999999999996,0.9820588332856497,2,pairwise_f1,hungarian,1.0,0,2,0.9775418543975342,0.9662714636140638,0.9662714636140638,0.2392,0.9880852842809364,0.9454,0.9782254656855657,0.964435465198655,0.9924155398497577,0.2392,2,macro,2,2,0.9962,0.9890786338363781,0.982058359621451,0.9962,0,2,1.0,1.0,2,0,0.0,0.9962,1.0,0.9890782589312002,0.9820588332856497,"{""dimension"": 2, ""family"": ""moons"", ""n"": 20000}","{""ablation_of"": ""density_stratification"", ""geometry_profile"": ""low_dim"", ""knn_backend"": ""kd_tree"", ""optimization_config"": {""background_recovery"": true, ""connectivity_rank"": 4, ""core_rank"": 4, ""core_threshold_rule"": ""event_sweep"", ""fixed_core_quantile"": 0.95, ""signal_strata"": ""single_layer""}, ""replacement"": ""single_non_background_density_layer"", ""version"": ""0.2.4-structural-ablation-v1""}"
ok,synthetic,moons_2d__quality__n20000,StrataSCAN-NoDensityStratification,227,0.2.4,20000,2,0.6104344055056572,1.7744229584932327,5.392356291413307,233.1796875,69.39453125,233.09375,,0.9837408646426298,0.9938765136924487,0,0,0.9464,known_synthetic_noise,0.9716666666666667,0.9787486555986687,1.0,2,2,0.1,0.9,full_partition,target-discovery-v1,0,0.05,0.9969333333333332,0.9896102534511354,0.0030666666666666663,0.9823946557785249,2,pairwise_f1,hungarian,1.0,0,2,0.9786281380049245,0.9678870934751483,0.9678870934751483,0.2389,0.9903725408120553,0.9464,0.979273760369788,0.9650944355099624,0.993875947904165,0.2389,2,macro,2,2,0.9969333333333333,0.9896102177221892,0.9823939035606359,0.9969333333333333,0,2,1.0,1.0,2,0,0.0,0.9969333333333333,1.0,0.9896102534511354,0.9823946557785248,"{""dimension"": 2, ""family"": ""moons"", ""n"": 20000}","{""ablation_of"": ""density_stratification"", ""geometry_profile"": ""low_dim"", ""knn_backend"": ""kd_tree"", ""optimization_config"": {""background_recovery"": true, ""connectivity_rank"": 4, ""core_rank"": 4, ""core_threshold_rule"": ""event_sweep"", ""fixed_core_quantile"": 0.95, ""signal_strata"": ""single_layer""}, ""replacement"": ""single_non_background_density_layer"", ""version"": ""0.2.4-structural-ablation-v1""}"
ok,synthetic,multidensity_2d__quality__n20000,StrataSCAN-NoDensityStratification,211,0.2.4,20000,2,0.005325570702552795,3.888859249651432,7.724479712545872,237.36328125,76.69140625,235.05078125,,0.999551529567386,0.9997089434562821,2,2,0.9909333333333333,known_synthetic_noise,0.9953666666666667,0.9909475884367337,1.3333333333333333,6,6,0.1,0.9,full_partition,target-discovery-v1,0,0.05,0.9998395893487327,0.9876417301592401,0.00016041065126724414,0.9757461930487391,6,pairwise_f1,hungarian,1.0,0,8,0.9915119843374784,0.9954126904403149,0.9954126904403149,0.74325,0.999932727884292,0.9909333333333333,0.9753308783744931,0.9522863684369443,0.999518361873563,0.74325,8,macro,6,6,0.9998,0.9864824864331525,0.9735150925024343,0.9998,2,6,1.0,1.0,6,2,0.0,0.9998,1.0,0.9876561478407826,0.9758117757466249,"{""dimension"": 2, ""family"": ""multidensity"", ""n"": 20000}","{""ablation_of"": ""density_stratification"", ""geometry_profile"": ""low_dim"", ""knn_backend"": ""kd_tree"", ""optimization_config"": {""background_recovery"": true, ""connectivity_rank"": 4, ""core_rank"": 4, ""core_threshold_rule"": ""event_sweep"", ""fixed_core_quantile"": 0.95, ""signal_strata"": ""single_layer""}, ""replacement"": ""single_non_background_density_layer"", ""version"": ""0.2.4-structural-ablation-v1""}"
ok,synthetic,multidensity_2d__quality__n20000,StrataSCAN-NoDensityStratification,223,0.2.4,20000,2,0.006119132041931152,3.6471646055579185,7.488915652036667,235.48046875,74.83984375,232.921875,,0.9988624096057348,0.9992181098577998,0,0,0.9929333333333333,known_synthetic_noise,0.9961666666666666,0.9927826373270192,1.0,6,6,0.1,0.9,full_partition,target-discovery-v1,0,0.05,0.9994612068965517,0.9894416940627218,0.0005387931034482759,0.9796260600179975,6,pairwise_f1,hungarian,1.0,0,6,0.992885890700291,0.9963541492457437,0.9963541492457437,0.74485,0.9997986171712425,0.9929333333333333,0.9779848296829505,0.9581082194258453,0.9987036192728601,0.74485,6,macro,6,6,0.9994,0.9892111254082946,0.9792279051538311,0.9994,0,6,1.0,1.0,6,0,0.0,0.9994,1.0,0.9892146755438809,0.9792399337839867,"{""dimension"": 2, ""family"": ""multidensity"", ""n"": 20000}","{""ablation_of"": ""density_stratification"", ""geometry_profile"": ""low_dim"", ""knn_backend"": ""kd_tree"", ""optimization_config"": {""background_recovery"": true, ""connectivity_rank"": 4, ""core_rank"": 4, ""core_threshold_rule"": ""event_sweep"", ""fixed_core_quantile"": 0.95, ""signal_strata"": ""single_layer""}, ""replacement"": ""single_non_background_density_layer"", ""version"": ""0.2.4-structural-ablation-v1""}"
ok,synthetic,multidensity_2d__quality__n20000,StrataSCAN-NoDensityStratification,227,0.2.4,20000,2,0.004422381520271301,2.944847248494625,6.776600681245327,217.625,56.921875,215.84765625,,0.9923578803791187,0.9938844694895194,0,0,0.9947333333333334,known_synthetic_noise,0.9951666666666668,0.9932920841003561,1.0,6,6,0.1,0.9,full_partition,target-discovery-v1,0,0.05,0.9962938241389682,0.9903782060267012,0.0037061758610317957,0.9845388521903571,6,pairwise_f1,hungarian,1.0,0,6,0.9934927397973837,0.9966269244898641,0.9966269244898641,0.74715,0.9985277387405475,0.9947333333333334,0.9791411840088281,0.968586178914406,0.9899287663629215,0.74715,6,macro,6,6,0.9956,0.9899572437108481,0.9843780897765474,0.9956,0,6,1.0,1.0,6,0,0.0,0.9956,1.0,0.9899563379166076,0.9843820437259492,"{""dimension"": 2, ""family"": ""multidensity"", ""n"": 20000}","{""ablation_of"": ""density_stratification"", ""geometry_profile"": ""low_dim"", ""knn_backend"": ""kd_tree"", ""optimization_config"": {""background_recovery"": true, ""connectivity_rank"": 4, ""core_rank"": 4, ""core_threshold_rule"": ""event_sweep"", ""fixed_core_quantile"": 0.95, ""signal_strata"": ""single_layer""}, ""replacement"": ""single_non_background_density_layer"", ""version"": ""0.2.4-structural-ablation-v1""}"
ok,synthetic,overlapping_density_16d__quality__n20000,StrataSCAN-NoDensityStratification,211,0.2.4,20000,16,0.009192809462547302,3.016356699168682,5.108602501451969,251.15625,88.953125,248.64453125,,9.65622411835352e-05,-0.00013629611664853913,1,0,0.0,known_synthetic_noise,0.49975,0.16659721643470288,0.125,1,0,0.1,0.9,full_partition,target-discovery-v1,0,0.05,0.12468030690537084,0.009384023099133783,0.00031969309462915604,0.004875487548754875,1,pairwise_f1,hungarian,1.0,1,1,0.0,0.0,0.0,0.0001,0.0,0.0,0.010827044888373353,0.005443030676023546,0.9985677519394071,0.0001,1,macro,0,0,0.9995,0.33319443286940575,0.1999199919991999,0.9995,1,8,0.0,0.0,8,0,0.0,0.195,0.0,0.014676612127045238,0.007625262526252625,"{""dimension"": 16, ""family"": ""overlapping_density"", ""n"": 20000}","{""ablation_of"": ""density_stratification"", ""geometry_profile"": ""high_dim"", ""knn_backend"": ""faiss_hnsw"", ""optimization_config"": {""background_recovery"": true, ""connectivity_rank"": 4, ""core_rank"": 4, ""core_threshold_rule"": ""event_sweep"", ""fixed_core_quantile"": 0.95, ""signal_strata"": ""single_layer""}, ""replacement"": ""single_non_background_density_layer"", ""version"": ""0.2.4-structural-ablation-v1""}"
ok,synthetic,overlapping_density_16d__quality__n20000,StrataSCAN-NoDensityStratification,223,0.2.4,20000,16,0.009127631783485413,3.160274311900139,5.151560202240944,297.609375,135.3984375,294.0234375,,0.20762589943225848,0.04349779013868062,0,0,0.9995625,known_synthetic_noise,0.54578125,0.5330406015037594,0.5,4,3,0.1,0.9,full_partition,target-discovery-v1,0,0.05,0.13708354618834218,0.18672316823001756,0.857741294575989,0.3686970511567286,3,pairwise_f1,hungarian,0.375,0,4,0.30915292043508497,0.8978526315789475,0.8978526315789475,0.98125,0.8149299363057325,0.9995625,0.04734505279370721,0.9643405867009683,0.024268260991933358,0.98125,4,macro,0,0,0.092,0.16822857142857145,0.9813333333333333,0.092,0,8,0.375,0.0,8,1,0.0,0.08875,0.25075,0.12137426456056594,0.24677154610622354,"{""dimension"": 16, ""family"": ""overlapping_density"", ""n"": 20000}","{""ablation_of"": ""density_stratification"", ""geometry_profile"": ""high_dim"", ""knn_backend"": ""faiss_hnsw"", ""optimization_config"": {""background_recovery"": true, ""connectivity_rank"": 4, ""core_rank"": 4, ""core_threshold_rule"": ""event_sweep"", ""fixed_core_quantile"": 0.95, ""signal_strata"": ""single_layer""}, ""replacement"": ""single_non_background_density_layer"", ""version"": ""0.2.4-structural-ablation-v1""}"
ok,synthetic,overlapping_density_16d__quality__n20000,StrataSCAN-NoDensityStratification,227,0.2.4,20000,16,0.010577060282230377,3.6269525587558746,5.837537303566933,297.5859375,135.4140625,294.0078125,,0.17293151233644063,0.03156530309791329,0,0,0.9995,known_synthetic_noise,0.5387500000000001,0.520428500249128,0.375,3,3,0.1,0.9,full_partition,target-discovery-v1,0,0.05,0.11698158764962954,0.16829879703487388,0.8830184123503705,0.3658854166666667,3,pairwise_f1,hungarian,0.375,0,3,0.2833916523819514,0.8964125560538116,0.8964125560538116,0.984,0.8126016260162602,0.9995,0.034212201857177604,0.9503676470588235,0.01741964506869873,0.984,3,macro,0,0,0.078,0.14444444444444443,0.975,0.078,0,8,0.375,0.0,8,0,0.0,0.078,0.266,0.11363873001020534,0.2596365327380952,"{""dimension"": 16, ""family"": ""overlapping_density"", ""n"": 20000}","{""ablation_of"": ""density_stratification"", ""geometry_profile"": ""high_dim"", ""knn_backend"": ""faiss_hnsw"", ""optimization_config"": {""background_recovery"": true, ""connectivity_rank"": 4, ""core_rank"": 4, ""core_threshold_rule"": ""event_sweep"", ""fixed_core_quantile"": 0.95, ""signal_strata"": ""single_layer""}, ""replacement"": ""single_non_background_density_layer"", ""version"": ""0.2.4-structural-ablation-v1""}"
ok,synthetic,overlap_8d__quality__n20000,StrataSCAN-NoDensityStratification,211,0.2.4,20000,8,0.008644066751003265,3.4424226731061935,5.918383464217186,297.12890625,135.4140625,297.12890625,,0.0,0.0,0,0,0.9678,known_synthetic_noise,0.9839,0.989149264566638,0.16666666666666666,1,0,0.1,0.9,full_partition,target-discovery-v1,0,0.05,0.16666666666666666,0.04878003003003003,0.0,0.02857111448233406,1,pairwise_f1,hungarian,1.0,1,1,0.0929505034539843,0.9836365484297185,0.9836365484297185,0.24195,1.0,0.9678,0.28053859661142444,0.1631549251751517,1.0,0.24195,1,macro,0,0,1.0,0.9946619807035576,0.9893806477145307,1.0,0,6,0.0,0.0,6,0,0.0,0.17326666666666668,0.0,0.050711719219219215,0.02970253061583449,"{""dimension"": 8, ""family"": ""gaussian_overlap"", ""n"": 20000}","{""ablation_of"": ""density_stratification"", ""geometry_profile"": ""high_dim"", ""knn_backend"": ""faiss_hnsw"", ""optimization_config"": {""background_recovery"": true, ""connectivity_rank"": 4, ""core_rank"": 4, ""core_threshold_rule"": ""event_sweep"", ""fixed_core_quantile"": 0.95, ""signal_strata"": ""single_layer""}, ""replacement"": ""single_non_background_density_layer"", ""version"": ""0.2.4-structural-ablation-v1""}"
ok,synthetic,overlap_8d__quality__n20000,StrataSCAN-NoDensityStratification,223,0.2.4,20000,8,0.00871468335390091,3.2865130230784416,5.7793522253632545,297.25,135.62109375,297.25,,0.4053142804455484,0.1457614109884961,0,0,0.9948,known_synthetic_noise,0.9973333333333334,0.9981303382848385,0.3333333333333333,2,1,0.1,0.9,full_partition,target-discovery-v1,0,0.05,0.3333333333333333,0.2230312928633779,0.0001351536027681913,0.20041777770490996,2,pairwise_f1,hungarian,1.0,1,2,0.3645317603990387,0.9971932638331997,0.9971932638331997,0.2488,0.9995980707395499,0.9948,0.3757689571328009,0.23136599331528,0.9997369977355457,0.2488,2,macro,1,1,0.9998666666666667,0.9990674127364775,0.998269435569755,0.9998666666666667,0,6,0.16666666666666666,0.16666666666666666,6,0,0.0,0.3396,0.16993333333333333,0.22731231373324615,0.2042915465611515,"{""dimension"": 8, ""family"": ""gaussian_overlap"", ""n"": 20000}","{""ablation_of"": ""density_stratification"", ""geometry_profile"": ""high_dim"", ""knn_backend"": ""faiss_hnsw"", ""optimization_config"": {""background_recovery"": true, ""connectivity_rank"": 4, ""core_rank"": 4, ""core_threshold_rule"": ""event_sweep"", ""fixed_core_quantile"": 0.95, ""signal_strata"": ""single_layer""}, ""replacement"": ""single_non_background_density_layer"", ""version"": ""0.2.4-structural-ablation-v1""}"
ok,synthetic,overlap_8d__quality__n20000,StrataSCAN-NoDensityStratification,227,0.2.4,20000,8,0.007635258138179779,3.2472975626587868,5.428860053420067,296.98828125,135.4453125,293.390625,,0.00045570433768529344,9.188361985141624e-06,0,0,0.9894,known_synthetic_noise,0.9945333333333333,0.9961208903910228,0.16666666666666666,1,0,0.1,0.9,full_partition,target-discovery-v1,0,0.05,0.16666666666666666,0.04843045931311296,0.00034463744141163496,0.02833156122629807,1,pairwise_f1,hungarian,1.0,1,1,0.09236158273754005,0.9941720257234726,0.9941720257234726,0.2476,0.9989903069466882,0.9894,0.2839624475873893,0.16549330969236317,0.9993559372425249,0.2476,1,macro,0,0,0.9996666666666667,0.998069755058573,0.996477937267411,0.9996666666666667,0,6,0.0,0.0,6,0,0.0,0.17053333333333334,0.0,0.04955404596917718,0.028988853446748186,"{""dimension"": 8, ""family"": ""gaussian_overlap"", ""n"": 20000}","{""ablation_of"": ""density_stratification"", ""geometry_profile"": ""high_dim"", ""knn_backend"": ""faiss_hnsw"", ""optimization_config"": {""background_recovery"": true, ""connectivity_rank"": 4, ""core_rank"": 4, ""core_threshold_rule"": ""event_sweep"", ""fixed_core_quantile"": 0.95, ""signal_strata"": ""single_layer""}, ""replacement"": ""single_non_background_density_layer"", ""version"": ""0.2.4-structural-ablation-v1""}"
ok,synthetic,rings_2d__quality__n20000,StrataSCAN-NoDensityStratification,211,0.2.4,20000,2,0.03682328760623932,1.3750063180923462,3.582097537815571,241.2109375,77.50390625,238.53125,,0.9868052144998501,0.9948154375114477,2,2,0.9565333333333333,known_synthetic_noise,0.9769666666666666,0.9574225165271786,2.0,2,1,0.1,0.9,full_partition,target-discovery-v1,0,0.05,0.9974000000000001,0.9391667654379519,0.0026000000000000003,0.8881322730582979,2,pairwise_f1,hungarian,1.0,0,4,0.9578784516651082,0.9773509076666327,0.9773509076666327,0.71805,0.9990947705591533,0.9565333333333333,0.8770706982400146,0.7842523621633415,0.9948089635854341,0.71805,4,macro,2,2,0.9974,0.9374941253877245,0.8843766625288172,0.9974,2,2,0.5,1.0,2,2,0.0,0.9974,0.5,0.9391667654379519,0.8881322730582979,"{""dimension"": 2, ""family"": ""rings"", ""n"": 20000}","{""ablation_of"": ""density_stratification"", ""geometry_profile"": ""low_dim"", ""knn_backend"": ""kd_tree"", ""optimization_config"": {""background_recovery"": true, ""connectivity_rank"": 4, ""core_rank"": 4, ""core_threshold_rule"": ""event_sweep"", ""fixed_core_quantile"": 0.95, ""signal_strata"": ""single_layer""}, ""replacement"": ""single_non_background_density_layer"", ""version"": ""0.2.4-structural-ablation-v1""}"
ok,synthetic,rings_2d__quality__n20000,StrataSCAN-NoDensityStratification,223,0.2.4,20000,2,0.03732264041900635,0.9517849087715149,3.1897406578063965,223.5234375,59.84765625,223.5234375,,0.9845094682873202,0.9936262368788377,0,0,0.9590666666666666,known_synthetic_noise,0.9779333333333333,0.9595638539313414,1.0,2,1,0.1,0.9,full_partition,target-discovery-v1,0,0.05,0.9967999999999999,0.9411231639082419,0.0032,0.8921639206934369,2,pairwise_f1,hungarian,1.0,0,2,0.9594827376163154,0.9785728861982178,0.9785728861982178,0.7201,0.9988890431884461,0.9590666666666666,0.8808567440383389,0.7910826307911147,0.9936147258903562,0.7201,2,macro,2,2,0.9968,0.940554821664465,0.8903179707038228,0.9968,0,2,0.5,1.0,2,0,0.0,0.9968,0.5,0.941123163908242,0.8921639206934368,"{""dimension"": 2, ""family"": ""rings"", ""n"": 20000}","{""ablation_of"": ""density_stratification"", ""geometry_profile"": ""low_dim"", ""knn_backend"": ""kd_tree"", ""optimization_config"": {""background_recovery"": true, ""connectivity_rank"": 4, ""core_rank"": 4, ""core_threshold_rule"": ""event_sweep"", ""fixed_core_quantile"": 0.95, ""signal_strata"": ""single_layer""}, ""replacement"": ""single_non_background_density_layer"", ""version"": ""0.2.4-structural-ablation-v1""}"
ok,synthetic,rings_2d__quality__n20000,StrataSCAN-NoDensityStratification,227,0.2.4,20000,2,0.040762320160865784,1.3515712693333626,3.7785037010908127,241.12890625,77.43359375,238.47265625,,0.986226995762709,0.99363967959073,1,1,0.9564666666666667,known_synthetic_noise,0.9766333333333334,0.957161275736056,1.5,2,1,0.1,0.9,full_partition,target-discovery-v1,0,0.05,0.9968,0.9381601767149537,0.0032,0.8867633637524177,2,pairwise_f1,hungarian,1.0,0,3,0.9572900086731883,0.9772162245002214,0.9772162245002214,0.71815,0.998886026596115,0.9564666666666667,0.8752057904574134,0.782010585476577,0.9936192076830732,0.71815,3,macro,2,2,0.9968,0.9371063269718907,0.8841582401986873,0.9968,1,2,0.5,1.0,2,1,0.0,0.9968,0.5,0.9381601767149536,0.8867633637524177,"{""dimension"": 2, ""family"": ""rings"", ""n"": 20000}","{""ablation_of"": ""density_stratification"", ""geometry_profile"": ""low_dim"", ""knn_backend"": ""kd_tree"", ""optimization_config"": {""background_recovery"": true, ""connectivity_rank"": 4, ""core_rank"": 4, ""core_threshold_rule"": ""event_sweep"", ""fixed_core_quantile"": 0.95, ""signal_strata"": ""single_layer""}, ""replacement"": ""single_non_background_density_layer"", ""version"": ""0.2.4-structural-ablation-v1""}"
ok,synthetic,ultrasparse_16d__quality__n20000,StrataSCAN-NoDensityStratification,211,0.2.4,20000,16,0.012846574187278748,2.177939750254154,6.061297811567783,219.1484375,56.46875,219.8046875,,1.0,1.0,0,0,1.0,known_synthetic_noise,1.0,1.0,1.0,12,12,0.1,0.9,full_partition,target-discovery-v1,0,0.05,1.0,1.0,0.0,1.0,12,pairwise_f1,hungarian,1.0,0,12,1.0,1.0,1.0,0.95,1.0,1.0,1.0,1.0,1.0,0.95,12,macro,12,12,1.0,1.0,1.0,1.0,0,12,1.0,1.0,12,0,0.0,1.0,1.0,1.0,1.0,"{""dimension"": 16, ""family"": ""ultrasparse"", ""n"": 20000}","{""ablation_of"": ""density_stratification"", ""geometry_profile"": ""high_dim"", ""knn_backend"": ""faiss_hnsw"", ""optimization_config"": {""background_recovery"": true, ""connectivity_rank"": 4, ""core_rank"": 4, ""core_threshold_rule"": ""event_sweep"", ""fixed_core_quantile"": 0.95, ""signal_strata"": ""single_layer""}, ""replacement"": ""single_non_background_density_layer"", ""version"": ""0.2.4-structural-ablation-v1""}"
ok,synthetic,ultrasparse_16d__quality__n20000,StrataSCAN-NoDensityStratification,223,0.2.4,20000,16,0.009199127554893494,1.625817321240902,3.784976102411747,220.75,58.140625,221.41015625,,1.0,1.0,0,0,1.0,known_synthetic_noise,1.0,1.0,1.0,12,12,0.1,0.9,full_partition,target-discovery-v1,0,0.05,1.0,1.0,0.0,1.0,12,pairwise_f1,hungarian,1.0,0,12,1.0,1.0,1.0,0.95,1.0,1.0,1.0,1.0,1.0,0.95,12,macro,12,12,1.0,1.0,1.0,1.0,0,12,1.0,1.0,12,0,0.0,1.0,1.0,1.0,1.0,"{""dimension"": 16, ""family"": ""ultrasparse"", ""n"": 20000}","{""ablation_of"": ""density_stratification"", ""geometry_profile"": ""high_dim"", ""knn_backend"": ""faiss_hnsw"", ""optimization_config"": {""background_recovery"": true, ""connectivity_rank"": 4, ""core_rank"": 4, ""core_threshold_rule"": ""event_sweep"", ""fixed_core_quantile"": 0.95, ""signal_strata"": ""single_layer""}, ""replacement"": ""single_non_background_density_layer"", ""version"": ""0.2.4-structural-ablation-v1""}"
ok,synthetic,ultrasparse_16d__quality__n20000,StrataSCAN-NoDensityStratification,227,0.2.4,20000,16,0.009946048259735107,2.048949718475342,4.500049456954002,220.5859375,58.01953125,221.39453125,,1.0,1.0,0,0,1.0,known_synthetic_noise,1.0,1.0,1.0,12,12,0.1,0.9,full_partition,target-discovery-v1,0,0.05,1.0,1.0,0.0,1.0,12,pairwise_f1,hungarian,1.0,0,12,1.0,1.0,1.0,0.95,1.0,1.0,1.0,1.0,1.0,0.95,12,macro,12,12,1.0,1.0,1.0,1.0,0,12,1.0,1.0,12,0,0.0,1.0,1.0,1.0,1.0,"{""dimension"": 16, ""family"": ""ultrasparse"", ""n"": 20000}","{""ablation_of"": ""density_stratification"", ""geometry_profile"": ""high_dim"", ""knn_backend"": ""faiss_hnsw"", ""optimization_config"": {""background_recovery"": true, ""connectivity_rank"": 4, ""core_rank"": 4, ""core_threshold_rule"": ""event_sweep"", ""fixed_core_quantile"": 0.95, ""signal_strata"": ""single_layer""}, ""replacement"": ""single_non_background_density_layer"", ""version"": ""0.2.4-structural-ablation-v1""}"
ok,synthetic,imbalanced_16d__quality__n20000,StrataSCAN,211,0.2.4,20000,16,0.010826744139194489,2.7654010504484177,4.879988506436348,245.46484375,82.86328125,245.46484375,,0.834139340549949,0.776069280663935,0,0,1.0,known_synthetic_noise,0.9312,0.9518488259176046,2.125,17,8,0.1,0.9,full_partition,target-discovery-v1,0,0.05,0.8664439320434381,0.9273912969360197,0.12911649376129658,1.0,8,pairwise_f1,hungarian,1.0,0,17,0.9518248938721288,0.9775808133472367,0.9775808133472367,0.7844,0.9561448240693524,1.0,0.8301220798741361,1.0,0.7095800900189873,0.7844,17,macro,8,6,0.8624,0.9261168384879725,1.0,0.8624,0,8,1.0,1.0,8,9,0.0,0.856,1.0,0.9210050347209547,1.0,"{""dimension"": 16, ""family"": ""gaussian_imbalanced"", ""n"": 20000}","{""ambiguous_model_confirmation_tolerance"": 1e-05, ""assignment"": ""maximum_posterior_basis_then_semantic_role"", ""background_model"": ""adaptive_gamma_basis_mixture_with_largest_rate_gap"", ""background_scan"": ""adaptive_dyadic_rank_windows_with_poisson_beta_boundary_code"", ""border_rule"": ""strict_local_core_radius"", ""component_initialization"": ""compiled_split_warm_single_start_with_guarded_confirmation"", ""component_selection"": ""semantic_icl_with_adaptive_bound"", ""connectivity"": ""density_ordered_non_merging_knn_watershed"", ""core_thresholds"": ""observed_d4_event_sweep"", ""duplicate_profile_confirmation_minimum"": 3, ""duplicate_profile_confirmation_tolerance"": 1e-08, ""extraction_objective"": ""gamma_topology_description_length"", ""fit_samples"": ""all_rows"", ""gamma_tolerance"": 0.0001, ""geometry_profile"": ""high_dim"", ""hard_component_bound"": 24, ""initial_component_bound"": 8, ""k"": 32, ""knn_backend"": ""faiss_hnsw"", ""shell_ranks"": [4, 8, 16, 32], ""stratification_model"": ""adaptive_gamma_density_basis_with_semantic_background"", ""version"": ""0.2.3""}"
ok,synthetic,imbalanced_16d__quality__n20000,StrataSCAN,223,0.2.4,20000,16,0.01093117892742157,6.849655069410801,8.933160170912743,296.69921875,134.1328125,297.265625,,0.902215698153521,0.9152670651549424,0,0,1.0,known_synthetic_noise,0.9678,0.9780546553307103,1.5,12,8,0.1,0.9,full_partition,target-discovery-v1,0,0.05,0.9320839011888378,0.9646548476006689,0.0664935718196244,1.0,8,pairwise_f1,hungarian,1.0,0,12,0.9768613110952301,0.9893806477145307,0.9893806477145307,0.7661,0.9789844667797938,1.0,0.9372927029669762,1.0,0.8819857599395496,0.7661,12,macro,8,8,0.9356,0.9667286629468899,1.0,0.9356,0,8,1.0,1.0,8,4,0.0,0.9332,1.0,0.9652760930648201,1.0,"{""dimension"": 16, ""family"": ""gaussian_imbalanced"", ""n"": 20000}","{""ambiguous_model_confirmation_tolerance"": 1e-05, ""assignment"": ""maximum_posterior_basis_then_semantic_role"", ""background_model"": ""adaptive_gamma_basis_mixture_with_largest_rate_gap"", ""background_scan"": ""adaptive_dyadic_rank_windows_with_poisson_beta_boundary_code"", ""border_rule"": ""strict_local_core_radius"", ""component_initialization"": ""compiled_split_warm_single_start_with_guarded_confirmation"", ""component_selection"": ""semantic_icl_with_adaptive_bound"", ""connectivity"": ""density_ordered_non_merging_knn_watershed"", ""core_thresholds"": ""observed_d4_event_sweep"", ""duplicate_profile_confirmation_minimum"": 3, ""duplicate_profile_confirmation_tolerance"": 1e-08, ""extraction_objective"": ""gamma_topology_description_length"", ""fit_samples"": ""all_rows"", ""gamma_tolerance"": 0.0001, ""geometry_profile"": ""high_dim"", ""hard_component_bound"": 24, ""initial_component_bound"": 8, ""k"": 32, ""knn_backend"": ""faiss_hnsw"", ""shell_ranks"": [4, 8, 16, 32], ""stratification_model"": ""adaptive_gamma_density_basis_with_semantic_background"", ""version"": ""0.2.3""}"
ok,synthetic,imbalanced_16d__quality__n20000,StrataSCAN,227,0.2.4,20000,16,0.010384142398834229,6.4789710864424706,8.460125975310802,299.3203125,136.5859375,299.3203125,,0.8925637550100891,0.892724984696104,0,0,1.0,known_synthetic_noise,0.9637,0.9751886678813215,2.0,16,8,0.1,0.9,full_partition,target-discovery-v1,0,0.05,0.9217248742417508,0.9590954911642204,0.07345088928629442,1.0,8,pairwise_f1,hungarian,1.0,0,16,0.973354874047574,0.9880446596186149,0.9880446596186149,0.76815,0.9763718023823472,1.0,0.9184881549832451,1.0,0.8492631488183245,0.76815,16,macro,8,8,0.9274,0.9623326761440282,1.0,0.9274,0,8,1.0,1.0,8,8,0.0,0.9232,1.0,0.9598482954187011,1.0,"{""dimension"": 16, ""family"": ""gaussian_imbalanced"", ""n"": 20000}","{""ambiguous_model_confirmation_tolerance"": 1e-05, ""assignment"": ""maximum_posterior_basis_then_semantic_role"", ""background_model"": ""adaptive_gamma_basis_mixture_with_largest_rate_gap"", ""background_scan"": ""adaptive_dyadic_rank_windows_with_poisson_beta_boundary_code"", ""border_rule"": ""strict_local_core_radius"", ""component_initialization"": ""compiled_split_warm_single_start_with_guarded_confirmation"", ""component_selection"": ""semantic_icl_with_adaptive_bound"", ""connectivity"": ""density_ordered_non_merging_knn_watershed"", ""core_thresholds"": ""observed_d4_event_sweep"", ""duplicate_profile_confirmation_minimum"": 3, ""duplicate_profile_confirmation_tolerance"": 1e-08, ""extraction_objective"": ""gamma_topology_description_length"", ""fit_samples"": ""all_rows"", ""gamma_tolerance"": 0.0001, ""geometry_profile"": ""high_dim"", ""hard_component_bound"": 24, ""initial_component_bound"": 8, ""k"": 32, ""knn_backend"": ""faiss_hnsw"", ""shell_ranks"": [4, 8, 16, 32], ""stratification_model"": ""adaptive_gamma_density_basis_with_semantic_background"", ""version"": ""0.2.3""}"
ok,synthetic,moons_2d__quality__n20000,StrataSCAN,211,0.2.4,20000,2,2.045641489326954,1.0321412682533264,5.044950217008591,223.80859375,59.89453125,223.80859375,,0.9397895123344471,0.971894162413997,0,0,0.9442,known_synthetic_noise,0.9705666666666667,0.9779874211387087,2.5,5,2,0.1,0.9,full_partition,target-discovery-v1,0,0.05,0.9858,0.9836669886060028,0.0030666666666666668,0.9815587780406879,2,pairwise_f1,hungarian,1.0,0,5,0.9751222512434279,0.966724685164329,0.966724685164329,0.23835,0.9903503251520873,0.9442,0.9676348168551702,0.963414169232153,0.971892607903276,0.23835,5,macro,2,2,0.9969333333333333,0.9892501571130884,0.98168450075494,0.9969333333333333,0,2,1.0,1.0,2,3,0.0,0.9858,1.0,0.9836669886060028,0.9815587780406878,"{""dimension"": 2, ""family"": ""moons"", ""n"": 20000}","{""ambiguous_model_confirmation_tolerance"": 1e-05, ""assignment"": ""maximum_posterior_basis_then_semantic_role"", ""background_model"": ""adaptive_gamma_basis_mixture_with_largest_rate_gap"", ""background_scan"": ""adaptive_dyadic_rank_windows_with_poisson_beta_boundary_code"", ""border_rule"": ""strict_local_core_radius"", ""component_initialization"": ""compiled_split_warm_single_start_with_guarded_confirmation"", ""component_selection"": ""semantic_icl_with_adaptive_bound"", ""connectivity"": ""density_ordered_non_merging_knn_watershed"", ""core_thresholds"": ""observed_d4_event_sweep"", ""duplicate_profile_confirmation_minimum"": 3, ""duplicate_profile_confirmation_tolerance"": 1e-08, ""extraction_objective"": ""gamma_topology_description_length"", ""fit_samples"": ""all_rows"", ""gamma_tolerance"": 0.0001, ""geometry_profile"": ""low_dim"", ""hard_component_bound"": 24, ""initial_component_bound"": 8, ""k"": 32, ""knn_backend"": ""kd_tree"", ""shell_ranks"": [4, 8, 16, 32], ""stratification_model"": ""adaptive_gamma_density_basis_with_semantic_background"", ""version"": ""0.2.3""}"
ok,synthetic,moons_2d__quality__n20000,StrataSCAN,223,0.2.4,20000,2,0.03566896170377731,0.8868999034166336,2.8684370070695877,223.27734375,59.375,221.47265625,,0.9838249153411354,0.9938775804308153,0,0,0.9428,known_synthetic_noise,0.9698666666666667,0.9775023852892706,1.0,2,2,0.1,0.9,full_partition,target-discovery-v1,0,0.05,0.9969333333333333,0.9890210420284304,0.0030666666666666668,0.981234034622881,2,pairwise_f1,hungarian,1.0,0,2,0.9773665897222809,0.965983606557377,0.965983606557377,0.238,0.9903361344537815,0.9428,0.9780997463319152,0.9628162294203264,0.9938763035071343,0.238,2,macro,2,2,0.9969333333333333,0.989021164021164,0.9812335958005249,0.9969333333333333,0,2,1.0,1.0,2,0,0.0,0.9969333333333333,1.0,0.9890210420284303,0.981234034622881,"{""dimension"": 2, ""family"": ""moons"", ""n"": 20000}","{""ambiguous_model_confirmation_tolerance"": 1e-05, ""assignment"": ""maximum_posterior_basis_then_semantic_role"", ""background_model"": ""adaptive_gamma_basis_mixture_with_largest_rate_gap"", ""background_scan"": ""adaptive_dyadic_rank_windows_with_poisson_beta_boundary_code"", ""border_rule"": ""strict_local_core_radius"", ""component_initialization"": ""compiled_split_warm_single_start_with_guarded_confirmation"", ""component_selection"": ""semantic_icl_with_adaptive_bound"", ""connectivity"": ""density_ordered_non_merging_knn_watershed"", ""core_thresholds"": ""observed_d4_event_sweep"", ""duplicate_profile_confirmation_minimum"": 3, ""duplicate_profile_confirmation_tolerance"": 1e-08, ""extraction_objective"": ""gamma_topology_description_length"", ""fit_samples"": ""all_rows"", ""gamma_tolerance"": 0.0001, ""geometry_profile"": ""low_dim"", ""hard_component_bound"": 24, ""initial_component_bound"": 8, ""k"": 32, ""knn_backend"": ""kd_tree"", ""shell_ranks"": [4, 8, 16, 32], ""stratification_model"": ""adaptive_gamma_density_basis_with_semantic_background"", ""version"": ""0.2.3""}"
ok,synthetic,moons_2d__quality__n20000,StrataSCAN,227,0.2.4,20000,2,0.035237617790699005,0.9833515956997871,2.962990388274193,223.8515625,60.07421875,224.6171875,,0.9804432245688436,0.9924145837836882,0,0,0.947,known_synthetic_noise,0.9716,0.9782282925528969,1.0,2,2,0.1,0.9,full_partition,target-discovery-v1,0,0.05,0.9962,0.9893406988649438,0.0038000000000000004,0.9825760545753186,2,pairwise_f1,hungarian,1.0,0,2,0.9781021235157448,0.9671160130718954,0.9671160130718954,0.2396,0.9881051752921536,0.947,0.9787463176361412,0.9654498431087982,0.9924141529981776,0.2396,2,macro,2,2,0.9962,0.9893405720338982,0.9825749605470805,0.9962,0,2,1.0,1.0,2,0,0.0,0.9962,1.0,0.9893406988649437,0.9825760545753186,"{""dimension"": 2, ""family"": ""moons"", ""n"": 20000}","{""ambiguous_model_confirmation_tolerance"": 1e-05, ""assignment"": ""maximum_posterior_basis_then_semantic_role"", ""background_model"": ""adaptive_gamma_basis_mixture_with_largest_rate_gap"", ""background_scan"": ""adaptive_dyadic_rank_windows_with_poisson_beta_boundary_code"", ""border_rule"": ""strict_local_core_radius"", ""component_initialization"": ""compiled_split_warm_single_start_with_guarded_confirmation"", ""component_selection"": ""semantic_icl_with_adaptive_bound"", ""connectivity"": ""density_ordered_non_merging_knn_watershed"", ""core_thresholds"": ""observed_d4_event_sweep"", ""duplicate_profile_confirmation_minimum"": 3, ""duplicate_profile_confirmation_tolerance"": 1e-08, ""extraction_objective"": ""gamma_topology_description_length"", ""fit_samples"": ""all_rows"", ""gamma_tolerance"": 0.0001, ""geometry_profile"": ""low_dim"", ""hard_component_bound"": 24, ""initial_component_bound"": 8, ""k"": 32, ""knn_backend"": ""kd_tree"", ""shell_ranks"": [4, 8, 16, 32], ""stratification_model"": ""adaptive_gamma_density_basis_with_semantic_background"", ""version"": ""0.2.3""}"
ok,synthetic,multidensity_2d__quality__n20000,StrataSCAN,211,0.2.4,20000,2,0.0058454349637031555,6.265853613615036,10.002866841852665,264.1953125,103.88671875,261.66796875,,0.9096104134388877,0.8696872768792115,2,2,0.9925333333333334,known_synthetic_noise,0.9933666666666667,0.9906515136188998,2.0,10,6,0.1,0.9,full_partition,target-discovery-v1,3,0.05,0.8312303059183282,0.8820136486140483,0.005752495526981753,0.9796379131595582,6,pairwise_f1,hungarian,1.5,0,12,0.9352329394923851,0.9952869605909683,0.9952869605909683,0.74585,0.9980559093651539,0.9925333333333334,0.8734840404144623,0.9598634121073918,0.8013678893995532,0.74585,12,macro,4,4,0.9942,0.9860160666468312,0.9779657682470981,0.9942,2,6,1.0,0.6666666666666666,6,6,0.0,0.8322,1.0,0.8826396595015454,0.9787602684636515,"{""dimension"": 2, ""family"": ""multidensity"", ""n"": 20000}","{""ambiguous_model_confirmation_tolerance"": 1e-05, ""assignment"": ""maximum_posterior_basis_then_semantic_role"", ""background_model"": ""adaptive_gamma_basis_mixture_with_largest_rate_gap"", ""background_scan"": ""adaptive_dyadic_rank_windows_with_poisson_beta_boundary_code"", ""border_rule"": ""strict_local_core_radius"", ""component_initialization"": ""compiled_split_warm_single_start_with_guarded_confirmation"", ""component_selection"": ""semantic_icl_with_adaptive_bound"", ""connectivity"": ""density_ordered_non_merging_knn_watershed"", ""core_thresholds"": ""observed_d4_event_sweep"", ""duplicate_profile_confirmation_minimum"": 3, ""duplicate_profile_confirmation_tolerance"": 1e-08, ""extraction_objective"": ""gamma_topology_description_length"", ""fit_samples"": ""all_rows"", ""gamma_tolerance"": 0.0001, ""geometry_profile"": ""low_dim"", ""hard_component_bound"": 24, ""initial_component_bound"": 8, ""k"": 32, ""knn_backend"": ""kd_tree"", ""shell_ranks"": [4, 8, 16, 32], ""stratification_model"": ""adaptive_gamma_density_basis_with_semantic_background"", ""version"": ""0.2.3""}"
ok,synthetic,multidensity_2d__quality__n20000,StrataSCAN,223,0.2.4,20000,2,0.004236772656440735,6.1794034987688065,9.98313906043768,264.328125,103.6875,261.828125,,0.9316635036253863,0.8818759112815804,0,0,0.9946,known_synthetic_noise,0.9952000000000001,0.9932270106814025,1.3333333333333333,8,6,0.1,0.9,full_partition,target-discovery-v1,2,0.05,0.8948009531385389,0.931124663926873,0.004288353559463435,0.9848237128403171,6,pairwise_f1,hungarian,1.3333333333333333,0,8,0.962747214888222,0.9965931863727455,0.9965931863727455,0.747,0.9985943775100402,0.9946,0.8868808623455829,0.9678846474375602,0.8183886332889851,0.747,8,macro,5,4,0.9958,0.9898608349900596,0.9839920948616601,0.9958,0,6,1.0,0.8333333333333334,6,2,0.0,0.8812,1.0,0.9226609719422361,0.984019533841443,"{""dimension"": 2, ""family"": ""multidensity"", ""n"": 20000}","{""ambiguous_model_confirmation_tolerance"": 1e-05, ""assignment"": ""maximum_posterior_basis_then_semantic_role"", ""background_model"": ""adaptive_gamma_basis_mixture_with_largest_rate_gap"", ""background_scan"": ""adaptive_dyadic_rank_windows_with_poisson_beta_boundary_code"", ""border_rule"": ""strict_local_core_radius"", ""component_initialization"": ""compiled_split_warm_single_start_with_guarded_confirmation"", ""component_selection"": ""semantic_icl_with_adaptive_bound"", ""connectivity"": ""density_ordered_non_merging_knn_watershed"", ""core_thresholds"": ""observed_d4_event_sweep"", ""duplicate_profile_confirmation_minimum"": 3, ""duplicate_profile_confirmation_tolerance"": 1e-08, ""extraction_objective"": ""gamma_topology_description_length"", ""fit_samples"": ""all_rows"", ""gamma_tolerance"": 0.0001, ""geometry_profile"": ""low_dim"", ""hard_component_bound"": 24, ""initial_component_bound"": 8, ""k"": 32, ""knn_backend"": ""kd_tree"", ""shell_ranks"": [4, 8, 16, 32], ""stratification_model"": ""adaptive_gamma_density_basis_with_semantic_background"", ""version"": ""0.2.3""}"
ok,synthetic,multidensity_2d__quality__n20000,StrataSCAN,227,0.2.4,20000,2,0.005983568727970123,6.128858029842377,9.914760038256645,246.09375,85.46484375,244.1484375,,0.9878726122777405,0.9920386396564863,0,0,0.9947333333333334,known_synthetic_noise,0.9944666666666666,0.9928238606632944,1.1666666666666667,7,6,0.1,0.9,full_partition,target-discovery-v1,0,0.05,0.9941497832353229,0.9894379257158863,0.005303768677245407,0.9847746375730161,6,pairwise_f1,hungarian,1.0,0,7,0.9929037748370987,0.9963939899833054,0.9963939899833054,0.7475,0.9980602006688963,0.9947333333333334,0.9778041735577523,0.9688063297242959,0.9869707201998242,0.7475,7,macro,6,6,0.9942,0.9892537313432835,0.9843564356435643,0.9942,0,6,1.0,1.0,6,1,0.0,0.9938,1.0,0.9891522476912973,0.9845514057916324,"{""dimension"": 2, ""family"": ""multidensity"", ""n"": 20000}","{""ambiguous_model_confirmation_tolerance"": 1e-05, ""assignment"": ""maximum_posterior_basis_then_semantic_role"", ""background_model"": ""adaptive_gamma_basis_mixture_with_largest_rate_gap"", ""background_scan"": ""adaptive_dyadic_rank_windows_with_poisson_beta_boundary_code"", ""border_rule"": ""strict_local_core_radius"", ""component_initialization"": ""compiled_split_warm_single_start_with_guarded_confirmation"", ""component_selection"": ""semantic_icl_with_adaptive_bound"", ""connectivity"": ""density_ordered_non_merging_knn_watershed"", ""core_thresholds"": ""observed_d4_event_sweep"", ""duplicate_profile_confirmation_minimum"": 3, ""duplicate_profile_confirmation_tolerance"": 1e-08, ""extraction_objective"": ""gamma_topology_description_length"", ""fit_samples"": ""all_rows"", ""gamma_tolerance"": 0.0001, ""geometry_profile"": ""low_dim"", ""hard_component_bound"": 24, ""initial_component_bound"": 8, ""k"": 32, ""knn_backend"": ""kd_tree"", ""shell_ranks"": [4, 8, 16, 32], ""stratification_model"": ""adaptive_gamma_density_basis_with_semantic_background"", ""version"": ""0.2.3""}"
ok,synthetic,overlapping_density_16d__quality__n20000,StrataSCAN,211,0.2.4,20000,16,0.01694505661725998,5.98542058467865,11.082716137170792,247.625,85.4140625,242.69140625,,0.6160362133450841,0.4432333227522058,59,41,0.2358125,known_synthetic_noise,0.5330312500000001,0.35437023814283386,7.875,22,1,0.1,0.9,full_partition,target-discovery-v1,3,0.05,0.6407963279174733,0.3724377160545089,0.16539816038597227,0.3184121646005768,8,pairwise_f1,hungarian,1.375,2,63,0.3706914437619895,0.36896147076080577,0.36896147076080577,0.2226,0.8474842767295597,0.2358125,0.051088113656856414,0.026795879843903532,0.5467829469811312,0.2226,63,macro,1,1,0.83025,0.3397790055248619,0.2135966040648315,0.83025,59,8,0.125,0.125,8,55,0.0,0.57025,0.0775,0.313001524532083,0.2661504894960217,"{""dimension"": 16, ""family"": ""overlapping_density"", ""n"": 20000}","{""ambiguous_model_confirmation_tolerance"": 1e-05, ""assignment"": ""maximum_posterior_basis_then_semantic_role"", ""background_model"": ""adaptive_gamma_basis_mixture_with_largest_rate_gap"", ""background_scan"": ""adaptive_dyadic_rank_windows_with_poisson_beta_boundary_code"", ""border_rule"": ""strict_local_core_radius"", ""component_initialization"": ""compiled_split_warm_single_start_with_guarded_confirmation"", ""component_selection"": ""semantic_icl_with_adaptive_bound"", ""connectivity"": ""density_ordered_non_merging_knn_watershed"", ""core_thresholds"": ""observed_d4_event_sweep"", ""duplicate_profile_confirmation_minimum"": 3, ""duplicate_profile_confirmation_tolerance"": 1e-08, ""extraction_objective"": ""gamma_topology_description_length"", ""fit_samples"": ""all_rows"", ""gamma_tolerance"": 0.0001, ""geometry_profile"": ""high_dim"", ""hard_component_bound"": 24, ""initial_component_bound"": 8, ""k"": 32, ""knn_backend"": ""faiss_hnsw"", ""shell_ranks"": [4, 8, 16, 32], ""stratification_model"": ""adaptive_gamma_density_basis_with_semantic_background"", ""version"": ""0.2.3""}"
ok,synthetic,overlapping_density_16d__quality__n20000,StrataSCAN,223,0.2.4,20000,16,0.015615388751029968,6.042635291814804,11.105662018060684,297.5234375,135.5,293.94921875,,0.20762589943225848,0.04349779013868062,0,0,0.9995625,known_synthetic_noise,0.54578125,0.5330406015037594,0.5,4,3,0.1,0.9,full_partition,target-discovery-v1,0,0.05,0.13708354618834218,0.18672316823001756,0.857741294575989,0.3686970511567286,3,pairwise_f1,hungarian,0.375,0,4,0.30915292043508497,0.8978526315789475,0.8978526315789475,0.98125,0.8149299363057325,0.9995625,0.04734505279370721,0.9643405867009683,0.024268260991933358,0.98125,4,macro,0,0,0.092,0.16822857142857145,0.9813333333333333,0.092,0,8,0.375,0.0,8,1,0.0,0.08875,0.25075,0.12137426456056594,0.24677154610622354,"{""dimension"": 16, ""family"": ""overlapping_density"", ""n"": 20000}","{""ambiguous_model_confirmation_tolerance"": 1e-05, ""assignment"": ""maximum_posterior_basis_then_semantic_role"", ""background_model"": ""adaptive_gamma_basis_mixture_with_largest_rate_gap"", ""background_scan"": ""adaptive_dyadic_rank_windows_with_poisson_beta_boundary_code"", ""border_rule"": ""strict_local_core_radius"", ""component_initialization"": ""compiled_split_warm_single_start_with_guarded_confirmation"", ""component_selection"": ""semantic_icl_with_adaptive_bound"", ""connectivity"": ""density_ordered_non_merging_knn_watershed"", ""core_thresholds"": ""observed_d4_event_sweep"", ""duplicate_profile_confirmation_minimum"": 3, ""duplicate_profile_confirmation_tolerance"": 1e-08, ""extraction_objective"": ""gamma_topology_description_length"", ""fit_samples"": ""all_rows"", ""gamma_tolerance"": 0.0001, ""geometry_profile"": ""high_dim"", ""hard_component_bound"": 24, ""initial_component_bound"": 8, ""k"": 32, ""knn_backend"": ""faiss_hnsw"", ""shell_ranks"": [4, 8, 16, 32], ""stratification_model"": ""adaptive_gamma_density_basis_with_semantic_background"", ""version"": ""0.2.3""}"
ok,synthetic,overlapping_density_16d__quality__n20000,StrataSCAN,227,0.2.4,20000,16,0.008495748043060303,3.3147261887788773,5.262472301721573,297.7421875,135.62890625,293.890625,,0.17293151233644063,0.03156530309791329,0,0,0.9995,known_synthetic_noise,0.5387500000000001,0.520428500249128,0.375,3,3,0.1,0.9,full_partition,target-discovery-v1,0,0.05,0.11698158764962954,0.16829879703487388,0.8830184123503705,0.3658854166666667,3,pairwise_f1,hungarian,0.375,0,3,0.2833916523819514,0.8964125560538116,0.8964125560538116,0.984,0.8126016260162602,0.9995,0.034212201857177604,0.9503676470588235,0.01741964506869873,0.984,3,macro,0,0,0.078,0.14444444444444443,0.975,0.078,0,8,0.375,0.0,8,0,0.0,0.078,0.266,0.11363873001020534,0.2596365327380952,"{""dimension"": 16, ""family"": ""overlapping_density"", ""n"": 20000}","{""ambiguous_model_confirmation_tolerance"": 1e-05, ""assignment"": ""maximum_posterior_basis_then_semantic_role"", ""background_model"": ""adaptive_gamma_basis_mixture_with_largest_rate_gap"", ""background_scan"": ""adaptive_dyadic_rank_windows_with_poisson_beta_boundary_code"", ""border_rule"": ""strict_local_core_radius"", ""component_initialization"": ""compiled_split_warm_single_start_with_guarded_confirmation"", ""component_selection"": ""semantic_icl_with_adaptive_bound"", ""connectivity"": ""density_ordered_non_merging_knn_watershed"", ""core_thresholds"": ""observed_d4_event_sweep"", ""duplicate_profile_confirmation_minimum"": 3, ""duplicate_profile_confirmation_tolerance"": 1e-08, ""extraction_objective"": ""gamma_topology_description_length"", ""fit_samples"": ""all_rows"", ""gamma_tolerance"": 0.0001, ""geometry_profile"": ""high_dim"", ""hard_component_bound"": 24, ""initial_component_bound"": 8, ""k"": 32, ""knn_backend"": ""faiss_hnsw"", ""shell_ranks"": [4, 8, 16, 32], ""stratification_model"": ""adaptive_gamma_density_basis_with_semantic_background"", ""version"": ""0.2.3""}"
ok,synthetic,overlap_8d__quality__n20000,StrataSCAN,211,0.2.4,20000,8,0.007583044469356537,3.144354522228241,5.283983446657658,297.015625,135.41015625,297.015625,,0.7712218694844407,0.7167965613077247,0,0,0.9992,known_synthetic_noise,0.9233,0.8653073161462121,7.833333333333333,47,6,0.1,0.9,full_partition,target-discovery-v1,1,0.05,0.807331578697632,0.8909828197886022,0.15271283487712908,0.9968330985932025,6,pairwise_f1,hungarian,1.1666666666666667,0,47,0.8503981006121459,0.8133496133496134,0.8133496133496134,0.36425,0.6857927247769389,0.9992,0.7938149632204015,0.9943567848196364,0.6605876769203085,0.36425,47,macro,6,3,0.8474,0.9172650189428109,0.9996854109319702,0.8474,0,6,1.0,1.0,6,41,0.0,0.808,1.0,0.8914195609970061,0.996876936795901,"{""dimension"": 8, ""family"": ""gaussian_overlap"", ""n"": 20000}","{""ambiguous_model_confirmation_tolerance"": 1e-05, ""assignment"": ""maximum_posterior_basis_then_semantic_role"", ""background_model"": ""adaptive_gamma_basis_mixture_with_largest_rate_gap"", ""background_scan"": ""adaptive_dyadic_rank_windows_with_poisson_beta_boundary_code"", ""border_rule"": ""strict_local_core_radius"", ""component_initialization"": ""compiled_split_warm_single_start_with_guarded_confirmation"", ""component_selection"": ""semantic_icl_with_adaptive_bound"", ""connectivity"": ""density_ordered_non_merging_knn_watershed"", ""core_thresholds"": ""observed_d4_event_sweep"", ""duplicate_profile_confirmation_minimum"": 3, ""duplicate_profile_confirmation_tolerance"": 1e-08, ""extraction_objective"": ""gamma_topology_description_length"", ""fit_samples"": ""all_rows"", ""gamma_tolerance"": 0.0001, ""geometry_profile"": ""high_dim"", ""hard_component_bound"": 24, ""initial_component_bound"": 8, ""k"": 32, ""knn_backend"": ""faiss_hnsw"", ""shell_ranks"": [4, 8, 16, 32], ""stratification_model"": ""adaptive_gamma_density_basis_with_semantic_background"", ""version"": ""0.2.3""}"
ok,synthetic,overlap_8d__quality__n20000,StrataSCAN,223,0.2.4,20000,8,0.007126800715923309,2.958980269730091,4.9802277982234955,297.1484375,135.640625,293.2578125,,0.7204475939327779,0.643847434804441,0,0,0.9994,known_synthetic_noise,0.9174333333333333,0.8560123056743374,8.333333333333334,50,6,0.1,0.9,full_partition,target-discovery-v1,1,0.05,0.7402797485142983,0.8349384649402508,0.1645482750492029,0.980565984796351,6,pairwise_f1,hungarian,1.1666666666666667,0,50,0.8180155146111475,0.8017649418371441,0.8017649418371441,0.37325,0.669390488948426,0.9994,0.7319052304917458,0.962995578306885,0.5902602863700503,0.37325,50,macro,5,2,0.8354666666666667,0.9102596695115308,0.9997606701236538,0.8354666666666667,0,6,1.0,0.8333333333333334,6,44,0.0,0.7394,1.0,0.8342392935328479,0.9805102529832878,"{""dimension"": 8, ""family"": ""gaussian_overlap"", ""n"": 20000}","{""ambiguous_model_confirmation_tolerance"": 1e-05, ""assignment"": ""maximum_posterior_basis_then_semantic_role"", ""background_model"": ""adaptive_gamma_basis_mixture_with_largest_rate_gap"", ""background_scan"": ""adaptive_dyadic_rank_windows_with_poisson_beta_boundary_code"", ""border_rule"": ""strict_local_core_radius"", ""component_initialization"": ""compiled_split_warm_single_start_with_guarded_confirmation"", ""component_selection"": ""semantic_icl_with_adaptive_bound"", ""connectivity"": ""density_ordered_non_merging_knn_watershed"", ""core_thresholds"": ""observed_d4_event_sweep"", ""duplicate_profile_confirmation_minimum"": 3, ""duplicate_profile_confirmation_tolerance"": 1e-08, ""extraction_objective"": ""gamma_topology_description_length"", ""fit_samples"": ""all_rows"", ""gamma_tolerance"": 0.0001, ""geometry_profile"": ""high_dim"", ""hard_component_bound"": 24, ""initial_component_bound"": 8, ""k"": 32, ""knn_backend"": ""faiss_hnsw"", ""shell_ranks"": [4, 8, 16, 32], ""stratification_model"": ""adaptive_gamma_density_basis_with_semantic_background"", ""version"": ""0.2.3""}"
ok,synthetic,overlap_8d__quality__n20000,StrataSCAN,227,0.2.4,20000,8,0.00747855007648468,3.4097875133156776,5.567077644169331,297.04296875,135.13671875,293.4453125,,0.7744615104052729,0.737476860671134,0,0,0.999,known_synthetic_noise,0.9256333333333333,0.8690955518453387,8.333333333333334,50,6,0.1,0.9,full_partition,target-discovery-v1,0,0.05,0.8304874167308668,0.9039616559852844,0.14742638555600315,0.9920252106151747,6,pairwise_f1,hungarian,1.0,0,50,0.8588984695883667,0.8181148145115059,0.8181148145115059,0.36055,0.6926917209818333,0.999,0.8105746506126169,0.9839679270196825,0.6891361627610327,0.36055,50,macro,6,4,0.8522666666666666,0.9200762891791715,0.999609039017906,0.8522666666666666,0,6,1.0,1.0,6,44,0.0,0.8302,1.0,0.9037984959544324,0.9920347791809525,"{""dimension"": 8, ""family"": ""gaussian_overlap"", ""n"": 20000}","{""ambiguous_model_confirmation_tolerance"": 1e-05, ""assignment"": ""maximum_posterior_basis_then_semantic_role"", ""background_model"": ""adaptive_gamma_basis_mixture_with_largest_rate_gap"", ""background_scan"": ""adaptive_dyadic_rank_windows_with_poisson_beta_boundary_code"", ""border_rule"": ""strict_local_core_radius"", ""component_initialization"": ""compiled_split_warm_single_start_with_guarded_confirmation"", ""component_selection"": ""semantic_icl_with_adaptive_bound"", ""connectivity"": ""density_ordered_non_merging_knn_watershed"", ""core_thresholds"": ""observed_d4_event_sweep"", ""duplicate_profile_confirmation_minimum"": 3, ""duplicate_profile_confirmation_tolerance"": 1e-08, ""extraction_objective"": ""gamma_topology_description_length"", ""fit_samples"": ""all_rows"", ""gamma_tolerance"": 0.0001, ""geometry_profile"": ""high_dim"", ""hard_component_bound"": 24, ""initial_component_bound"": 8, ""k"": 32, ""knn_backend"": ""faiss_hnsw"", ""shell_ranks"": [4, 8, 16, 32], ""stratification_model"": ""adaptive_gamma_density_basis_with_semantic_background"", ""version"": ""0.2.3""}"
ok,synthetic,rings_2d__quality__n20000,StrataSCAN,211,0.2.4,20000,2,0.03297119587659836,1.284586176276207,3.2475025206804276,241.1171875,77.42578125,238.5390625,,0.8122720669584984,0.8082033993429412,3,2,0.959,known_synthetic_noise,0.9761,0.9583015346394146,3.0,4,1,0.1,0.9,full_partition,target-discovery-v1,1,0.05,0.8754,0.8828856064157246,0.0068000000000000005,0.8940071918989863,2,pairwise_f1,hungarian,1.5,0,6,0.9279847685823456,0.9779394269009822,0.9779394269009822,0.72095,0.9976420001387059,0.959,0.8098338934163255,0.8115075694539652,0.8081671068427371,0.72095,6,macro,2,1,0.9932,0.938663642377847,0.8898046944991936,0.9932,3,2,0.5,1.0,2,4,0.0,0.8754,0.5,0.8828856064157246,0.8940071918989863,"{""dimension"": 2, ""family"": ""rings"", ""n"": 20000}","{""ambiguous_model_confirmation_tolerance"": 1e-05, ""assignment"": ""maximum_posterior_basis_then_semantic_role"", ""background_model"": ""adaptive_gamma_basis_mixture_with_largest_rate_gap"", ""background_scan"": ""adaptive_dyadic_rank_windows_with_poisson_beta_boundary_code"", ""border_rule"": ""strict_local_core_radius"", ""component_initialization"": ""compiled_split_warm_single_start_with_guarded_confirmation"", ""component_selection"": ""semantic_icl_with_adaptive_bound"", ""connectivity"": ""density_ordered_non_merging_knn_watershed"", ""core_thresholds"": ""observed_d4_event_sweep"", ""duplicate_profile_confirmation_minimum"": 3, ""duplicate_profile_confirmation_tolerance"": 1e-08, ""extraction_objective"": ""gamma_topology_description_length"", ""fit_samples"": ""all_rows"", ""gamma_tolerance"": 0.0001, ""geometry_profile"": ""low_dim"", ""hard_component_bound"": 24, ""initial_component_bound"": 8, ""k"": 32, ""knn_backend"": ""kd_tree"", ""shell_ranks"": [4, 8, 16, 32], ""stratification_model"": ""adaptive_gamma_density_basis_with_semantic_background"", ""version"": ""0.2.3""}"
ok,synthetic,rings_2d__quality__n20000,StrataSCAN,223,0.2.4,20000,2,0.03337055444717407,0.8980513885617256,2.8472950756549835,223.8203125,60.18359375,223.8203125,,0.9621882454917374,0.9821648490078625,0,0,0.9614,known_synthetic_noise,0.9762,0.9597931465639938,1.0,2,1,0.1,0.9,full_partition,target-discovery-v1,0,0.05,0.991,0.941368683662996,0.009,0.8972732396400942,2,pairwise_f1,hungarian,1.0,0,2,0.9597305832538043,0.9788230502952556,0.9788230502952556,0.7233,0.9968892575694732,0.9614,0.881857697165059,0.8001791098031513,0.9821066026410564,0.7233,2,macro,2,2,0.991,0.940763242832732,0.8953740513191182,0.991,0,2,0.5,1.0,2,0,0.0,0.991,0.5,0.9413686836629961,0.8972732396400941,"{""dimension"": 2, ""family"": ""rings"", ""n"": 20000}","{""ambiguous_model_confirmation_tolerance"": 1e-05, ""assignment"": ""maximum_posterior_basis_then_semantic_role"", ""background_model"": ""adaptive_gamma_basis_mixture_with_largest_rate_gap"", ""background_scan"": ""adaptive_dyadic_rank_windows_with_poisson_beta_boundary_code"", ""border_rule"": ""strict_local_core_radius"", ""component_initialization"": ""compiled_split_warm_single_start_with_guarded_confirmation"", ""component_selection"": ""semantic_icl_with_adaptive_bound"", ""connectivity"": ""density_ordered_non_merging_knn_watershed"", ""core_thresholds"": ""observed_d4_event_sweep"", ""duplicate_profile_confirmation_minimum"": 3, ""duplicate_profile_confirmation_tolerance"": 1e-08, ""extraction_objective"": ""gamma_topology_description_length"", ""fit_samples"": ""all_rows"", ""gamma_tolerance"": 0.0001, ""geometry_profile"": ""low_dim"", ""hard_component_bound"": 24, ""initial_component_bound"": 8, ""k"": 32, ""knn_backend"": ""kd_tree"", ""shell_ranks"": [4, 8, 16, 32], ""stratification_model"": ""adaptive_gamma_density_basis_with_semantic_background"", ""version"": ""0.2.3""}"
ok,synthetic,rings_2d__quality__n20000,StrataSCAN,227,0.2.4,20000,2,0.03315306454896927,1.2087493240833282,3.178568460047245,241.0390625,77.37890625,238.4609375,,0.5425818647939383,0.35319400444762544,1,1,0.9599333333333333,known_synthetic_noise,0.9761666666666666,0.9588992235687057,5.0,9,1,0.1,0.9,full_partition,target-discovery-v1,4,0.05,0.4484,0.5964490547935319,0.007600000000000001,0.8906076599071833,2,pairwise_f1,hungarian,3.0,0,10,0.7410761002438564,0.978292624927812,0.978292624927812,0.72185,0.9973678742120939,0.9599333333333333,0.4888326830143779,0.7939230038433303,0.3531308523409364,0.72185,10,macro,0,0,0.9924,0.9395058222095996,0.891964767211936,0.9924,1,2,0.5,0.0,2,8,0.0,0.4484,0.5,0.5964490547935319,0.8906076599071832,"{""dimension"": 2, ""family"": ""rings"", ""n"": 20000}","{""ambiguous_model_confirmation_tolerance"": 1e-05, ""assignment"": ""maximum_posterior_basis_then_semantic_role"", ""background_model"": ""adaptive_gamma_basis_mixture_with_largest_rate_gap"", ""background_scan"": ""adaptive_dyadic_rank_windows_with_poisson_beta_boundary_code"", ""border_rule"": ""strict_local_core_radius"", ""component_initialization"": ""compiled_split_warm_single_start_with_guarded_confirmation"", ""component_selection"": ""semantic_icl_with_adaptive_bound"", ""connectivity"": ""density_ordered_non_merging_knn_watershed"", ""core_thresholds"": ""observed_d4_event_sweep"", ""duplicate_profile_confirmation_minimum"": 3, ""duplicate_profile_confirmation_tolerance"": 1e-08, ""extraction_objective"": ""gamma_topology_description_length"", ""fit_samples"": ""all_rows"", ""gamma_tolerance"": 0.0001, ""geometry_profile"": ""low_dim"", ""hard_component_bound"": 24, ""initial_component_bound"": 8, ""k"": 32, ""knn_backend"": ""kd_tree"", ""shell_ranks"": [4, 8, 16, 32], ""stratification_model"": ""adaptive_gamma_density_basis_with_semantic_background"", ""version"": ""0.2.3""}"
ok,synthetic,ultrasparse_16d__quality__n20000,StrataSCAN,211,0.2.4,20000,16,0.010554932057857513,5.729337252676487,9.522491693496704,251.625,88.23046875,252.00390625,,0.9941230640133141,0.9944958469582803,0,0,1.0,known_synthetic_noise,0.9975,0.9986810863496064,1.0,12,12,0.1,0.9,full_partition,target-discovery-v1,0,0.05,0.9950157773952956,0.9974747474747475,0.004984222604704532,1.0,12,pairwise_f1,hungarian,1.0,0,12,0.9986701585746495,0.9998684383633732,0.9998684383633732,0.95025,0.9997369113391212,1.0,0.9949954837292191,1.0,0.9900408083948699,0.95025,12,macro,12,12,0.995,0.9974937343358395,1.0,0.995,0,12,1.0,1.0,12,0,0.0,0.995,1.0,0.9974666666666667,1.0,"{""dimension"": 16, ""family"": ""ultrasparse"", ""n"": 20000}","{""ambiguous_model_confirmation_tolerance"": 1e-05, ""assignment"": ""maximum_posterior_basis_then_semantic_role"", ""background_model"": ""adaptive_gamma_basis_mixture_with_largest_rate_gap"", ""background_scan"": ""adaptive_dyadic_rank_windows_with_poisson_beta_boundary_code"", ""border_rule"": ""strict_local_core_radius"", ""component_initialization"": ""compiled_split_warm_single_start_with_guarded_confirmation"", ""component_selection"": ""semantic_icl_with_adaptive_bound"", ""connectivity"": ""density_ordered_non_merging_knn_watershed"", ""core_thresholds"": ""observed_d4_event_sweep"", ""duplicate_profile_confirmation_minimum"": 3, ""duplicate_profile_confirmation_tolerance"": 1e-08, ""extraction_objective"": ""gamma_topology_description_length"", ""fit_samples"": ""all_rows"", ""gamma_tolerance"": 0.0001, ""geometry_profile"": ""high_dim"", ""hard_component_bound"": 24, ""initial_component_bound"": 8, ""k"": 32, ""knn_backend"": ""faiss_hnsw"", ""shell_ranks"": [4, 8, 16, 32], ""stratification_model"": ""adaptive_gamma_density_basis_with_semantic_background"", ""version"": ""0.2.3""}"
ok,synthetic,ultrasparse_16d__quality__n20000,StrataSCAN,223,0.2.4,20000,16,0.008640803396701813,1.4482760280370712,3.34274385869503,220.7734375,58.203125,221.5390625,,0.9959687302883198,0.9966819833961919,0,0,1.0,known_synthetic_noise,0.9984999999999999,0.9992094027418519,1.0,12,12,0.1,0.9,full_partition,target-discovery-v1,0,0.05,0.9969999043794225,0.998490896993891,0.0030000956205775485,1.0,12,pairwise_f1,hungarian,1.0,0,12,0.9992054661817504,0.9999210588637739,0.9999210588637739,0.95015,0.99984213018997,1.0,0.9969910706672026,1.0,0.9940001943256899,0.95015,12,macro,12,12,0.997,0.99849774661993,1.0,0.997,0,12,1.0,1.0,12,0,0.0,0.997,1.0,0.9984909453819634,1.0,"{""dimension"": 16, ""family"": ""ultrasparse"", ""n"": 20000}","{""ambiguous_model_confirmation_tolerance"": 1e-05, ""assignment"": ""maximum_posterior_basis_then_semantic_role"", ""background_model"": ""adaptive_gamma_basis_mixture_with_largest_rate_gap"", ""background_scan"": ""adaptive_dyadic_rank_windows_with_poisson_beta_boundary_code"", ""border_rule"": ""strict_local_core_radius"", ""component_initialization"": ""compiled_split_warm_single_start_with_guarded_confirmation"", ""component_selection"": ""semantic_icl_with_adaptive_bound"", ""connectivity"": ""density_ordered_non_merging_knn_watershed"", ""core_thresholds"": ""observed_d4_event_sweep"", ""duplicate_profile_confirmation_minimum"": 3, ""duplicate_profile_confirmation_tolerance"": 1e-08, ""extraction_objective"": ""gamma_topology_description_length"", ""fit_samples"": ""all_rows"", ""gamma_tolerance"": 0.0001, ""geometry_profile"": ""high_dim"", ""hard_component_bound"": 24, ""initial_component_bound"": 8, ""k"": 32, ""knn_backend"": ""faiss_hnsw"", ""shell_ranks"": [4, 8, 16, 32], ""stratification_model"": ""adaptive_gamma_density_basis_with_semantic_background"", ""version"": ""0.2.3""}"
ok,synthetic,ultrasparse_16d__quality__n20000,StrataSCAN,227,0.2.4,20000,16,0.018574684858322144,4.120371595025063,9.14983855187893,220.828125,58.16796875,221.6796875,,0.9957522341577563,0.9956429952427497,0,0,1.0,known_synthetic_noise,0.998,0.9989453699526196,1.0,12,12,0.1,0.9,full_partition,target-discovery-v1,0,0.05,0.9960197934595526,0.9979797979797981,0.003980206540447504,1.0,12,pairwise_f1,hungarian,1.0,0,12,0.9989363552169148,0.9998947479212714,0.9998947479212714,0.9502,0.9997895179962113,1.0,0.9960003902058335,1.0,0.9920326467158959,0.9502,12,macro,12,12,0.996,0.9979959919839679,1.0,0.996,0,12,1.0,1.0,12,0,0.0,0.996,1.0,0.997969696969697,1.0,"{""dimension"": 16, ""family"": ""ultrasparse"", ""n"": 20000}","{""ambiguous_model_confirmation_tolerance"": 1e-05, ""assignment"": ""maximum_posterior_basis_then_semantic_role"", ""background_model"": ""adaptive_gamma_basis_mixture_with_largest_rate_gap"", ""background_scan"": ""adaptive_dyadic_rank_windows_with_poisson_beta_boundary_code"", ""border_rule"": ""strict_local_core_radius"", ""component_initialization"": ""compiled_split_warm_single_start_with_guarded_confirmation"", ""component_selection"": ""semantic_icl_with_adaptive_bound"", ""connectivity"": ""density_ordered_non_merging_knn_watershed"", ""core_thresholds"": ""observed_d4_event_sweep"", ""duplicate_profile_confirmation_minimum"": 3, ""duplicate_profile_confirmation_tolerance"": 1e-08, ""extraction_objective"": ""gamma_topology_description_length"", ""fit_samples"": ""all_rows"", ""gamma_tolerance"": 0.0001, ""geometry_profile"": ""high_dim"", ""hard_component_bound"": 24, ""initial_component_bound"": 8, ""k"": 32, ""knn_backend"": ""faiss_hnsw"", ""shell_ranks"": [4, 8, 16, 32], ""stratification_model"": ""adaptive_gamma_density_basis_with_semantic_background"", ""version"": ""0.2.3""}"
